,MS SubClass,Lot Frontage,Lot Area,Neighborhood,Overall Qual,Year Built,Year Remod/Add,Exterior 1st,Exterior 2nd,Mas Vnr Area,BsmtFin SF 1,BsmtFin SF 2,Bsmt Unf SF,Total Bsmt SF,1st Flr SF,2nd Flr SF,Low Qual Fin SF,Gr Liv Area,TotRms AbvGrd,Garage Yr Blt,Garage Area,Wood Deck SF,Open Porch SF,Enclosed Porch,3Ssn Porch,Screen Porch,Pool Area,Misc Val,Mo Sold,Sale Type,SalePrice
0,20,141.0,31770,NAmes,6,1960,1960,BrkFace,Plywood,112.0,639.0,0.0,441.0,1080.0,1656,0,0,1656,7,1960.0,528.0,210,62,0,0,0,0,0,5,WD ,215000
1,20,80.0,11622,NAmes,5,1961,1961,VinylSd,VinylSd,0.0,468.0,144.0,270.0,882.0,896,0,0,896,5,1961.0,730.0,140,0,0,0,120,0,0,6,WD ,105000
2,20,81.0,14267,NAmes,6,1958,1958,Wd Sdng,Wd Sdng,108.0,923.0,0.0,406.0,1329.0,1329,0,0,1329,6,1958.0,312.0,393,36,0,0,0,0,12500,6,WD ,172000
3,20,93.0,11160,NAmes,7,1968,1968,BrkFace,BrkFace,0.0,1065.0,0.0,1045.0,2110.0,2110,0,0,2110,8,1968.0,522.0,0,0,0,0,0,0,0,4,WD ,244000
4,60,74.0,13830,Gilbert,5,1997,1998,VinylSd,VinylSd,0.0,791.0,0.0,137.0,928.0,928,701,0,1629,6,1997.0,482.0,212,34,0,0,0,0,0,3,WD ,189900
5,60,78.0,9978,Gilbert,6,1998,1998,VinylSd,VinylSd,20.0,602.0,0.0,324.0,926.0,926,678,0,1604,7,1998.0,470.0,360,36,0,0,0,0,0,6,WD ,195500
6,120,41.0,4920,StoneBr,8,2001,2001,CemntBd,CmentBd,0.0,616.0,0.0,722.0,1338.0,1338,0,0,1338,6,2001.0,582.0,0,0,170,0,0,0,0,4,WD ,213500
7,120,43.0,5005,StoneBr,8,1992,1992,HdBoard,HdBoard,0.0,263.0,0.0,1017.0,1280.0,1280,0,0,1280,5,1992.0,506.0,0,82,0,0,144,0,0,1,WD ,191500
8,120,39.0,5389,StoneBr,8,1995,1996,CemntBd,CmentBd,0.0,1180.0,0.0,415.0,1595.0,1616,0,0,1616,5,1995.0,608.0,237,152,0,0,0,0,0,3,WD ,236500
9,60,60.0,7500,Gilbert,7,1999,1999,VinylSd,VinylSd,0.0,0.0,0.0,994.0,994.0,1028,776,0,1804,7,1999.0,442.0,140,60,0,0,0,0,0,6,WD ,189000
10,60,75.0,10000,Gilbert,6,1993,1994,HdBoard,HdBoard,0.0,0.0,0.0,763.0,763.0,763,892,0,1655,7,1993.0,440.0,157,84,0,0,0,0,0,4,WD ,175900
11,20,,7980,Gilbert,6,1992,2007,HdBoard,HdBoard,0.0,935.0,0.0,233.0,1168.0,1187,0,0,1187,6,1992.0,420.0,483,21,0,0,0,0,500,3,WD ,185000
12,60,63.0,8402,Gilbert,6,1998,1998,VinylSd,VinylSd,0.0,0.0,0.0,789.0,789.0,789,676,0,1465,7,1998.0,393.0,0,75,0,0,0,0,0,5,WD ,180400
13,20,85.0,10176,Gilbert,7,1990,1990,HdBoard,HdBoard,0.0,637.0,0.0,663.0,1300.0,1341,0,0,1341,5,1990.0,506.0,192,0,0,0,0,0,0,2,WD ,171500
14,120,,6820,StoneBr,8,1985,1985,HdBoard,HdBoard,0.0,368.0,1120.0,0.0,1488.0,1502,0,0,1502,4,1985.0,528.0,0,54,0,0,140,0,0,6,WD ,212000
15,60,47.0,53504,StoneBr,8,2003,2003,CemntBd,Wd Shng,603.0,1416.0,0.0,234.0,1650.0,1690,1589,0,3279,12,2003.0,841.0,503,36,0,0,210,0,0,6,WD ,538000
16,50,152.0,12134,Gilbert,8,1988,2005,Wd Sdng,Wd Sdng,0.0,427.0,0.0,132.0,559.0,1080,672,0,1752,8,1988.0,492.0,325,12,0,0,0,0,0,6,WD ,164000
17,20,88.0,11394,StoneBr,9,2010,2010,VinylSd,VinylSd,350.0,1445.0,0.0,411.0,1856.0,1856,0,0,1856,8,2010.0,834.0,113,0,0,0,0,0,0,6,New,394432
18,20,140.0,19138,Gilbert,4,1951,1951,VinylSd,VinylSd,0.0,120.0,0.0,744.0,864.0,864,0,0,864,4,1951.0,400.0,0,0,0,0,0,0,0,6,WD ,141000
19,20,85.0,13175,NWAmes,6,1978,1988,Plywood,Plywood,119.0,790.0,163.0,589.0,1542.0,2073,0,0,2073,7,1978.0,500.0,349,0,0,0,0,0,0,2,WD ,210000
20,20,105.0,11751,NWAmes,6,1977,1977,Plywood,Plywood,480.0,705.0,0.0,1139.0,1844.0,1844,0,0,1844,7,1977.0,546.0,0,122,0,0,0,0,0,1,COD,190000
21,85,85.0,10625,NWAmes,7,1974,1974,Plywood,Plywood,81.0,885.0,168.0,0.0,1053.0,1173,0,0,1173,6,1974.0,528.0,0,120,0,0,0,0,0,1,WD ,170000
22,60,,7500,Somerst,7,2000,2000,VinylSd,VinylSd,0.0,533.0,0.0,281.0,814.0,814,860,0,1674,7,2000.0,663.0,0,96,0,0,0,0,0,1,WD ,216000
23,20,,11241,NAmes,6,1970,1970,Wd Sdng,Wd Sdng,180.0,578.0,0.0,426.0,1004.0,1004,0,0,1004,5,1970.0,480.0,0,0,0,0,0,0,700,3,WD ,149000
24,20,,12537,NAmes,5,1971,2008,VinylSd,VinylSd,0.0,734.0,0.0,344.0,1078.0,1078,0,0,1078,6,1971.0,500.0,0,0,0,0,0,0,0,4,WD ,149900
25,20,65.0,8450,NAmes,5,1968,1968,VinylSd,VinylSd,0.0,775.0,0.0,281.0,1056.0,1056,0,0,1056,6,1968.0,304.0,0,85,184,0,0,0,0,7,WD ,142000
26,20,70.0,8400,NAmes,4,1970,1970,Plywood,Plywood,0.0,804.0,78.0,0.0,882.0,882,0,0,882,4,1970.0,525.0,240,0,0,0,0,0,0,4,WD ,126000
27,20,70.0,10500,NAmes,4,1971,1971,HdBoard,HdBoard,0.0,432.0,0.0,432.0,864.0,864,0,0,864,5,,0.0,0,0,0,0,0,0,0,4,ConLI,115000
28,120,26.0,5858,NAmes,7,1999,1999,MetalSd,MetalSd,0.0,1051.0,0.0,354.0,1405.0,1337,0,0,1337,5,1999.0,511.0,203,68,0,0,0,0,0,6,WD ,184000
29,160,21.0,1680,BrDale,6,1971,1971,HdBoard,HdBoard,504.0,156.0,0.0,327.0,483.0,483,504,0,987,5,1971.0,264.0,275,0,0,0,0,0,0,2,COD,96000
30,160,21.0,1680,BrDale,5,1971,1971,HdBoard,HdBoard,492.0,300.0,0.0,225.0,525.0,525,567,0,1092,6,1997.0,320.0,0,0,0,0,0,0,0,3,WD ,105500
31,160,21.0,1680,BrDale,6,1971,1971,HdBoard,ImStucc,381.0,0.0,0.0,525.0,525.0,525,567,0,1092,6,1971.0,264.0,0,0,0,0,0,0,0,3,WD ,88000
32,120,53.0,4043,NPkVill,6,1977,1977,Plywood,Plywood,0.0,360.0,0.0,709.0,1069.0,1069,0,0,1069,4,1977.0,440.0,0,55,0,0,165,0,0,7,WD ,127500
33,160,24.0,2280,NPkVill,6,1975,1975,Plywood,Brk Cmn,0.0,514.0,0.0,341.0,855.0,855,601,0,1456,6,1975.0,440.0,173,0,0,0,0,0,0,6,WD ,149900
34,120,24.0,2280,NPkVill,7,1975,1975,Plywood,Brk Cmn,0.0,0.0,0.0,836.0,836.0,836,0,0,836,4,1975.0,308.0,0,30,0,0,0,0,0,6,WD ,120000
35,160,24.0,2280,NPkVill,6,1978,1978,Plywood,Brk Cmn,0.0,311.0,0.0,544.0,855.0,855,601,0,1456,7,1978.0,440.0,26,0,0,0,0,0,0,7,WD ,146000
36,60,102.0,12858,NridgHt,9,2009,2010,VinylSd,VinylSd,162.0,0.0,0.0,1590.0,1590.0,1627,707,0,2334,10,2009.0,751.0,144,133,0,0,0,0,0,1,New,376162
37,20,98.0,11478,NridgHt,8,2007,2008,VinylSd,VinylSd,200.0,1218.0,0.0,486.0,1704.0,1704,0,0,1704,7,2008.0,772.0,0,50,0,0,0,0,0,5,WD ,306000
38,20,83.0,10159,NridgHt,9,2009,2010,VinylSd,VinylSd,450.0,1646.0,0.0,284.0,1930.0,1940,0,0,1940,8,2010.0,606.0,168,95,0,0,0,0,0,4,New,395192
39,20,94.0,12883,NridgHt,8,2009,2010,VinylSd,VinylSd,256.0,0.0,0.0,1544.0,1544.0,1544,0,0,1544,7,2009.0,868.0,0,35,0,0,0,0,0,6,New,290941
40,20,95.0,12182,NridgHt,7,2005,2005,VinylSd,VinylSd,226.0,1201.0,0.0,340.0,1541.0,1541,0,0,1541,7,2005.0,532.0,0,70,0,0,0,0,0,5,New,220000
41,20,90.0,11520,NridgHt,9,2005,2005,VinylSd,VinylSd,615.0,110.0,0.0,1588.0,1698.0,1698,0,0,1698,7,2005.0,730.0,192,74,0,0,0,0,0,6,WD ,275000
42,20,79.0,14122,NridgHt,8,2005,2006,CemntBd,CmentBd,240.0,28.0,0.0,1794.0,1822.0,1822,0,0,1822,8,2005.0,678.0,0,119,0,0,0,0,0,2,WD ,259000
43,20,70.0,10171,NridgHt,7,2004,2004,VinylSd,VinylSd,168.0,2.0,0.0,1515.0,1517.0,1535,0,0,1535,7,2004.0,532.0,0,0,0,0,0,0,0,3,WD ,214000
44,20,100.0,12919,NridgHt,9,2009,2010,VinylSd,VinylSd,760.0,2188.0,0.0,142.0,2330.0,2364,0,0,2364,11,2009.0,820.0,0,67,0,0,0,0,0,3,New,611657
45,120,44.0,6371,NridgHt,7,2009,2010,VinylSd,VinylSd,128.0,733.0,0.0,625.0,1358.0,1358,0,0,1358,6,2010.0,484.0,192,35,0,0,0,0,0,6,New,224000
46,20,110.0,14300,NridgHt,9,2003,2004,VinylSd,VinylSd,1095.0,1373.0,0.0,1473.0,2846.0,2696,0,0,2696,10,2003.0,958.0,220,150,0,0,0,0,0,6,WD ,500000
47,60,105.0,13650,NridgHt,8,2002,2002,VinylSd,VinylSd,232.0,578.0,0.0,1093.0,1671.0,1687,563,0,2250,7,2002.0,756.0,238,130,0,0,0,0,0,6,WD ,320000
48,120,61.0,7658,NridgHt,9,2005,2005,MetalSd,MetalSd,412.0,456.0,0.0,1296.0,1752.0,1752,0,0,1752,6,2005.0,576.0,196,82,0,0,0,0,0,2,WD ,319900
49,120,41.0,7132,NridgHt,8,2006,2006,VinylSd,VinylSd,178.0,24.0,0.0,1346.0,1370.0,1370,0,0,1370,6,2006.0,484.0,120,49,0,0,0,0,0,4,WD ,205000
50,160,36.0,2628,NridgHt,7,2003,2003,VinylSd,Wd Shng,106.0,0.0,0.0,764.0,764.0,764,862,0,1626,6,2003.0,474.0,0,27,0,0,0,0,0,6,WD ,175500
51,20,100.0,18494,Gilbert,6,2005,2005,VinylSd,VinylSd,0.0,0.0,0.0,1324.0,1324.0,1324,0,0,1324,6,2005.0,430.0,36,23,0,0,0,0,0,1,WD ,199500
52,120,43.0,3203,Blmngtn,7,2006,2006,VinylSd,VinylSd,14.0,16.0,0.0,1129.0,1145.0,1145,0,0,1145,6,2006.0,437.0,100,116,0,0,0,0,0,1,WD ,160000
53,120,43.0,3182,Blmngtn,8,2004,2005,VinylSd,VinylSd,16.0,24.0,0.0,1232.0,1256.0,1269,0,0,1269,6,2004.0,430.0,146,20,0,0,144,0,0,4,WD ,192000
54,80,67.0,13300,Gilbert,7,2004,2004,VinylSd,VinylSd,0.0,326.0,0.0,58.0,384.0,744,630,0,1374,7,2004.0,400.0,100,0,0,0,0,0,0,6,WD ,184500
55,60,,7851,Gilbert,6,2002,2002,VinylSd,VinylSd,,625.0,0.0,235.0,860.0,860,1100,0,1960,8,2002.0,440.0,288,48,0,0,0,0,0,5,WD ,216500
56,60,63.0,8577,Gilbert,7,2004,2004,VinylSd,VinylSd,0.0,0.0,0.0,847.0,847.0,847,886,0,1733,7,2004.0,433.0,144,48,0,0,0,0,0,4,WD ,185088
57,80,,7750,Gilbert,7,2000,2000,VinylSd,VinylSd,0.0,250.0,0.0,134.0,384.0,774,656,0,1430,7,2000.0,400.0,180,0,0,0,0,0,0,4,WD ,180000
58,60,,9505,Gilbert,7,2001,2001,VinylSd,VinylSd,180.0,0.0,0.0,884.0,884.0,884,1151,0,2035,8,2001.0,434.0,144,48,0,0,0,0,0,5,WD ,222500
59,60,108.0,14774,NoRidge,9,1999,1999,VinylSd,VinylSd,165.0,0.0,0.0,1393.0,1393.0,1422,1177,0,2599,10,1999.0,779.0,668,30,0,0,0,0,0,5,WD ,333168
60,60,60.0,17433,NoRidge,8,1998,1998,VinylSd,VinylSd,114.0,0.0,0.0,1629.0,1629.0,1645,830,0,2475,7,1998.0,962.0,23,172,0,0,256,0,0,1,WD ,355000
61,20,59.0,10593,NoRidge,7,1996,1996,VinylSd,VinylSd,338.0,919.0,0.0,801.0,1720.0,1720,0,0,1720,7,1996.0,527.0,240,56,154,0,0,0,0,3,WD ,260400
62,60,98.0,12256,NoRidge,8,1994,1995,HdBoard,HdBoard,362.0,1032.0,0.0,431.0,1463.0,1500,1122,0,2622,9,1994.0,712.0,186,32,0,0,0,0,0,4,WD ,325000
63,60,92.0,11764,NoRidge,8,1999,2007,VinylSd,VinylSd,348.0,524.0,0.0,628.0,1152.0,1164,1106,0,2270,9,1999.0,671.0,132,57,0,0,0,0,0,4,WD ,290000
64,60,58.0,16770,NoRidge,7,1998,1998,VinylSd,VinylSd,30.0,0.0,0.0,1195.0,1195.0,1195,644,0,1839,7,1998.0,486.0,0,81,0,0,0,0,0,6,WD ,221000
65,50,56.0,14720,NoRidge,8,1995,1996,VinylSd,VinylSd,579.0,816.0,0.0,1217.0,2033.0,2053,1185,0,3238,9,1996.0,666.0,283,86,0,0,0,0,0,3,WD ,410000
66,20,73.0,8987,Somerst,8,2005,2006,VinylSd,VinylSd,226.0,0.0,0.0,1595.0,1595.0,1595,0,0,1595,6,2005.0,880.0,144,0,0,0,0,0,0,5,WD ,221500
67,20,92.0,9215,Somerst,7,2009,2010,VinylSd,VinylSd,0.0,0.0,0.0,1218.0,1218.0,1218,0,0,1218,4,2009.0,676.0,0,136,0,0,0,0,0,4,New,204500
68,60,72.0,8640,Somerst,7,2009,2009,VinylSd,VinylSd,0.0,24.0,0.0,732.0,756.0,764,783,0,1547,7,2009.0,614.0,169,45,0,0,0,0,0,6,Con,215200
69,20,75.0,9000,Somerst,8,2008,2008,VinylSd,VinylSd,36.0,1078.0,0.0,488.0,1566.0,1566,0,0,1566,7,2008.0,750.0,144,168,0,0,0,0,0,4,WD ,262500
70,60,100.0,12552,Somerst,7,2004,2005,VinylSd,VinylSd,0.0,222.0,0.0,769.0,991.0,991,956,0,1947,8,2004.0,678.0,0,136,0,0,0,0,0,5,WD ,254900
71,20,84.0,10440,Somerst,6,2005,2005,VinylSd,VinylSd,0.0,1414.0,0.0,54.0,1468.0,1468,0,0,1468,6,2005.0,528.0,0,102,0,0,216,0,0,5,WD ,271500
72,60,76.0,10142,SawyerW,7,2004,2004,VinylSd,VinylSd,0.0,656.0,0.0,300.0,956.0,956,1128,0,2084,8,2004.0,618.0,0,45,0,0,0,0,0,1,WD ,233000
73,60,70.0,11920,SawyerW,7,2004,2004,VinylSd,VinylSd,122.0,0.0,0.0,831.0,831.0,831,828,0,1659,8,2004.0,484.0,144,68,0,0,0,0,0,4,WD ,181000
74,60,,8880,SawyerW,7,1994,2002,VinylSd,VinylSd,0.0,695.0,0.0,253.0,948.0,1222,888,0,2110,8,1994.0,463.0,0,130,0,0,0,0,0,5,WD ,205000
75,120,50.0,8012,SawyerW,6,1980,1980,Plywood,Plywood,0.0,543.0,119.0,261.0,923.0,923,0,0,923,5,1980.0,264.0,80,0,0,0,0,0,0,5,WD ,143000
76,60,70.0,11218,SawyerW,6,1992,1992,Wd Sdng,Wd Sdng,0.0,0.0,0.0,1055.0,1055.0,1055,790,0,1845,8,1992.0,462.0,635,104,0,0,0,0,400,5,WD ,189000
77,120,55.0,7892,SawyerW,6,1979,1979,Plywood,Plywood,0.0,0.0,0.0,918.0,918.0,918,0,0,918,5,1979.0,264.0,28,0,0,0,0,0,0,4,WD ,99500
78,120,50.0,7175,SawyerW,6,1984,1984,Plywood,Plywood,0.0,623.0,121.0,0.0,744.0,752,0,0,752,4,1984.0,264.0,353,0,0,0,90,0,0,2,WD ,125000
79,60,,9453,SawyerW,7,1993,2003,HdBoard,HdBoard,0.0,402.0,0.0,594.0,996.0,1014,730,0,1744,7,1993.0,457.0,370,70,0,238,0,0,0,2,WD ,194500
80,20,81.0,9672,SawyerW,6,1984,1985,HdBoard,Plywood,0.0,338.0,0.0,702.0,1040.0,1097,0,0,1097,6,1986.0,480.0,0,0,0,0,0,0,0,5,WD ,152000
81,60,70.0,8400,SawyerW,6,1980,1981,HdBoard,HdBoard,130.0,0.0,0.0,650.0,650.0,888,676,0,1564,7,1980.0,476.0,0,50,0,0,204,0,0,4,WD ,171000
82,30,70.0,9800,SawyerW,5,1920,1950,Wd Sdng,Wd Sdng,0.0,0.0,0.0,816.0,816.0,1012,0,0,1012,5,1920.0,429.0,121,0,80,0,0,0,0,4,WD ,67500
83,90,68.0,8930,Sawyer,6,1978,1978,VinylSd,VinylSd,0.0,0.0,0.0,0.0,0.0,1318,584,0,1902,8,1978.0,539.0,0,0,0,0,0,0,0,4,WD ,112000
84,85,88.0,11782,Sawyer,5,1961,1995,HdBoard,HdBoard,0.0,899.0,0.0,210.0,1109.0,1155,0,0,1155,6,1987.0,576.0,192,0,0,0,0,0,400,6,WD ,148000
85,20,65.0,8450,Sawyer,5,1965,2009,MetalSd,MetalSd,0.0,553.0,117.0,224.0,894.0,894,0,0,894,5,1973.0,336.0,416,144,0,0,0,0,0,4,WD ,138500
86,20,,9819,Sawyer,5,1967,1967,MetalSd,MetalSd,31.0,450.0,0.0,432.0,882.0,900,0,0,900,5,1970.0,280.0,0,0,0,0,0,0,0,2,WD ,122000
87,20,75.0,7500,Sawyer,5,1963,1963,HdBoard,HdBoard,0.0,824.0,0.0,216.0,1040.0,1040,0,0,1040,5,1963.0,308.0,0,0,220,0,0,0,0,6,WD ,133000
88,20,,6897,Sawyer,5,1962,2010,HdBoard,HdBoard,0.0,659.0,0.0,381.0,1040.0,1040,0,0,1040,6,1962.0,260.0,0,104,0,0,0,0,0,4,WD ,127000
89,20,39.0,15410,Sawyer,6,1974,2002,Plywood,Plywood,250.0,126.0,859.0,223.0,1208.0,1494,0,0,1494,7,1974.0,461.0,296,0,186,0,0,0,0,4,WD ,169000
90,60,107.0,10186,NoRidge,7,1992,1992,HdBoard,HdBoard,0.0,674.0,0.0,76.0,750.0,1061,862,0,1923,8,1992.0,564.0,240,39,0,0,0,0,0,6,WD ,190000
91,60,85.0,13143,NoRidge,8,1993,1993,HdBoard,ImStucc,504.0,250.0,981.0,0.0,1231.0,1251,1098,0,2349,9,1993.0,762.0,32,130,0,0,0,0,0,6,WD ,362500
92,60,88.0,11134,NoRidge,8,1992,1993,HdBoard,HdBoard,180.0,1129.0,0.0,261.0,1390.0,1402,823,0,2225,7,1992.0,713.0,198,30,0,0,0,0,0,6,WD ,285000
93,120,25.0,4835,Somerst,7,2004,2005,MetalSd,MetalSd,0.0,1298.0,0.0,190.0,1488.0,1488,0,0,1488,6,2004.0,506.0,168,50,0,0,0,0,0,3,WD ,260000
94,160,39.0,3515,Somerst,7,2004,2004,VinylSd,VinylSd,0.0,0.0,0.0,840.0,840.0,840,840,0,1680,3,2004.0,588.0,0,111,0,0,0,0,0,1,WD ,190000
95,160,30.0,3215,Somerst,7,2004,2004,MetalSd,MetalSd,120.0,280.0,0.0,320.0,600.0,600,600,0,1200,4,2004.0,480.0,0,172,0,0,0,0,0,4,ConLD,155000
96,160,30.0,3182,Somerst,7,2004,2005,MetalSd,MetalSd,0.0,0.0,0.0,600.0,600.0,600,600,0,1200,4,2004.0,480.0,0,172,0,0,0,0,0,6,WD ,151000
97,160,24.0,2544,Somerst,7,2004,2005,MetalSd,MetalSd,0.0,368.0,42.0,190.0,600.0,600,600,0,1200,4,2004.0,480.0,0,172,0,0,0,0,0,2,WD ,149500
98,160,24.0,2544,Somerst,6,2005,2005,VinylSd,VinylSd,216.0,376.0,0.0,224.0,600.0,600,636,0,1236,4,2005.0,480.0,0,166,0,0,0,0,0,5,WD ,152000
99,20,,4403,Somerst,7,2009,2009,MetalSd,MetalSd,432.0,578.0,0.0,892.0,1470.0,1478,0,0,1478,7,2009.0,484.0,0,144,0,0,0,0,0,6,New,222000
100,160,,2117,Somerst,6,2000,2000,MetalSd,MetalSd,216.0,378.0,0.0,378.0,756.0,769,804,0,1573,5,2000.0,440.0,0,32,0,0,0,0,0,6,WD ,177500
101,160,,2980,Somerst,6,2000,2000,MetalSd,MetalSd,1159.0,466.0,0.0,290.0,756.0,756,756,0,1512,5,2000.0,440.0,0,32,0,0,0,0,0,5,WD ,177000
102,160,24.0,2572,Somerst,7,1999,1999,MetalSd,MetalSd,0.0,604.0,0.0,92.0,696.0,696,720,0,1416,6,1999.0,484.0,0,44,0,0,0,0,0,5,WD ,155000
103,160,,2403,Somerst,7,2003,2003,VinylSd,VinylSd,0.0,244.0,0.0,286.0,530.0,530,550,0,1080,4,2003.0,496.0,0,50,0,0,0,0,0,6,WD ,147110
104,20,57.0,12853,Somerst,8,2010,2010,CemntBd,CmentBd,0.0,1032.0,0.0,610.0,1642.0,1418,0,0,1418,6,2010.0,852.0,160,192,0,224,0,0,0,4,New,267916
105,60,68.0,7379,Somerst,8,2000,2000,VinylSd,VinylSd,0.0,484.0,0.0,491.0,975.0,975,873,0,1848,7,2000.0,592.0,280,184,0,0,0,0,0,4,WD ,254000
106,120,30.0,4420,Greens,8,1980,1980,Wd Sdng,Wd Sdng,0.0,728.0,0.0,0.0,728.0,788,0,0,788,3,1980.0,484.0,133,42,0,0,0,0,0,6,WD ,155000
107,120,40.0,3880,Greens,8,1978,1978,Wd Sdng,Plywood,0.0,1052.0,0.0,174.0,1226.0,1226,0,0,1226,4,1978.0,484.0,223,78,0,0,0,0,0,1,WD ,206000
108,60,,13517,Sawyer,6,1976,2005,HdBoard,Plywood,289.0,533.0,0.0,192.0,725.0,725,754,0,1479,6,1976.0,475.0,0,44,0,0,0,0,0,3,WD ,130500
109,20,80.0,8000,Somerst,7,2002,2002,VinylSd,VinylSd,0.0,833.0,0.0,659.0,1492.0,1492,0,0,1492,6,2002.0,596.0,277,137,0,0,0,0,0,4,WD ,230000
110,20,,10456,NWAmes,6,1967,1967,HdBoard,HdBoard,120.0,506.0,0.0,1323.0,1829.0,1829,0,0,1829,8,1967.0,535.0,0,76,0,0,0,0,0,5,WD ,218500
111,60,80.0,10791,NWAmes,6,1993,1993,MetalSd,MetalSd,0.0,1137.0,0.0,143.0,1280.0,1280,1215,0,2495,9,1993.0,660.0,224,32,0,0,0,0,0,3,WD ,243500
112,20,,10603,NWAmes,6,1977,2001,Plywood,Plywood,28.0,1200.0,0.0,410.0,1610.0,1610,0,0,1610,6,1977.0,480.0,168,68,0,0,0,0,0,2,WD ,205000
113,50,,18837,NWAmes,6,1978,1978,MetalSd,MetalSd,0.0,687.0,46.0,491.0,1224.0,1287,604,0,1891,7,1978.0,678.0,0,69,0,0,0,0,0,4,WD ,212500
114,60,80.0,10421,NWAmes,7,1988,1988,HdBoard,HdBoard,42.0,394.0,0.0,586.0,980.0,980,734,0,1714,7,1988.0,496.0,228,66,156,0,0,0,500,3,WD ,196500
115,20,78.0,9360,NWAmes,6,1972,2006,Plywood,Plywood,0.0,982.0,0.0,179.0,1161.0,1381,0,0,1381,5,1972.0,676.0,0,0,0,0,0,0,0,3,WD ,197500
116,60,80.0,9600,NWAmes,6,1971,1971,MetalSd,MetalSd,0.0,329.0,0.0,386.0,715.0,930,715,0,1645,7,1971.0,441.0,0,78,0,0,0,0,0,6,WD ,171000
117,20,80.0,9600,NAmes,5,1966,1966,VinylSd,VinylSd,172.0,698.0,0.0,534.0,1232.0,1232,0,0,1232,6,1966.0,490.0,0,224,0,0,0,0,0,4,WD ,142250
118,20,,9790,NWAmes,6,1963,1963,HdBoard,HdBoard,451.0,569.0,81.0,678.0,1328.0,1328,0,0,1328,6,1963.0,528.0,0,26,0,0,0,0,0,6,WD ,143000
119,20,77.0,9320,NAmes,4,1959,1959,Plywood,Plywood,0.0,569.0,0.0,381.0,950.0,1225,0,0,1225,6,,0.0,352,0,0,0,0,0,400,1,WD ,128950
120,20,90.0,9900,NAmes,5,1966,1966,HdBoard,HdBoard,0.0,1059.0,0.0,150.0,1209.0,1209,0,0,1209,6,1966.0,504.0,0,0,120,0,0,0,0,4,ConLD,159000
121,20,88.0,9680,NAmes,5,1967,1967,Wd Sdng,Plywood,268.0,1010.0,0.0,500.0,1510.0,1510,0,0,1510,6,1967.0,517.0,0,40,0,0,204,0,0,4,WD ,178900
122,80,,10600,NAmes,6,1964,1964,HdBoard,HdBoard,0.0,0.0,0.0,533.0,533.0,1131,644,0,1775,8,1964.0,480.0,0,172,0,0,0,0,0,5,COD,136300
123,80,,14112,NAmes,5,1964,1964,Wd Sdng,HdBoard,86.0,1014.0,0.0,138.0,1152.0,1152,0,0,1152,6,1964.0,484.0,227,0,0,0,0,0,0,4,WD ,180500
124,85,80.0,8800,NAmes,6,1963,1963,MetalSd,MetalSd,156.0,763.0,0.0,173.0,936.0,1054,0,0,1054,6,1963.0,480.0,120,0,0,0,0,0,0,5,WD ,137500
125,90,98.0,13260,NAmes,5,1962,2001,HdBoard,HdBoard,144.0,1500.0,0.0,228.0,1728.0,1728,0,0,1728,10,,0.0,0,0,0,0,0,0,0,1,Oth,84900
126,20,68.0,9717,NAmes,5,1950,1996,MetalSd,MetalSd,0.0,49.0,1029.0,0.0,1078.0,1078,0,0,1078,5,1950.0,240.0,366,0,112,0,0,0,0,4,WD ,142125
127,50,68.0,9724,NAmes,5,1952,2002,MetalSd,MetalSd,265.0,670.0,0.0,470.0,1140.0,1929,532,0,2461,7,1994.0,400.0,0,0,0,0,0,0,0,3,WD ,197600
128,50,120.0,17360,NAmes,6,1949,1950,MetalSd,MetalSd,340.0,300.0,0.0,482.0,782.0,1019,537,0,1556,6,1949.0,470.0,0,0,150,0,0,0,0,1,WD ,172500
129,20,50.0,7207,BrkSide,5,1958,2008,Wd Sdng,Plywood,0.0,696.0,0.0,162.0,858.0,858,0,0,858,4,,0.0,117,0,0,0,0,0,0,2,WD ,116500
130,30,55.0,5350,BrkSide,3,1940,1966,Wd Sdng,Plywood,0.0,0.0,0.0,728.0,728.0,1306,0,0,1306,6,,0.0,263,0,0,0,0,0,450,5,WD ,76500
131,20,80.0,9920,NAmes,5,1954,1954,HdBoard,HdBoard,110.0,354.0,290.0,412.0,1056.0,1063,0,0,1063,6,1954.0,280.0,0,0,164,0,0,0,0,2,WD ,128000
132,80,80.0,9600,NAmes,6,1955,1972,AsbShng,AsbShng,164.0,674.0,132.0,350.0,1156.0,1520,0,0,1520,7,1955.0,364.0,0,0,189,0,0,0,0,3,WD ,153000
133,20,78.0,7800,NAmes,5,1954,1954,HdBoard,HdBoard,200.0,540.0,0.0,728.0,1268.0,1268,0,0,1268,7,1954.0,244.0,0,98,0,0,0,0,0,3,WD ,132000
134,85,75.0,11380,NAmes,6,1966,2008,HdBoard,HdBoard,216.0,944.0,0.0,136.0,1080.0,1128,0,0,1128,5,1966.0,315.0,238,0,0,0,0,0,1500,1,WD ,178000
135,90,80.0,11600,NAmes,5,1960,1960,MetalSd,MetalSd,361.0,443.0,0.0,662.0,1105.0,1105,1169,0,2274,12,1960.0,480.0,0,0,0,0,0,0,0,1,WD ,154300
136,20,,19900,NAmes,7,1970,1989,Plywood,Plywood,287.0,912.0,0.0,1035.0,1947.0,2207,0,0,2207,7,1970.0,576.0,301,0,0,0,0,0,0,7,WD ,180000
137,20,137.0,16492,NAmes,6,1966,2002,BrkFace,Plywood,0.0,247.0,713.0,557.0,1517.0,1888,0,0,1888,6,1966.0,578.0,0,0,0,0,0,0,0,6,WD ,190000
138,90,70.0,8267,NAmes,5,1958,1958,HdBoard,HdBoard,0.0,0.0,0.0,1604.0,1604.0,1604,0,0,1604,8,1958.0,576.0,42,0,0,0,0,0,0,3,WD ,135000
139,20,70.0,8197,NAmes,7,2003,2009,VinylSd,VinylSd,506.0,1188.0,0.0,292.0,1480.0,1480,0,0,1480,7,2003.0,620.0,252,73,0,0,0,0,300,2,WD ,214000
140,20,,8050,NAmes,5,1959,1959,MetalSd,MetalSd,150.0,856.0,162.0,125.0,1143.0,1143,0,0,1143,6,1959.0,308.0,0,0,0,0,0,0,0,5,WD ,136000
141,20,70.0,10552,NAmes,5,1959,1959,BrkFace,BrkFace,0.0,1018.0,0.0,380.0,1398.0,1700,0,0,1700,6,1959.0,447.0,0,38,0,0,0,0,0,4,WD ,165500
142,20,70.0,8400,NAmes,5,1957,1957,MetalSd,MetalSd,0.0,922.0,0.0,392.0,1314.0,1314,0,0,1314,5,1957.0,294.0,250,0,0,0,0,0,0,6,WD ,145000
143,20,73.0,8760,NAmes,6,1959,1959,MetalSd,MetalSd,220.0,0.0,0.0,1194.0,1194.0,1194,0,0,1194,6,1959.0,312.0,0,0,120,0,0,0,0,4,WD ,148000
144,20,,12160,NAmes,5,1959,1959,Plywood,Plywood,180.0,1000.0,0.0,188.0,1188.0,1188,0,0,1188,6,1959.0,531.0,0,0,0,0,0,0,0,5,COD,142000
145,20,73.0,9300,NAmes,5,1960,1960,MetalSd,HdBoard,324.0,697.0,0.0,571.0,1268.0,1264,0,0,1264,6,1960.0,461.0,0,0,0,0,143,0,0,4,WD ,167500
146,20,87.0,10725,NAmes,5,1959,1959,MetalSd,MetalSd,91.0,936.0,0.0,270.0,1206.0,1206,0,0,1206,6,1959.0,312.0,0,21,0,0,0,0,0,5,WD ,108538
147,20,80.0,10032,NAmes,6,1959,1959,Wd Sdng,Wd Sdng,432.0,734.0,0.0,510.0,1244.0,1580,0,0,1580,6,1956.0,440.0,0,28,0,0,160,0,0,6,WD ,159500
148,50,60.0,8382,NAmes,4,1956,1956,MetalSd,MetalSd,0.0,0.0,0.0,832.0,832.0,832,505,0,1337,5,1956.0,263.0,0,0,0,0,0,0,0,2,WD ,108000
149,20,60.0,10950,NAmes,5,1952,1952,WdShing,Wd Shng,0.0,339.0,0.0,525.0,864.0,1064,0,0,1064,4,1952.0,318.0,0,0,0,0,0,0,0,5,WD ,135000
150,20,119.0,10895,NAmes,5,1955,1955,MetalSd,MetalSd,0.0,648.0,0.0,324.0,972.0,972,0,0,972,5,1955.0,305.0,0,0,205,0,0,0,0,6,WD ,122500
151,190,70.0,13587,NAmes,5,1958,1958,MetalSd,MetalSd,0.0,532.0,0.0,456.0,988.0,988,0,0,988,5,1958.0,264.0,0,0,0,0,0,0,0,4,WD ,119000
152,20,68.0,7922,NAmes,5,1953,2007,VinylSd,VinylSd,0.0,731.0,0.0,326.0,1057.0,1057,0,0,1057,5,1953.0,246.0,0,52,0,0,0,0,0,1,WD ,109000
153,30,65.0,7898,NAmes,4,1920,1994,MetalSd,MetalSd,0.0,0.0,0.0,576.0,576.0,985,0,0,985,4,1989.0,676.0,0,0,0,0,0,0,0,4,WD ,105000
154,20,60.0,7200,NAmes,5,1955,2007,VinylSd,VinylSd,0.0,0.0,0.0,0.0,0.0,827,0,0,827,5,1967.0,392.0,0,0,0,0,0,0,0,4,WD ,107500
155,20,85.0,10200,NAmes,5,1954,2003,Wd Sdng,Wd Sdng,104.0,320.0,362.0,404.0,1086.0,1086,0,0,1086,6,1989.0,490.0,0,0,0,0,0,0,0,5,WD ,144900
156,20,74.0,5868,NAmes,5,1956,2000,MetalSd,MetalSd,0.0,248.0,240.0,448.0,936.0,936,0,0,936,4,1956.0,308.0,0,0,80,0,160,0,0,5,WD ,129000
157,50,78.0,17503,NAmes,6,1948,1950,VinylSd,VinylSd,0.0,0.0,0.0,912.0,912.0,912,546,0,1458,6,1948.0,330.0,192,0,0,0,0,0,0,1,WD ,97500
158,90,64.0,6979,OldTown,6,1980,1980,Plywood,Plywood,0.0,1056.0,0.0,0.0,1056.0,1056,0,0,1056,4,1980.0,576.0,264,56,0,0,0,0,600,6,WD ,144000
159,20,,9830,NAmes,5,1959,2006,Wd Sdng,Wd Sdng,0.0,72.0,258.0,733.0,1063.0,1287,0,0,1287,7,1997.0,576.0,364,17,0,0,182,0,0,3,WD ,162000
160,80,96.0,11275,NAmes,7,1967,2007,Wd Sdng,Wd Sdng,300.0,0.0,0.0,710.0,710.0,1898,1080,0,2978,11,1961.0,564.0,240,0,0,0,0,0,0,6,WD ,242000
161,50,60.0,8064,NAmes,6,1948,2004,WdShing,Wd Shng,0.0,481.0,174.0,161.0,816.0,816,408,0,1224,5,1950.0,280.0,414,0,0,0,0,0,0,5,WD ,132000
162,20,75.0,7500,NAmes,5,1959,1994,BrkFace,BrkFace,0.0,340.0,906.0,0.0,1246.0,1246,0,0,1246,6,1959.0,305.0,218,0,0,0,0,0,0,5,WD ,154000
163,50,71.0,8520,NAmes,5,1952,1952,BrkFace,Wd Sdng,0.0,507.0,0.0,403.0,910.0,910,475,0,1385,6,2000.0,720.0,0,0,0,0,0,0,0,6,WD ,166000
164,20,60.0,7200,NAmes,5,1951,2000,Wd Sdng,Wd Sdng,0.0,234.0,486.0,180.0,900.0,900,0,0,900,5,2005.0,576.0,222,32,0,0,0,0,0,5,WD ,134800
165,20,87.0,10000,NAmes,6,1962,1962,Wd Sdng,Wd Sdng,261.0,0.0,0.0,1116.0,1116.0,1116,0,0,1116,5,1962.0,440.0,0,0,0,0,385,0,0,2,WD ,160000
166,20,81.0,7635,NAmes,5,1960,1960,BrkFace,Wd Sdng,0.0,588.0,350.0,237.0,1175.0,1175,0,0,1175,6,1960.0,484.0,0,0,0,0,0,0,0,6,WD ,148000
167,20,80.0,9760,NAmes,6,1963,1984,Wd Sdng,Wd Sdng,218.0,717.0,263.0,415.0,1395.0,1395,0,0,1395,7,1963.0,440.0,657,0,113,0,240,0,0,5,WD ,192000
168,60,70.0,7700,NAmes,6,1966,1966,MetalSd,MetalSd,351.0,0.0,0.0,756.0,756.0,1051,788,0,1839,7,1966.0,442.0,0,124,216,0,0,0,0,6,WD ,155000
169,50,60.0,4800,OldTown,4,1900,1954,Wd Sdng,Wd Sdng,771.0,48.0,0.0,661.0,709.0,1157,687,0,1844,9,1900.0,240.0,84,0,0,0,0,0,0,1,COD,80400
170,50,55.0,8800,OldTown,4,1910,2004,Wd Sdng,Wd Sdng,0.0,0.0,0.0,576.0,576.0,792,348,0,1140,7,,0.0,0,160,0,0,0,0,0,6,WD ,96500
171,30,56.0,4485,OldTown,5,1920,1950,Wd Sdng,Wd Sdng,0.0,579.0,0.0,357.0,936.0,936,0,0,936,5,,0.0,51,0,135,0,0,0,0,5,WD ,109500
172,30,56.0,8960,OldTown,5,1927,1950,WdShing,Wd Shng,0.0,0.0,0.0,1008.0,1008.0,1028,0,0,1028,5,1927.0,360.0,0,0,130,0,0,0,0,3,WD ,115000
173,20,69.0,5805,OldTown,5,1957,1957,MetalSd,MetalSd,0.0,274.0,1073.0,0.0,1347.0,1347,0,0,1347,6,1957.0,551.0,0,0,0,0,0,0,0,6,WD ,143000
174,50,60.0,5790,OldTown,3,1915,1950,VinylSd,VinylSd,0.0,0.0,0.0,840.0,840.0,840,765,0,1605,8,1915.0,379.0,0,0,202,0,0,0,0,5,WD ,107400
175,30,47.0,4608,OldTown,4,1945,1950,MetalSd,MetalSd,0.0,0.0,0.0,747.0,747.0,747,0,0,747,4,1945.0,220.0,0,0,0,0,0,0,0,6,WD ,80000
176,30,60.0,7200,OldTown,5,1940,1992,MetalSd,MetalSd,294.0,510.0,0.0,278.0,788.0,804,0,0,804,4,1940.0,240.0,0,0,154,0,0,0,0,2,WD ,119000
177,50,50.0,5500,OldTown,5,1929,2001,Wd Sdng,Wd Sdng,0.0,234.0,692.0,0.0,926.0,926,0,390,1316,6,1974.0,484.0,0,0,0,0,0,0,0,4,WD ,130000
178,45,50.0,6900,OldTown,6,1938,2000,MetalSd,MetalSd,0.0,0.0,0.0,827.0,827.0,827,424,0,1251,6,1938.0,240.0,0,0,0,0,0,0,0,1,WD ,119000
179,50,69.0,11851,OldTown,5,1948,2009,VinylSd,VinylSd,0.0,780.0,0.0,247.0,1027.0,1027,606,0,1633,7,1948.0,240.0,0,100,126,0,0,0,0,6,WD ,129000
180,50,,8239,OldTown,5,1920,1962,MetalSd,MetalSd,0.0,176.0,0.0,832.0,1008.0,1060,185,0,1245,6,1962.0,315.0,0,0,334,0,0,0,0,3,WD ,100000
181,30,68.0,9656,OldTown,2,1923,1970,AsbShng,AsbShng,0.0,0.0,0.0,678.0,678.0,832,0,0,832,5,1928.0,780.0,0,0,0,0,0,0,0,6,WD ,12789
182,30,60.0,8520,OldTown,6,1928,2003,VinylSd,VinylSd,0.0,0.0,0.0,624.0,624.0,720,0,0,720,5,2005.0,484.0,106,0,0,0,0,0,0,5,WD ,105900
183,70,60.0,9600,OldTown,8,1900,2003,Wd Sdng,Wd Sdng,0.0,0.0,0.0,930.0,930.0,930,636,0,1566,7,1930.0,288.0,54,228,246,0,0,0,0,4,WD ,150000
184,50,60.0,10800,OldTown,5,1915,1950,MetalSd,MetalSd,0.0,686.0,0.0,0.0,686.0,966,686,0,1652,7,1961.0,416.0,0,0,196,0,0,0,1200,6,WD ,139000
185,70,50.0,9000,OldTown,8,1890,2002,Wd Sdng,Wd Sdng,0.0,0.0,0.0,346.0,346.0,1157,1111,0,2268,7,2003.0,624.0,0,108,0,0,0,0,0,4,WD ,240000
186,190,100.0,9045,OldTown,5,1910,1950,MetalSd,MetalSd,0.0,0.0,0.0,840.0,840.0,1128,1128,0,2256,12,,0.0,0,18,18,0,0,0,0,6,WD ,76500
187,20,90.0,7407,OldTown,6,1957,1996,MetalSd,MetalSd,0.0,600.0,0.0,312.0,912.0,1236,0,0,1236,6,1957.0,923.0,0,158,158,0,0,0,0,4,WD ,149700
188,70,60.0,7740,OldTown,4,1910,1950,VinylSd,VinylSd,0.0,0.0,0.0,622.0,622.0,741,622,0,1363,6,1966.0,528.0,0,0,0,0,168,0,0,6,WD ,125500
189,190,60.0,11340,OldTown,4,1885,1950,VinylSd,AsbShng,0.0,0.0,0.0,777.0,777.0,1246,1044,0,2290,11,1971.0,560.0,0,0,114,0,0,0,0,4,WD ,122500
190,70,60.0,10560,OldTown,6,1922,1994,Wd Sdng,Wd Sdng,0.0,283.0,0.0,455.0,738.0,868,602,0,1470,6,1970.0,624.0,0,0,0,0,0,0,0,6,WD ,140750
191,50,53.0,5830,BrkSide,5,1950,1997,MetalSd,MetalSd,0.0,788.0,0.0,200.0,988.0,1030,582,0,1612,7,1950.0,363.0,0,0,0,0,0,0,0,3,WD ,128500
192,75,,7793,BrkSide,7,1922,2005,Wd Sdng,Wd Sdng,0.0,474.0,0.0,634.0,1108.0,1160,908,0,2068,8,1928.0,315.0,0,0,60,0,0,0,0,5,WD ,209500
193,30,50.0,5000,BrkSide,4,1925,1950,MetalSd,MetalSd,0.0,188.0,0.0,577.0,765.0,765,0,0,765,4,1926.0,200.0,135,0,41,0,0,0,0,4,WD ,87000
194,50,50.0,6000,BrkSide,6,1939,1950,MetalSd,MetalSd,0.0,452.0,12.0,144.0,608.0,608,524,0,1132,5,1939.0,240.0,0,0,128,0,0,0,0,4,WD ,134000
195,50,50.0,6000,BrkSide,6,1940,1950,MetalSd,MetalSd,0.0,264.0,0.0,308.0,572.0,848,348,0,1196,6,1973.0,576.0,0,0,0,0,0,0,0,3,WD ,128000
196,50,53.0,6360,BrkSide,5,1942,1950,MetalSd,MetalSd,300.0,360.0,159.0,316.0,835.0,955,498,0,1453,7,1942.0,240.0,0,0,35,0,148,0,0,3,WD ,132000
197,50,50.0,6000,BrkSide,6,1948,1950,Wd Sdng,Wd Sdng,0.0,300.0,0.0,480.0,780.0,780,636,0,1416,6,1948.0,312.0,221,0,48,0,0,0,0,3,WD ,139900
198,50,52.0,6240,BrkSide,5,1936,1980,VinylSd,VinylSd,0.0,276.0,0.0,252.0,528.0,548,492,0,1040,5,1979.0,624.0,306,0,32,0,0,0,0,5,WD ,123900
199,50,52.0,6240,BrkSide,5,1930,1950,MetalSd,MetalSd,0.0,448.0,0.0,480.0,928.0,928,608,0,1536,7,1930.0,480.0,0,10,0,0,0,0,0,3,WD ,138400
200,30,51.0,6120,OldTown,6,1923,1950,Wd Sdng,Wd Sdng,0.0,960.0,0.0,164.0,1124.0,1068,0,0,1068,5,1923.0,288.0,0,0,128,0,0,0,0,3,WD ,109500
201,70,50.0,10300,OldTown,7,1921,1950,Stucco,Stucco,0.0,0.0,0.0,576.0,576.0,902,808,0,1710,9,1990.0,480.0,12,11,64,0,0,0,0,4,WD ,140000
202,50,57.0,8094,OldTown,4,1915,1950,MetalSd,MetalSd,0.0,0.0,0.0,888.0,888.0,888,1074,0,1962,9,1915.0,572.0,160,0,364,0,0,0,0,6,WD ,149500
203,70,60.0,12900,OldTown,6,1912,2009,Wd Sdng,Wd Sdng,0.0,0.0,0.0,780.0,780.0,780,780,0,1560,7,,0.0,344,0,0,0,168,0,0,5,WD ,159900
204,70,52.0,3068,OldTown,6,1920,1993,VinylSd,VinylSd,0.0,0.0,0.0,662.0,662.0,662,662,0,1324,6,1920.0,180.0,0,0,112,0,0,0,0,2,WD ,122000
205,90,110.0,8472,IDOTRR,5,1963,1963,Wd Sdng,Wd Sdng,0.0,104.0,712.0,0.0,816.0,816,0,0,816,5,1963.0,516.0,106,0,0,0,0,0,0,5,WD ,110000
206,190,70.0,5600,IDOTRR,4,1930,1950,VinylSd,Wd Shng,0.0,0.0,0.0,0.0,0.0,372,720,0,1092,7,,0.0,0,0,0,0,0,0,3500,7,WD ,55000
207,190,76.0,7630,OldTown,5,1900,1996,Wd Sdng,Wd Sdng,0.0,0.0,0.0,360.0,360.0,1032,780,0,1812,8,1999.0,672.0,344,0,40,0,0,0,0,5,WD ,140000
208,70,,24090,ClearCr,7,1940,1950,MetalSd,MetalSd,0.0,0.0,0.0,1032.0,1032.0,1207,1196,0,2403,10,1940.0,349.0,56,0,318,0,0,0,0,6,COD,244400
209,20,100.0,15263,ClearCr,5,1959,1959,HdBoard,HdBoard,90.0,766.0,0.0,656.0,1422.0,1675,0,0,1675,8,1959.0,365.0,0,132,0,0,0,0,0,5,WD ,173000
210,50,72.0,10632,ClearCr,5,1917,1950,Wd Sdng,Wd Sdng,0.0,0.0,0.0,689.0,689.0,725,499,0,1224,6,1917.0,180.0,0,0,248,0,0,0,0,1,COD,107500
211,190,60.0,9900,SWISU,5,1915,1950,Wd Sdng,Wd Shng,0.0,1026.0,0.0,186.0,1212.0,1212,180,0,1392,6,,0.0,0,0,168,0,0,0,0,2,ConLD,100000
212,50,65.0,6001,SWISU,6,1940,1950,VinylSd,VinylSd,0.0,368.0,0.0,232.0,600.0,600,319,0,919,5,1940.0,231.0,0,0,45,0,0,0,0,3,WD ,95000
213,70,,6449,SWISU,4,1907,1950,Wd Sdng,Stucco,0.0,73.0,0.0,634.0,707.0,942,942,0,1884,7,,0.0,0,0,239,0,0,0,0,3,WD ,93369
214,190,60.0,6048,SWISU,5,1910,1950,Wd Sdng,Wd Sdng,0.0,736.0,0.0,120.0,856.0,936,744,0,1680,7,1910.0,450.0,56,144,0,0,0,0,0,6,COD,114900
215,50,54.0,6342,Sawyer,5,1875,1996,VinylSd,VinylSd,0.0,0.0,0.0,780.0,780.0,780,240,0,1020,6,,0.0,0,0,176,0,0,0,0,5,WD ,94000
216,90,72.0,10773,Sawyer,4,1967,1967,Plywood,Plywood,72.0,704.0,0.0,1128.0,1832.0,1832,0,0,1832,8,,0.0,0,58,0,0,0,0,0,5,WD ,136000
217,90,72.0,10778,Sawyer,4,1968,1968,HdBoard,HdBoard,0.0,0.0,0.0,1768.0,1768.0,1768,0,0,1768,8,,0.0,0,0,0,0,0,0,0,4,WD ,136500
218,190,75.0,11625,Sawyer,5,1965,1965,Plywood,HdBoard,0.0,841.0,0.0,198.0,1039.0,1039,0,0,1039,6,1965.0,504.0,0,0,0,0,0,0,0,4,WD ,131500
219,20,,11341,Sawyer,5,1957,1996,Wd Sdng,Wd Sdng,180.0,1302.0,0.0,90.0,1392.0,1392,0,0,1392,5,1957.0,528.0,0,0,0,0,95,0,0,5,WD ,121500
220,20,70.0,8521,Sawyer,5,1967,1967,HdBoard,HdBoard,0.0,842.0,0.0,70.0,912.0,912,0,0,912,5,1974.0,336.0,0,0,0,0,0,0,0,5,WD ,125000
221,20,,8246,Sawyer,5,1968,2001,Plywood,Plywood,0.0,188.0,668.0,204.0,1060.0,1060,0,0,1060,6,1968.0,270.0,406,90,0,0,0,0,0,5,WD ,154000
222,20,65.0,7800,Sawyer,5,1966,2008,HdBoard,HdBoard,47.0,240.0,474.0,150.0,864.0,892,0,0,892,5,1966.0,416.0,0,0,0,0,0,0,0,6,WD ,137900
223,60,80.0,9364,Sawyer,6,1969,1969,HdBoard,HdBoard,143.0,371.0,0.0,292.0,663.0,663,689,0,1352,7,1969.0,299.0,379,36,0,0,0,0,0,3,WD ,158000
224,20,65.0,7832,Sawyer,5,1968,1968,HdBoard,HdBoard,0.0,775.0,0.0,89.0,864.0,864,0,0,864,4,1969.0,280.0,226,0,0,0,0,0,0,5,WD ,137250
225,90,,7424,Sawyer,5,1978,1978,Plywood,Plywood,0.0,1319.0,0.0,0.0,1319.0,1373,0,0,1373,5,1978.0,591.0,0,0,0,0,0,0,0,5,WD ,160250
226,60,86.0,11227,Sawyer,5,1968,1968,HdBoard,HdBoard,0.0,267.0,453.0,0.0,720.0,720,720,0,1440,7,1968.0,480.0,192,38,0,0,0,0,0,3,WD ,163000
227,60,,11616,Sawyer,6,1978,1978,HdBoard,HdBoard,328.0,438.0,0.0,234.0,672.0,672,714,0,1386,6,1978.0,440.0,335,0,0,0,0,0,0,4,WD ,158900
228,60,80.0,14000,ClearCr,7,1996,1997,Wd Sdng,Wd Sdng,0.0,1201.0,0.0,105.0,1306.0,1306,954,0,2260,7,1996.0,533.0,296,44,0,0,0,0,0,4,WD ,328000
229,20,,20062,ClearCr,7,1977,2001,Wd Sdng,Wd Sdng,0.0,1092.0,0.0,328.0,1420.0,1483,0,0,1483,4,1977.0,690.0,496,0,0,0,0,0,0,4,WD ,270000
230,30,94.0,9259,Sawyer,4,1927,1950,Wd Sdng,Wd Sdng,0.0,0.0,0.0,660.0,660.0,756,0,0,756,4,1945.0,440.0,80,0,0,0,0,0,0,6,WD ,85000
231,20,60.0,9600,Sawyer,4,1950,1995,VinylSd,HdBoard,0.0,442.0,0.0,625.0,1067.0,1067,0,0,1067,4,1996.0,436.0,290,0,0,0,0,0,0,2,WD ,128000
232,40,,23595,ClearCr,7,1979,1979,Plywood,Plywood,0.0,1258.0,0.0,74.0,1332.0,1332,192,0,1524,4,1979.0,586.0,268,0,0,0,0,0,0,4,WD ,260000
233,60,,17082,ClearCr,6,1978,1992,VinylSd,VinylSd,288.0,964.0,0.0,153.0,1117.0,1117,864,0,1981,8,1978.0,522.0,336,104,0,0,0,0,0,5,WD ,230000
234,50,124.0,18600,Edwards,3,1938,1990,Wd Sdng,Wd Sdng,0.0,288.0,684.0,0.0,972.0,1052,558,0,1610,8,1938.0,480.0,0,0,60,0,0,0,450,6,WD ,124000
235,30,85.0,10625,Edwards,5,1920,1950,Wd Sdng,Wd Sdng,0.0,108.0,0.0,350.0,458.0,835,0,0,835,5,1920.0,366.0,0,0,77,0,0,0,400,5,COD,83000
236,20,65.0,11479,Edwards,6,1950,1987,Wd Sdng,Plywood,0.0,104.0,387.0,172.0,663.0,1074,0,0,1074,6,1987.0,467.0,0,52,52,0,0,0,0,6,WD ,144500
237,20,68.0,9571,Edwards,5,1956,1956,Wd Sdng,Wd Sdng,0.0,739.0,0.0,405.0,1144.0,1144,0,0,1144,6,1956.0,596.0,44,0,0,0,0,0,0,6,WD ,129000
238,50,50.0,9350,Edwards,4,1947,1979,WdShing,Wd Shng,0.0,192.0,0.0,564.0,756.0,1169,0,362,1531,8,1947.0,209.0,0,0,0,0,0,0,0,6,WD ,127000
239,20,75.0,9525,Edwards,5,1954,1998,WdShing,Wd Shng,0.0,954.0,0.0,218.0,1172.0,1172,0,0,1172,5,1954.0,366.0,240,0,0,0,0,0,0,6,WD ,128000
240,20,83.0,10420,Edwards,6,2009,2009,VinylSd,VinylSd,0.0,36.0,0.0,1176.0,1212.0,1212,0,0,1212,6,2009.0,460.0,100,22,0,0,0,0,0,3,WD ,186000
241,20,44.0,17485,Edwards,7,2009,2010,VinylSd,VinylSd,96.0,1346.0,0.0,162.0,1508.0,1508,0,0,1508,5,2009.0,572.0,0,0,0,0,0,0,0,1,Con,308030
242,20,,11200,Edwards,5,1964,1964,Wd Sdng,Wd Sdng,0.0,0.0,0.0,1250.0,1250.0,1298,0,0,1298,5,1964.0,504.0,0,144,0,0,0,0,0,6,COD,114000
243,20,60.0,11100,Edwards,4,1946,2006,MetalSd,MetalSd,0.0,0.0,0.0,0.0,0.0,930,0,0,930,6,1946.0,308.0,0,0,0,0,0,0,0,4,WD ,84900
244,60,77.0,9206,SawyerW,6,1985,1985,HdBoard,HdBoard,336.0,0.0,0.0,741.0,741.0,977,755,0,1732,7,1985.0,476.0,192,46,0,0,0,0,0,6,WD ,178000
245,20,83.0,11980,SawyerW,7,1987,1987,Plywood,Plywood,177.0,1433.0,0.0,0.0,1433.0,1433,0,0,1433,4,1987.0,528.0,0,278,0,0,266,0,0,6,WD ,270000
246,60,87.0,12361,SawyerW,6,1993,1993,VinylSd,VinylSd,85.0,860.0,0.0,86.0,946.0,964,838,0,1802,8,2000.0,1017.0,450,92,0,0,0,0,0,5,WD ,218000
247,60,80.0,9938,SawyerW,7,1993,1994,MetalSd,MetalSd,246.0,750.0,0.0,300.0,1050.0,1062,887,0,1949,8,1993.0,574.0,156,90,0,0,0,0,0,6,WD ,236000
248,85,73.0,9069,SawyerW,6,1992,1992,HdBoard,HdBoard,0.0,747.0,0.0,189.0,936.0,996,0,0,996,5,1992.0,564.0,120,0,0,0,0,0,0,4,WD ,147000
249,20,64.0,10475,CollgCr,8,2008,2008,VinylSd,VinylSd,72.0,0.0,0.0,1694.0,1694.0,1694,0,0,1694,7,2008.0,776.0,160,33,0,0,0,0,0,2,WD ,245350
250,20,64.0,6762,CollgCr,7,2006,2006,VinylSd,VinylSd,24.0,686.0,0.0,501.0,1187.0,1208,0,0,1208,6,2006.0,632.0,105,61,0,0,0,0,0,2,WD ,206000
251,20,94.0,10402,CollgCr,7,2009,2009,VinylSd,VinylSd,0.0,0.0,0.0,1226.0,1226.0,1226,0,0,1226,6,2009.0,740.0,0,36,0,0,0,0,0,5,WD ,198900
252,20,64.0,7360,CollgCr,7,2010,2010,VinylSd,VinylSd,80.0,24.0,0.0,1198.0,1222.0,1222,0,0,1222,6,2009.0,615.0,0,54,0,0,0,0,0,3,WD ,187000
253,60,90.0,12376,SawyerW,7,1990,1990,Plywood,Plywood,0.0,1470.0,0.0,203.0,1673.0,1699,1523,0,3222,11,1990.0,594.0,367,0,0,0,0,0,0,5,WD ,320000
254,50,82.0,14235,SawyerW,6,1900,1993,Wd Sdng,Plywood,0.0,0.0,0.0,676.0,676.0,831,614,0,1445,6,1957.0,484.0,0,59,0,0,0,0,0,3,WD ,138500
255,80,80.0,8816,ClearCr,6,1971,1971,HdBoard,HdBoard,80.0,504.0,0.0,506.0,1010.0,1052,0,0,1052,6,1971.0,440.0,0,0,0,0,0,0,0,6,WD ,155000
256,85,82.0,11105,CollgCr,5,1996,1996,VinylSd,VinylSd,0.0,870.0,0.0,0.0,870.0,965,0,0,965,4,1998.0,580.0,71,0,0,0,0,0,0,7,WD ,159000
257,60,,9337,CollgCr,7,1997,1998,VinylSd,VinylSd,0.0,353.0,0.0,525.0,878.0,892,800,0,1692,8,1997.0,513.0,0,39,0,0,0,0,0,4,WD ,191000
258,60,70.0,8750,CollgCr,6,1998,1998,VinylSd,VinylSd,116.0,505.0,0.0,299.0,804.0,804,878,0,1682,7,1998.0,523.0,0,77,0,0,0,0,0,6,WD ,200500
259,20,38.0,15240,CollgCr,5,1977,2004,CemntBd,CmentBd,0.0,198.0,688.0,140.0,1026.0,1026,0,0,1026,5,1977.0,308.0,316,85,0,0,0,0,0,6,WD ,150000
260,60,,10900,CollgCr,6,1977,1977,HdBoard,HdBoard,153.0,378.0,0.0,311.0,689.0,689,703,0,1392,6,1977.0,299.0,0,36,0,0,0,0,450,3,WD ,161750
261,20,75.0,10650,CollgCr,5,1976,1976,HdBoard,HdBoard,0.0,182.0,712.0,0.0,894.0,894,0,0,894,5,1976.0,308.0,365,0,0,0,0,0,0,2,WD ,128200
262,20,68.0,7480,CollgCr,5,1972,1972,Wd Sdng,Wd Sdng,0.0,480.0,0.0,396.0,876.0,876,0,0,876,5,1977.0,484.0,0,0,0,0,0,0,0,6,WD ,127000
263,20,80.0,10389,CollgCr,8,2003,2003,CemntBd,CmentBd,320.0,1682.0,0.0,296.0,1978.0,1978,0,0,1978,8,2003.0,850.0,188,25,0,0,0,0,0,5,WD ,318000
264,20,,11423,CollgCr,8,2001,2002,VinylSd,VinylSd,479.0,1358.0,0.0,223.0,1581.0,1601,0,0,1601,6,2001.0,670.0,180,0,0,0,0,0,2000,5,WD ,272000
265,60,44.0,9548,CollgCr,7,2003,2003,VinylSd,VinylSd,223.0,483.0,0.0,458.0,941.0,941,888,0,1829,7,2003.0,613.0,192,39,0,0,0,0,0,1,WD ,237000
266,60,75.0,9375,CollgCr,7,1997,1997,VinylSd,VinylSd,0.0,0.0,0.0,1040.0,1040.0,1044,1054,0,2098,9,1997.0,621.0,331,38,0,0,0,0,0,4,WD ,240000
267,20,48.0,12137,CollgCr,7,1998,1998,VinylSd,VinylSd,442.0,0.0,0.0,1649.0,1649.0,1661,0,0,1661,6,1998.0,598.0,0,34,0,0,0,0,0,5,WD ,224900
268,120,,4435,CollgCr,6,2003,2003,VinylSd,VinylSd,170.0,672.0,0.0,176.0,848.0,848,0,0,848,4,2003.0,420.0,140,0,0,0,0,0,0,4,WD ,143750
269,120,,4426,CollgCr,6,2004,2004,VinylSd,VinylSd,169.0,662.0,0.0,186.0,848.0,848,0,0,848,3,2004.0,420.0,160,0,0,0,0,0,0,5,WD ,143000
270,20,48.0,10635,CollgCr,8,2003,2003,VinylSd,VinylSd,171.0,370.0,972.0,315.0,1657.0,1668,0,0,1668,8,2003.0,502.0,0,262,0,0,0,0,0,5,WD ,232000
271,20,70.0,8400,CollgCr,7,2004,2005,VinylSd,VinylSd,109.0,712.0,0.0,761.0,1473.0,1484,0,0,1484,7,2004.0,606.0,0,35,0,144,0,0,0,5,WD ,213000
272,20,65.0,8773,CollgCr,7,2004,2004,VinylSd,VinylSd,98.0,24.0,0.0,1390.0,1414.0,1414,0,0,1414,6,2004.0,494.0,132,105,0,0,0,0,0,5,WD ,185500
273,30,67.0,8777,Edwards,3,1945,2007,VinylSd,VinylSd,0.0,0.0,0.0,0.0,0.0,640,0,0,640,5,1945.0,240.0,0,0,0,0,0,0,0,4,ConLD,84900
274,20,68.0,8842,Edwards,5,1954,1954,VinylSd,VinylSd,0.0,0.0,0.0,381.0,381.0,992,0,0,992,6,1954.0,319.0,60,0,56,0,0,0,0,1,Oth,155891
275,90,75.0,9825,Edwards,5,1965,1965,AsphShn,AsphShn,0.0,0.0,0.0,0.0,0.0,1664,0,0,1664,8,,0.0,0,0,0,0,0,0,0,5,WD ,100000
276,20,60.0,10044,Edwards,5,1968,1968,MetalSd,MetalSd,0.0,1070.0,0.0,126.0,1196.0,1196,0,0,1196,6,1968.0,336.0,257,0,168,0,0,0,0,6,WD ,144000
277,50,89.0,11792,Edwards,4,1948,1950,VinylSd,VinylSd,0.0,0.0,0.0,744.0,744.0,792,328,0,1120,5,1956.0,480.0,0,0,0,0,160,0,0,6,WD ,64000
278,80,65.0,6305,Edwards,6,1975,1975,Plywood,Plywood,0.0,528.0,0.0,480.0,1008.0,1096,0,0,1096,5,1975.0,352.0,0,0,0,0,0,0,0,6,WD ,125200
279,80,94.0,7819,Edwards,6,1976,1976,Plywood,Plywood,0.0,422.0,127.0,480.0,1029.0,1117,0,0,1117,6,1976.0,672.0,144,0,0,0,0,0,0,3,WD ,107000
280,20,64.0,6410,Edwards,4,1958,1958,WdShing,Wd Shng,0.0,0.0,0.0,960.0,960.0,960,0,0,960,5,,0.0,0,0,0,0,0,0,0,5,WD ,90000
281,20,80.0,8546,Edwards,4,2003,2004,VinylSd,VinylSd,0.0,0.0,0.0,1121.0,1121.0,1121,0,0,1121,5,2003.0,440.0,132,64,0,0,0,0,0,3,WD ,140000
282,50,52.0,8741,Edwards,6,1945,1950,VinylSd,VinylSd,0.0,94.0,0.0,641.0,735.0,798,689,0,1487,7,1949.0,220.0,0,140,0,0,0,0,0,4,WD ,113000
283,190,60.0,12180,Edwards,4,1941,1950,MetalSd,MetalSd,0.0,348.0,0.0,324.0,672.0,672,252,0,924,5,1941.0,280.0,0,0,0,0,0,0,0,7,WD ,80000
284,20,68.0,8562,Edwards,5,1957,2002,HdBoard,HdBoard,145.0,383.0,0.0,833.0,1216.0,1526,0,0,1526,7,1957.0,364.0,116,78,0,0,0,0,0,5,WD ,144500
285,30,67.0,4853,SWISU,5,1924,1999,MetalSd,VinylSd,203.0,133.0,0.0,974.0,1107.0,1296,0,0,1296,5,1979.0,260.0,0,0,36,0,0,0,0,5,WD ,104000
286,70,66.0,6858,SWISU,6,1915,1950,Wd Sdng,Wd Sdng,0.0,0.0,0.0,806.0,806.0,841,806,0,1647,6,1920.0,216.0,0,66,136,0,0,0,0,5,WD ,128000
287,30,45.0,8212,Edwards,3,1914,1950,Stucco,Stucco,0.0,203.0,0.0,661.0,864.0,864,0,0,864,5,1938.0,200.0,0,0,96,0,0,0,0,6,WD ,58500
288,50,50.0,5000,SWISU,5,1924,1950,BrkFace,Wd Sdng,0.0,218.0,0.0,808.0,1026.0,1026,665,0,1691,6,1924.0,308.0,0,0,242,0,0,0,0,5,WD ,127000
289,30,,7890,SWISU,6,1939,1950,Wd Sdng,Wd Sdng,0.0,238.0,0.0,618.0,856.0,856,0,0,856,4,1939.0,399.0,0,0,0,0,166,0,0,3,WD ,126000
290,90,60.0,7200,SWISU,4,1967,1967,Plywood,CBlock,0.0,0.0,0.0,0.0,0.0,862,1788,0,2650,10,,0.0,0,0,0,0,0,0,500,2,WD ,160000
291,50,51.0,9839,SWISU,5,1931,1950,VinylSd,VinylSd,0.0,0.0,0.0,894.0,894.0,894,772,0,1666,7,,0.0,0,156,0,0,0,0,0,5,WD ,100000
292,50,50.0,9638,SWISU,6,1919,1990,Wd Sdng,Wd Shng,0.0,0.0,0.0,804.0,804.0,1699,748,0,2447,10,1969.0,336.0,272,0,42,0,116,0,0,3,WD ,169000
293,50,78.0,10452,Crawfor,7,1941,1985,Wd Sdng,Wd Sdng,371.0,426.0,252.0,850.0,1528.0,1225,908,0,2133,8,1941.0,312.0,0,0,86,0,0,0,0,7,WD ,257500
294,90,78.0,15600,Crawfor,5,1950,1991,VinylSd,VinylSd,430.0,375.0,0.0,657.0,1032.0,1102,1075,0,2177,11,1950.0,484.0,0,0,0,0,0,0,0,3,WD ,215000
295,70,66.0,9042,Crawfor,7,1941,2006,CemntBd,CmentBd,0.0,275.0,0.0,877.0,1152.0,1188,1152,0,2340,9,1941.0,252.0,0,60,0,0,0,0,2500,5,WD ,266500
296,20,100.0,17500,Crawfor,7,1959,2002,BrkFace,HdBoard,0.0,1406.0,0.0,496.0,1902.0,1902,0,0,1902,7,1959.0,567.0,0,207,162,0,0,0,0,5,WD ,335000
297,80,85.0,19645,Crawfor,7,1994,2007,VinylSd,VinylSd,44.0,343.0,0.0,80.0,423.0,896,756,0,1652,6,1994.0,473.0,0,0,0,0,0,0,0,6,WD ,203135
298,120,35.0,3907,Blueste,8,1989,1989,HdBoard,HdBoard,0.0,747.0,0.0,235.0,982.0,1034,0,0,1034,4,1989.0,598.0,141,36,0,0,0,0,0,4,WD ,185000
299,120,35.0,3907,Blueste,8,1989,1989,HdBoard,HdBoard,0.0,76.0,0.0,1115.0,1191.0,1191,0,0,1191,5,1989.0,531.0,112,81,0,0,0,0,0,3,WD ,162500
300,20,100.0,15602,Crawfor,7,1959,1997,BrkFace,Wd Sdng,0.0,1247.0,0.0,254.0,1501.0,1801,0,0,1801,6,1959.0,484.0,0,54,0,0,161,0,0,3,WD ,289000
301,50,40.0,5436,IDOTRR,4,1922,2007,VinylSd,VinylSd,0.0,735.0,0.0,61.0,796.0,796,358,0,1154,7,1922.0,240.0,0,96,0,0,0,0,0,5,WD ,125500
302,30,58.0,8154,IDOTRR,2,1941,1950,Wd Sdng,Wd Sdng,0.0,480.0,0.0,0.0,480.0,540,0,0,540,4,1951.0,200.0,0,0,0,0,0,0,0,4,ConLw,82000
303,50,50.0,9140,IDOTRR,6,1921,1975,Wd Sdng,Wd Sdng,0.0,308.0,0.0,321.0,629.0,727,380,0,1107,5,1950.0,625.0,0,56,0,0,200,0,0,4,COD,110000
304,50,60.0,7500,IDOTRR,4,1920,1950,MetalSd,MetalSd,0.0,0.0,0.0,698.0,698.0,698,430,0,1128,6,1980.0,528.0,30,0,164,0,0,0,0,4,COD,68400
305,50,66.0,8712,IDOTRR,4,1900,1950,MetalSd,MetalSd,0.0,0.0,0.0,859.0,859.0,859,319,0,1178,7,1964.0,384.0,68,0,98,0,0,0,0,1,WD ,102776
306,20,66.0,8712,IDOTRR,5,1952,1952,Wd Sdng,Wd Sdng,0.0,0.0,0.0,540.0,540.0,1044,0,0,1044,4,1952.0,504.0,0,0,0,0,0,0,54,6,WD ,55993
307,30,66.0,8712,IDOTRR,4,1896,1950,Wd Sdng,Wd Sdng,0.0,0.0,0.0,756.0,756.0,952,0,0,952,5,1896.0,330.0,0,0,265,0,0,0,0,6,WD ,50138
308,120,44.0,3811,Crawfor,8,2004,2005,CemntBd,CmentBd,186.0,1373.0,0.0,221.0,1594.0,1646,0,0,1646,5,2004.0,525.0,128,53,0,0,155,0,0,5,WD ,246000
309,60,85.0,11050,Mitchel,8,1998,1999,VinylSd,VinylSd,0.0,615.0,0.0,434.0,1049.0,1036,880,0,1916,8,1998.0,741.0,0,70,0,0,0,0,0,5,WD ,254900
310,80,74.0,9620,Mitchel,6,1977,1977,Plywood,Plywood,0.0,679.0,0.0,564.0,1243.0,1285,0,0,1285,6,1977.0,473.0,375,26,0,0,0,0,80,5,WD ,190000
311,20,129.0,9196,Mitchel,7,2003,2003,VinylSd,VinylSd,0.0,0.0,0.0,1560.0,1560.0,1560,0,0,1560,7,2003.0,573.0,100,150,0,0,0,0,0,4,WD ,201000
312,80,,12328,Mitchel,6,1976,1976,HdBoard,HdBoard,335.0,539.0,0.0,473.0,1012.0,1034,0,0,1034,6,1976.0,888.0,0,0,0,0,0,0,0,5,WD ,169900
313,90,,12760,Mitchel,6,1976,1976,Plywood,Plywood,0.0,0.0,0.0,1958.0,1958.0,2048,0,0,2048,9,1976.0,776.0,0,0,0,0,0,0,0,3,ConLD,170000
314,20,,57200,Timber,5,1948,1950,Wd Sdng,Wd Sdng,0.0,353.0,334.0,60.0,747.0,1687,0,0,1687,7,1966.0,572.0,0,0,50,0,0,0,0,6,WD ,160000
315,20,88.0,11896,Timber,7,2008,2008,VinylSd,VinylSd,60.0,78.0,0.0,1258.0,1336.0,1346,0,0,1346,6,2008.0,660.0,100,48,0,0,0,0,0,5,WD ,220000
316,20,73.0,9803,Timber,7,2009,2010,VinylSd,VinylSd,0.0,0.0,0.0,1214.0,1214.0,1214,0,0,1214,6,2010.0,520.0,0,25,0,0,0,0,0,1,New,179781
317,60,73.0,9802,Timber,5,2006,2007,VinylSd,VinylSd,0.0,0.0,0.0,384.0,384.0,744,700,0,1444,7,2007.0,400.0,100,0,0,0,0,0,0,4,WD ,174000
318,60,92.0,12003,Timber,8,2009,2010,VinylSd,VinylSd,84.0,0.0,0.0,774.0,774.0,774,1194,0,1968,8,2009.0,680.0,0,75,0,0,0,0,0,5,New,269500
319,60,80.0,11316,Timber,7,2002,2003,VinylSd,VinylSd,44.0,624.0,0.0,193.0,817.0,824,1070,0,1894,8,2002.0,510.0,0,40,0,0,0,0,0,2,WD ,214900
320,60,85.0,14191,Timber,8,2002,2002,VinylSd,VinylSd,0.0,0.0,0.0,967.0,967.0,993,915,0,1908,9,2002.0,431.0,135,0,0,0,0,0,0,4,WD ,202900
321,20,89.0,13214,Timber,9,2008,2009,Stucco,CmentBd,0.0,0.0,0.0,2002.0,2002.0,2018,0,0,2018,10,2009.0,746.0,144,76,0,0,0,0,0,5,WD ,378500
322,20,85.0,15300,Mitchel,5,1965,1977,Plywood,HdBoard,0.0,42.0,0.0,1026.0,1068.0,1264,0,0,1264,7,1965.0,528.0,0,0,0,0,0,0,0,6,WD ,169000
323,20,93.0,10114,Mitchel,5,2004,2005,VinylSd,VinylSd,0.0,0.0,0.0,1430.0,1430.0,1430,0,0,1430,7,2004.0,624.0,0,0,0,0,0,0,0,3,WD ,173500
324,90,94.0,9400,Mitchel,6,1971,1971,MetalSd,Wd Shng,0.0,0.0,0.0,912.0,912.0,912,912,0,1824,8,,0.0,128,0,0,0,0,0,0,4,WD ,139000
325,20,,11875,Mitchel,5,1999,1999,VinylSd,VinylSd,0.0,0.0,0.0,1344.0,1344.0,1344,0,0,1344,7,2001.0,686.0,328,0,0,0,0,0,0,6,WD ,166500
326,160,,1974,MeadowV,4,1973,1973,CemntBd,CmentBd,0.0,334.0,0.0,212.0,546.0,546,546,0,1092,6,1973.0,286.0,120,96,0,0,0,0,0,5,WD ,83500
327,120,31.0,2394,MeadowV,5,1973,1973,CemntBd,CmentBd,0.0,915.0,0.0,30.0,945.0,945,0,0,945,5,1973.0,253.0,174,0,56,0,108,0,0,5,WD ,119500
328,160,36.0,2592,MeadowV,5,1976,1976,CemntBd,CmentBd,0.0,129.0,232.0,175.0,536.0,536,576,0,1112,4,1976.0,336.0,182,0,0,0,0,0,0,4,WD ,85000
329,160,21.0,1476,MeadowV,4,1970,1970,CemntBd,CmentBd,0.0,176.0,0.0,370.0,546.0,546,546,0,1092,5,,0.0,200,26,0,0,0,0,0,3,WD ,76000
330,180,21.0,1491,MeadowV,4,1972,1972,CemntBd,CmentBd,0.0,150.0,480.0,0.0,630.0,630,0,0,630,3,,0.0,96,24,0,0,0,0,0,5,WD ,75500
331,160,21.0,1900,MeadowV,4,1970,1970,CemntBd,CmentBd,0.0,0.0,0.0,546.0,546.0,546,546,0,1092,5,,0.0,0,0,0,0,0,0,0,6,WD ,88250
332,160,21.0,1890,MeadowV,4,1972,1972,CemntBd,CmentBd,0.0,294.0,0.0,252.0,546.0,546,546,0,1092,5,1972.0,286.0,0,0,64,0,0,0,0,6,WD ,85500
333,20,50.0,6953,Mitchel,5,1971,2004,VinylSd,VinylSd,0.0,469.0,0.0,395.0,864.0,874,0,0,874,5,1971.0,352.0,0,0,0,0,0,0,0,6,ConLD,130000
334,20,,26142,Mitchel,5,1962,1962,HdBoard,HdBoard,189.0,593.0,0.0,595.0,1188.0,1188,0,0,1188,6,1962.0,312.0,261,39,0,0,0,0,0,4,WD ,157900
335,20,76.0,12887,Mitchel,5,1984,1984,VinylSd,VinylSd,0.0,207.0,590.0,36.0,833.0,833,0,0,833,5,1984.0,495.0,431,0,0,0,0,0,0,4,WD ,149900
336,90,70.0,7700,Mitchel,5,1985,1986,HdBoard,HdBoard,0.0,0.0,0.0,1216.0,1216.0,1216,1216,0,2432,10,1985.0,616.0,200,0,0,0,0,0,600,2,WD ,159000
337,60,63.0,10475,Mitchel,5,1991,1991,HdBoard,HdBoard,0.0,458.0,0.0,166.0,624.0,624,650,0,1274,6,1993.0,576.0,22,0,0,0,0,0,0,3,WD ,136000
338,50,68.0,10544,Mitchel,5,1969,1969,HdBoard,HdBoard,0.0,476.0,0.0,388.0,864.0,864,615,0,1479,8,1969.0,275.0,287,0,280,0,0,0,0,4,WD ,161000
339,20,76.0,9892,Mitchel,8,1994,1995,VinylSd,VinylSd,0.0,1341.0,284.0,54.0,1679.0,1803,0,0,1803,6,1994.0,482.0,129,64,222,0,0,0,0,2,WD ,285000
340,60,74.0,12961,Mitchel,6,1993,1994,VinylSd,VinylSd,0.0,944.0,0.0,208.0,1152.0,1152,645,0,1797,7,1993.0,616.0,162,312,0,0,0,0,0,3,WD ,231000
341,20,74.0,13008,NAmes,6,1956,1956,MetalSd,MetalSd,0.0,564.0,0.0,318.0,882.0,882,0,0,882,5,1956.0,502.0,0,0,0,0,0,0,0,10,WD ,124500
342,20,85.0,10200,NAmes,6,1974,1974,Plywood,Plywood,440.0,844.0,0.0,590.0,1434.0,1434,0,0,1434,7,1974.0,528.0,80,21,0,0,0,0,0,6,WD ,157000
343,80,75.0,13860,NAmes,8,1972,1995,Plywood,Wd Sdng,0.0,1410.0,0.0,542.0,1952.0,2000,704,0,2704,9,1972.0,538.0,269,111,0,0,0,0,0,7,WD ,345000
344,60,88.0,10179,Gilbert,6,1997,1997,VinylSd,VinylSd,0.0,847.0,0.0,98.0,945.0,945,663,0,1608,7,1997.0,470.0,252,30,0,0,0,0,0,7,WD ,189500
345,60,,11792,Gilbert,8,2003,2003,VinylSd,VinylSd,188.0,850.0,0.0,158.0,1008.0,1008,1275,0,2283,9,2003.0,632.0,120,46,0,0,0,0,0,8,WD ,270000
346,80,60.0,8400,Gilbert,7,1996,1997,HdBoard,HdBoard,32.0,284.0,0.0,100.0,384.0,958,670,0,1628,7,1996.0,390.0,48,72,0,0,0,0,490,6,WD ,189000
347,20,42.0,14892,Gilbert,9,2006,2007,VinylSd,VinylSd,160.0,1320.0,0.0,426.0,1746.0,1746,0,0,1746,7,2006.0,758.0,201,39,0,0,0,0,0,10,WD ,377500
348,80,,8530,Gilbert,7,1995,1996,HdBoard,HdBoard,22.0,0.0,0.0,384.0,384.0,804,670,0,1474,7,1995.0,400.0,120,72,0,0,0,0,700,5,WD ,168500
349,120,28.0,7296,StoneBr,8,2004,2005,CemntBd,CmentBd,0.0,1965.0,0.0,243.0,2208.0,2522,0,0,2522,8,2004.0,564.0,182,57,0,0,0,0,0,11,WD ,375000
350,120,40.0,5664,StoneBr,8,2000,2000,CemntBd,CmentBd,0.0,1158.0,0.0,343.0,1501.0,1659,0,0,1659,5,2000.0,499.0,212,59,0,0,0,0,0,10,WD ,278000
351,120,61.0,7380,StoneBr,8,1998,1998,CemntBd,CmentBd,0.0,341.0,0.0,1077.0,1418.0,1478,0,0,1478,5,1998.0,495.0,168,43,0,0,0,0,0,7,WD ,240000
352,120,57.0,8013,StoneBr,8,1995,1996,CemntBd,CmentBd,0.0,741.0,0.0,846.0,1587.0,1734,0,0,1734,6,1995.0,528.0,52,50,0,0,0,0,0,9,WD ,239500
353,80,57.0,8923,Gilbert,7,1998,1998,VinylSd,VinylSd,0.0,189.0,0.0,195.0,384.0,751,631,0,1382,7,1998.0,396.0,256,0,0,0,0,0,0,2,WD ,177500
354,60,74.0,10141,Gilbert,7,1998,1998,VinylSd,VinylSd,40.0,0.0,0.0,832.0,832.0,885,833,0,1718,7,1998.0,427.0,0,94,0,0,291,0,0,12,WD ,185000
355,60,60.0,7500,Gilbert,6,1998,1999,VinylSd,VinylSd,0.0,476.0,0.0,476.0,952.0,952,684,0,1636,7,1998.0,440.0,0,84,0,0,0,0,0,10,WD ,191000
356,60,59.0,7837,Gilbert,6,1993,1994,VinylSd,VinylSd,0.0,0.0,0.0,799.0,799.0,799,772,0,1571,7,1993.0,380.0,0,40,0,0,0,0,0,5,WD ,178000
357,60,,9765,Gilbert,6,1993,1993,VinylSd,VinylSd,68.0,310.0,0.0,370.0,680.0,680,790,0,1470,6,1993.0,420.0,232,63,0,0,0,0,480,4,WD ,185000
358,60,,8803,Gilbert,6,1994,1995,HdBoard,HdBoard,0.0,600.0,0.0,107.0,707.0,707,809,0,1516,7,1994.0,409.0,0,46,0,0,0,0,0,7,WD ,181316
359,20,58.0,7250,Gilbert,6,1993,1993,HdBoard,HdBoard,45.0,0.0,0.0,1181.0,1181.0,1190,0,0,1190,6,1993.0,430.0,0,21,0,0,0,0,0,11,WD ,166000
360,60,,9636,Gilbert,6,1992,1993,VinylSd,VinylSd,0.0,0.0,0.0,808.0,808.0,808,785,0,1593,7,1993.0,389.0,342,40,0,0,0,0,0,12,WD ,178000
361,60,65.0,8125,Gilbert,6,1994,1995,HdBoard,HdBoard,0.0,0.0,0.0,702.0,702.0,702,779,0,1481,6,1994.0,343.0,0,36,0,0,0,0,0,3,WD ,174000
362,20,,9248,Gilbert,6,1992,1992,HdBoard,HdBoard,106.0,560.0,0.0,598.0,1158.0,1167,0,0,1167,6,1992.0,400.0,120,26,0,0,0,0,0,7,WD ,173000
363,60,,10762,Gilbert,7,1999,1999,VinylSd,VinylSd,344.0,694.0,0.0,284.0,978.0,1005,978,0,1983,9,1999.0,490.0,0,0,0,0,0,0,0,5,WD ,225000
364,20,99.0,11851,Gilbert,7,1990,1990,HdBoard,HdBoard,0.0,0.0,0.0,1424.0,1424.0,1442,0,0,1442,5,1990.0,500.0,0,34,0,508,0,0,0,5,WD ,180500
365,120,,5814,StoneBr,8,1984,1984,HdBoard,HdBoard,0.0,1036.0,0.0,184.0,1220.0,1360,0,0,1360,4,1984.0,565.0,63,0,0,0,0,0,0,8,COD,187500
366,20,63.0,17423,StoneBr,9,2008,2009,VinylSd,VinylSd,748.0,1904.0,0.0,312.0,2216.0,2234,0,0,2234,9,2009.0,1166.0,0,60,0,0,0,0,0,7,New,501837
367,20,80.0,11844,StoneBr,8,2008,2008,VinylSd,VinylSd,464.0,0.0,0.0,2046.0,2046.0,2046,0,0,2046,7,2008.0,834.0,322,82,0,0,0,0,0,7,New,372500
368,20,124.0,16158,StoneBr,7,2005,2005,VinylSd,VinylSd,16.0,1274.0,0.0,256.0,1530.0,1530,0,0,1530,7,2005.0,430.0,168,36,0,0,0,0,0,6,WD ,260000
369,60,85.0,11900,Gilbert,5,1977,1977,HdBoard,Wd Sdng,157.0,400.0,0.0,722.0,1122.0,946,988,0,1934,6,1977.0,567.0,0,176,0,0,200,0,0,7,WD ,185000
370,60,94.0,13005,NWAmes,7,1980,1980,CemntBd,CmentBd,278.0,692.0,0.0,153.0,845.0,1153,1200,0,2353,10,1983.0,484.0,288,195,0,0,0,0,0,8,WD ,260000
371,20,48.0,17043,NWAmes,6,1979,1998,HdBoard,HdBoard,0.0,0.0,0.0,1362.0,1362.0,1586,0,0,1586,7,1979.0,435.0,192,0,0,0,0,0,0,1,WD ,181000
372,20,85.0,11900,NWAmes,7,1977,1977,Plywood,Plywood,209.0,822.0,0.0,564.0,1386.0,1411,0,0,1411,6,1977.0,544.0,192,0,0,0,0,0,0,4,WD ,82500
373,20,,16635,NWAmes,6,1977,2000,CemntBd,CmentBd,126.0,1246.0,0.0,356.0,1602.0,1602,0,0,1602,8,1977.0,529.0,240,0,0,0,0,0,0,6,WD ,215000
374,60,,13250,NWAmes,7,1978,1978,HdBoard,HdBoard,256.0,0.0,0.0,832.0,832.0,1154,896,0,2050,8,1978.0,529.0,192,192,0,0,0,0,0,5,WD ,154000
375,20,80.0,10928,NWAmes,6,1978,1986,VinylSd,VinylSd,101.0,363.0,0.0,1064.0,1427.0,1671,0,0,1671,7,1978.0,484.0,252,55,0,0,0,0,0,8,WD ,200000
376,60,,12388,NWAmes,7,1980,1991,Plywood,Plywood,229.0,602.0,0.0,441.0,1043.0,1539,1134,0,2673,9,1980.0,441.0,178,84,0,0,0,0,0,8,WD ,249000
377,80,,14115,NWAmes,7,1980,1980,Plywood,Plywood,225.0,1036.0,0.0,336.0,1372.0,1472,0,0,1472,6,1980.0,588.0,233,48,0,0,0,0,0,6,WD ,187500
378,20,80.0,11088,NWAmes,6,1978,1998,HdBoard,HdBoard,144.0,832.0,0.0,308.0,1140.0,1707,0,0,1707,7,1978.0,479.0,0,0,0,0,0,0,0,5,WD ,184000
379,20,80.0,9600,NWAmes,8,1981,1981,BrkFace,BrkFace,0.0,1104.0,0.0,1420.0,2524.0,2524,0,0,2524,9,1981.0,542.0,474,120,0,0,0,0,0,7,WD ,278000
380,20,82.0,11880,NWAmes,7,1978,1978,Plywood,Plywood,206.0,704.0,0.0,567.0,1271.0,1601,0,0,1601,7,1978.0,478.0,0,0,0,0,0,0,0,4,COD,157000
381,20,80.0,10400,NWAmes,7,1976,1976,HdBoard,HdBoard,189.0,0.0,0.0,1090.0,1090.0,1370,0,0,1370,6,1976.0,479.0,0,0,0,0,0,0,0,6,WD ,152000
382,60,,10304,NWAmes,5,1976,1976,Plywood,Plywood,44.0,381.0,0.0,399.0,780.0,1088,780,0,1868,9,1976.0,484.0,448,96,0,0,0,0,0,10,WD ,197500
383,60,70.0,7000,Somerst,7,2003,2003,CemntBd,CmentBd,0.0,622.0,0.0,304.0,926.0,1016,868,0,1884,7,2003.0,581.0,0,35,0,0,0,0,0,6,WD ,240900
384,60,75.0,8004,Somerst,8,2009,2009,VinylSd,VinylSd,110.0,544.0,0.0,288.0,832.0,832,1103,0,1935,8,2009.0,552.0,0,150,0,0,0,0,0,12,New,263435
385,60,,7500,Somerst,8,2000,2001,VinylSd,VinylSd,0.0,0.0,0.0,1058.0,1058.0,1058,816,0,1874,7,2000.0,588.0,0,134,0,0,0,0,0,3,WD ,220000
386,60,,8470,Somerst,8,2002,2002,VinylSd,VinylSd,0.0,225.0,276.0,471.0,972.0,972,839,0,1811,7,2002.0,565.0,225,48,0,0,0,0,0,10,WD ,235000
387,20,,9373,NWAmes,5,1975,1975,HdBoard,HdBoard,161.0,1333.0,168.0,120.0,1621.0,1621,0,0,1621,7,1975.0,478.0,0,0,0,0,490,0,0,6,WD ,213000
388,20,78.0,10140,NWAmes,6,1974,1974,Plywood,Plywood,196.0,888.0,0.0,228.0,1116.0,1116,0,0,1116,6,1974.0,528.0,0,0,0,0,0,0,0,4,WD ,167900
389,20,85.0,11050,NWAmes,7,1975,1975,Plywood,Plywood,0.0,636.0,0.0,540.0,1176.0,1193,0,0,1193,5,1975.0,506.0,40,0,0,0,0,0,0,8,WD ,158000
390,20,78.0,10140,NWAmes,6,1974,1974,HdBoard,HdBoard,174.0,0.0,0.0,1064.0,1064.0,1350,0,0,1350,7,1974.0,478.0,0,0,0,0,0,0,0,8,WD ,165000
391,80,,10448,NWAmes,6,1972,1972,HdBoard,HdBoard,333.0,0.0,0.0,689.0,689.0,1378,741,0,2119,7,1972.0,583.0,0,104,0,0,0,0,0,8,COD,158000
392,90,60.0,9000,NAmes,5,1974,1974,VinylSd,VinylSd,0.0,0.0,0.0,896.0,896.0,896,896,0,1792,8,,0.0,32,45,0,0,0,0,0,9,WD ,136000
393,20,,8750,NAmes,5,1970,1970,MetalSd,MetalSd,76.0,828.0,0.0,174.0,1002.0,1002,0,0,1002,5,1973.0,902.0,0,0,0,0,0,0,0,8,WD ,148500
394,20,61.0,7930,NAmes,6,1969,2005,Plywood,Plywood,0.0,439.0,472.0,115.0,1026.0,1026,0,0,1026,5,1969.0,440.0,171,48,0,0,0,0,0,7,WD ,156000
395,20,,7830,NAmes,5,1970,1970,HdBoard,HdBoard,0.0,0.0,0.0,1180.0,1180.0,1180,0,0,1180,6,1970.0,477.0,0,45,0,0,0,0,0,3,COD,128000
396,20,,8510,NAmes,5,1971,1971,Plywood,Plywood,178.0,500.0,0.0,543.0,1043.0,1050,0,0,1050,6,1971.0,336.0,0,0,0,0,0,0,0,7,WD ,143000
397,20,60.0,7038,NAmes,4,1970,1970,VinylSd,VinylSd,0.0,726.0,0.0,138.0,864.0,864,0,0,864,5,2001.0,576.0,210,0,0,0,0,0,0,9,WD ,76500
398,20,60.0,6960,NAmes,4,1970,1970,HdBoard,Plywood,0.0,375.0,239.0,250.0,864.0,864,0,0,864,5,1989.0,660.0,96,0,0,0,0,0,500,11,WD ,120500
399,20,70.0,8120,NAmes,4,1970,1970,MetalSd,MetalSd,0.0,191.0,0.0,673.0,864.0,864,0,0,864,5,1994.0,463.0,0,0,0,0,0,0,0,7,WD ,124500
400,20,70.0,10500,NAmes,4,1971,1971,HdBoard,HdBoard,0.0,524.0,180.0,160.0,864.0,864,0,0,864,4,1989.0,576.0,216,0,0,0,0,0,0,3,WD ,97000
401,20,60.0,9000,NAmes,4,1971,2006,VinylSd,VinylSd,0.0,240.0,0.0,624.0,864.0,864,0,0,864,5,1986.0,576.0,200,0,0,0,0,0,0,7,WD ,130000
402,160,21.0,1680,BrDale,6,1973,1973,HdBoard,HdBoard,504.0,254.0,0.0,229.0,483.0,483,504,0,987,5,1973.0,264.0,0,0,0,0,0,0,0,7,WD ,111000
403,160,24.0,2368,BrDale,5,1970,1970,HdBoard,HdBoard,312.0,765.0,0.0,0.0,765.0,765,600,0,1365,7,1970.0,440.0,0,36,0,0,0,0,0,5,WD ,125000
404,160,21.0,1680,BrDale,5,1971,1971,HdBoard,HdBoard,142.0,0.0,0.0,630.0,630.0,630,672,0,1302,6,1991.0,280.0,0,0,0,0,0,0,0,5,COD,112000
405,160,21.0,1680,BrDale,6,1972,1972,HdBoard,HdBoard,425.0,110.0,294.0,79.0,483.0,483,504,0,987,5,1972.0,288.0,0,0,0,0,0,0,0,7,WD ,97000
406,160,21.0,1680,BrDale,6,1972,2007,HdBoard,HdBoard,510.0,162.0,0.0,321.0,483.0,483,504,0,987,5,1972.0,264.0,250,0,0,0,0,0,0,5,WD ,118000
407,160,21.0,1680,BrDale,5,1972,1972,CemntBd,CmentBd,268.0,231.0,0.0,399.0,630.0,630,672,0,1302,6,1972.0,264.0,185,0,0,0,0,0,0,2,WD ,119500
408,120,,4928,NPkVill,6,1976,1976,Plywood,Plywood,0.0,958.0,0.0,0.0,958.0,958,0,0,958,5,1976.0,440.0,0,60,0,0,0,0,0,10,WD ,143750
409,160,24.0,2308,NPkVill,6,1976,1976,Plywood,Brk Cmn,0.0,306.0,0.0,498.0,804.0,804,744,0,1548,7,1976.0,440.0,108,0,0,0,0,0,0,9,WD ,146000
410,160,24.0,2280,NPkVill,6,1976,1976,Plywood,Brk Cmn,0.0,566.0,0.0,289.0,855.0,855,601,0,1456,7,1976.0,440.0,87,0,0,0,0,0,0,7,WD ,148500
411,120,24.0,2280,NPkVill,7,1975,1975,Plywood,Brk Cmn,0.0,435.0,622.0,0.0,1057.0,1055,0,0,1055,4,1975.0,440.0,0,27,0,0,0,0,0,8,WD ,123000
412,160,24.0,2308,NPkVill,6,1974,1974,Plywood,Brk Cmn,0.0,257.0,495.0,103.0,855.0,855,467,0,1322,6,1974.0,440.0,260,0,0,0,0,0,0,6,WD ,147000
413,160,24.0,2349,NPkVill,6,1977,1977,Plywood,Brk Cmn,0.0,389.0,0.0,466.0,855.0,855,601,0,1456,6,1977.0,440.0,0,28,0,0,0,0,0,5,WD ,137900
414,160,24.0,2364,NPkVill,6,1978,1978,Plywood,Brk Cmn,0.0,320.0,0.0,484.0,804.0,804,744,0,1548,7,1978.0,440.0,108,0,0,0,0,0,0,7,WD ,147000
415,160,24.0,2289,NPkVill,6,1978,1978,Plywood,Brk Cmn,0.0,311.0,0.0,544.0,855.0,855,586,0,1441,7,1978.0,440.0,28,0,0,0,0,0,0,4,WD ,148500
416,160,24.0,2364,NPkVill,6,1978,1978,Plywood,Brk Cmn,0.0,279.0,0.0,576.0,855.0,855,601,0,1456,6,1978.0,440.0,147,0,0,0,0,0,0,4,WD ,138000
417,120,24.0,2104,NPkVill,7,1976,1976,Plywood,Brk Cmn,0.0,536.0,0.0,300.0,836.0,836,0,0,836,5,1976.0,345.0,150,20,0,0,0,0,0,10,WD ,128500
418,20,65.0,7150,NAmes,5,1967,1967,HdBoard,HdBoard,60.0,432.0,0.0,460.0,892.0,892,0,0,892,5,1967.0,288.0,0,0,0,0,0,0,0,7,WD ,100000
419,20,,10710,NAmes,5,1966,2004,HdBoard,HdBoard,165.0,644.0,0.0,220.0,864.0,1120,0,0,1120,5,1966.0,656.0,0,162,0,0,0,0,1200,7,WD ,148800
420,20,96.0,12456,NridgHt,10,2006,2007,CemntBd,CmentBd,230.0,1172.0,0.0,528.0,1700.0,1718,0,0,1718,7,2008.0,786.0,216,48,0,0,0,0,0,7,WD ,337500
421,60,110.0,14257,NridgHt,9,2007,2007,VinylSd,VinylSd,726.0,1360.0,0.0,416.0,1776.0,1794,978,0,2772,10,2007.0,754.0,135,64,0,0,0,0,0,6,WD ,462000
422,60,104.0,13518,NridgHt,9,2008,2009,VinylSd,VinylSd,860.0,0.0,0.0,1926.0,1926.0,1966,1174,0,3140,11,2009.0,820.0,144,78,0,0,0,0,0,7,New,485000
423,20,105.0,15431,NridgHt,10,2008,2008,VinylSd,VinylSd,200.0,1767.0,539.0,788.0,3094.0,2402,0,0,2402,10,2008.0,672.0,0,72,0,0,170,0,0,4,WD ,555000
424,20,108.0,13173,NridgHt,9,2006,2007,VinylSd,VinylSd,300.0,1572.0,0.0,80.0,1652.0,1652,0,0,1652,6,2006.0,840.0,404,102,0,0,0,0,0,11,WD ,325000
425,20,110.0,14230,NridgHt,8,2007,2007,VinylSd,VinylSd,640.0,0.0,0.0,1566.0,1566.0,1600,0,0,1600,7,2007.0,890.0,0,56,0,0,0,0,0,7,WD ,256300
426,20,98.0,12704,NridgHt,8,2008,2009,VinylSd,VinylSd,306.0,0.0,0.0,2042.0,2042.0,2042,0,0,2042,8,2009.0,1390.0,0,90,0,0,0,0,0,8,New,253293
427,60,95.0,12350,NridgHt,9,2009,2009,VinylSd,VinylSd,0.0,986.0,0.0,379.0,1365.0,1365,1325,0,2690,8,2009.0,864.0,0,197,0,0,0,0,0,7,New,398800
428,60,96.0,11308,NridgHt,9,2008,2008,VinylSd,VinylSd,154.0,936.0,0.0,168.0,1104.0,1130,1054,0,2184,10,2008.0,836.0,0,102,0,0,0,0,0,7,WD ,335000
429,20,95.0,12350,NridgHt,9,2008,2008,VinylSd,VinylSd,450.0,1232.0,0.0,788.0,2020.0,2020,0,0,2020,7,2008.0,896.0,192,98,0,0,0,0,0,5,WD ,404000
430,20,94.0,12220,NridgHt,10,2009,2009,CemntBd,CmentBd,305.0,1436.0,0.0,570.0,2006.0,2020,0,0,2020,9,2009.0,900.0,156,54,0,0,0,0,0,9,New,402861
431,60,97.0,13478,NridgHt,10,2008,2008,CemntBd,CmentBd,420.0,1338.0,0.0,384.0,1722.0,1728,568,0,2296,10,2008.0,842.0,382,274,0,0,0,0,0,6,ConLI,451950
432,20,105.0,13693,NridgHt,10,2007,2007,VinylSd,VinylSd,472.0,2288.0,0.0,342.0,2630.0,2674,0,0,2674,8,2007.0,762.0,360,50,0,0,0,0,0,3,WD ,610000
433,60,107.0,13891,NridgHt,9,2008,2009,VinylSd,VinylSd,424.0,0.0,0.0,1734.0,1734.0,1734,1088,0,2822,12,2009.0,1020.0,52,170,0,0,192,0,0,1,New,582933
434,20,95.0,11578,NridgHt,9,2008,2008,VinylSd,VinylSd,302.0,0.0,0.0,1736.0,1736.0,1736,0,0,1736,7,2008.0,834.0,319,90,0,0,0,0,0,7,WD ,360000
435,20,129.0,16870,NridgHt,8,2004,2005,VinylSd,VinylSd,238.0,1531.0,0.0,251.0,1782.0,1782,0,0,1782,7,2004.0,932.0,99,82,0,0,0,0,0,4,WD ,296000
436,60,59.0,23303,NridgHt,8,2007,2007,VinylSd,VinylSd,20.0,1230.0,0.0,278.0,1508.0,1508,1012,0,2520,10,2007.0,640.0,192,273,0,0,0,0,0,6,WD ,409900
437,20,87.0,11146,NridgHt,8,2006,2006,VinylSd,VinylSd,250.0,0.0,0.0,1709.0,1709.0,1717,0,0,1717,7,2006.0,908.0,169,39,0,0,0,0,0,7,WD ,255500
438,20,87.0,10367,NridgHt,9,2008,2008,VinylSd,VinylSd,284.0,1015.0,0.0,724.0,1739.0,1743,0,0,1743,8,2008.0,927.0,168,45,0,0,0,0,0,6,ConLI,335000
439,20,76.0,9591,NridgHt,8,2004,2005,VinylSd,VinylSd,262.0,1088.0,0.0,625.0,1713.0,1713,0,0,1713,7,2004.0,856.0,0,26,0,0,170,0,0,1,WD ,274900
440,20,77.0,10872,NridgHt,9,2006,2006,VinylSd,VinylSd,122.0,1037.0,0.0,467.0,1504.0,1531,0,0,1531,6,2006.0,700.0,184,52,0,0,0,0,0,2,WD ,300000
441,20,102.0,13514,NridgHt,9,2008,2008,VinylSd,VinylSd,285.0,1142.0,0.0,632.0,1774.0,1808,0,0,1808,7,2008.0,850.0,200,26,0,0,0,0,0,3,WD ,324000
442,60,74.0,8834,NridgHt,9,2004,2005,VinylSd,VinylSd,216.0,1170.0,0.0,292.0,1462.0,1462,762,0,2224,10,2004.0,738.0,184,0,0,0,0,0,0,6,WD ,350000
443,20,107.0,11362,NridgHt,8,2004,2005,MetalSd,MetalSd,42.0,1039.0,0.0,797.0,1836.0,1836,0,0,1836,7,2004.0,862.0,125,185,0,0,0,0,0,3,WD ,280000
444,20,85.0,10655,NridgHt,8,2003,2004,VinylSd,VinylSd,296.0,1124.0,479.0,1603.0,3206.0,1629,0,0,1629,7,2003.0,880.0,0,0,0,0,0,0,0,10,WD ,284000
445,20,90.0,12878,NridgHt,7,2003,2004,VinylSd,VinylSd,418.0,1262.0,0.0,498.0,1760.0,1760,0,0,1760,8,2003.0,583.0,165,190,0,0,0,0,0,6,WD ,269500
446,20,79.0,9541,NridgHt,7,2009,2009,VinylSd,VinylSd,268.0,0.0,0.0,1502.0,1502.0,1502,0,0,1502,7,2009.0,644.0,0,114,0,0,0,0,0,9,New,233170
447,20,103.0,13472,NridgHt,10,2003,2003,VinylSd,VinylSd,922.0,56.0,0.0,2336.0,2392.0,2392,0,0,2392,8,2003.0,968.0,248,105,0,0,0,0,0,6,WD ,386250
448,20,110.0,15274,NridgHt,9,2003,2003,VinylSd,VinylSd,724.0,1972.0,0.0,480.0,2452.0,2452,0,0,2452,10,2003.0,886.0,0,116,0,0,0,0,0,7,WD ,445000
449,60,96.0,13262,NridgHt,8,2003,2004,VinylSd,VinylSd,186.0,0.0,0.0,1082.0,1082.0,1105,1295,0,2400,10,2003.0,730.0,114,40,0,0,0,0,0,6,WD ,290000
450,20,70.0,9658,NridgHt,8,2006,2006,VinylSd,VinylSd,383.0,0.0,0.0,1598.0,1598.0,1606,0,0,1606,6,2006.0,871.0,230,60,0,0,0,0,0,7,WD ,255900
451,120,47.0,6904,NridgHt,6,2005,2005,VinylSd,VinylSd,240.0,836.0,0.0,522.0,1358.0,1358,0,0,1358,6,2005.0,484.0,192,36,0,0,0,0,0,8,WD ,213000
452,120,34.0,5381,NridgHt,6,2005,2005,VinylSd,VinylSd,135.0,900.0,0.0,406.0,1306.0,1306,0,0,1306,5,2005.0,624.0,170,63,0,0,0,0,0,8,WD ,196000
453,120,34.0,5122,NridgHt,6,2005,2005,VinylSd,VinylSd,135.0,881.0,0.0,425.0,1306.0,1306,0,0,1306,5,2005.0,624.0,170,63,0,0,0,0,0,3,WD ,184500
454,120,80.0,10307,NridgHt,7,2007,2008,VinylSd,VinylSd,176.0,876.0,0.0,474.0,1350.0,1358,0,0,1358,6,2008.0,484.0,192,26,0,0,0,0,0,5,WD ,212500
455,120,34.0,5001,NridgHt,7,2007,2008,VinylSd,VinylSd,166.0,904.0,0.0,410.0,1314.0,1314,0,0,1314,6,2008.0,626.0,172,62,0,0,0,0,0,7,WD ,230000
456,20,100.0,14836,NridgHt,10,2004,2005,CemntBd,CmentBd,730.0,2146.0,0.0,346.0,2492.0,2492,0,0,2492,8,2004.0,949.0,226,235,0,0,0,0,0,2,WD ,552000
457,20,117.0,15262,NridgHt,8,2003,2004,VinylSd,VinylSd,470.0,1557.0,0.0,643.0,2200.0,2200,0,0,2200,8,2003.0,685.0,208,55,0,0,0,0,0,7,WD ,382500
458,120,44.0,7390,NridgHt,9,2008,2009,MetalSd,MetalSd,308.0,800.0,0.0,1084.0,1884.0,1884,0,0,1884,6,2008.0,649.0,231,90,0,0,0,0,0,5,New,320000
459,120,48.0,6472,NridgHt,9,2008,2008,VinylSd,VinylSd,500.0,0.0,0.0,1451.0,1451.0,1456,0,0,1456,6,2008.0,539.0,192,42,0,0,0,0,0,4,WD ,248500
460,20,129.0,16770,NridgHt,8,2002,2003,VinylSd,VinylSd,270.0,1196.0,0.0,516.0,1712.0,1712,0,0,1712,8,2002.0,701.0,218,183,0,0,0,0,0,9,WD ,286500
461,120,48.0,6240,NridgHt,8,2006,2006,MetalSd,MetalSd,176.0,863.0,0.0,461.0,1324.0,1324,0,0,1324,6,2006.0,550.0,192,38,0,0,0,0,0,12,WD ,254000
462,120,48.0,3480,NridgHt,7,2003,2003,VinylSd,VinylSd,163.0,0.0,0.0,1405.0,1405.0,1405,0,0,1405,6,2003.0,478.0,148,36,0,0,0,0,0,11,WD ,173000
463,160,36.0,2268,NridgHt,7,2003,2004,VinylSd,Wd Shng,106.0,567.0,0.0,197.0,764.0,764,862,0,1626,6,2003.0,474.0,0,27,0,0,0,0,0,7,WD ,173000
464,60,63.0,10928,Gilbert,7,2005,2005,VinylSd,VinylSd,0.0,0.0,0.0,728.0,728.0,728,728,0,1456,8,2005.0,390.0,100,0,0,0,0,0,0,6,WD ,184000
465,60,57.0,8918,Gilbert,6,2005,2006,VinylSd,VinylSd,0.0,0.0,0.0,745.0,745.0,745,745,0,1490,7,2005.0,392.0,36,20,0,0,0,0,0,7,WD ,167800
466,60,149.0,12589,Gilbert,6,2005,2005,VinylSd,VinylSd,0.0,0.0,0.0,742.0,742.0,742,742,0,1484,8,2005.0,390.0,36,24,0,0,0,0,0,6,WD ,174000
467,60,122.0,11911,Gilbert,6,2005,2005,VinylSd,VinylSd,0.0,0.0,0.0,684.0,684.0,684,876,0,1560,6,2005.0,400.0,100,38,0,0,0,0,0,3,WD ,174000
468,120,53.0,3684,Blmngtn,7,2007,2007,VinylSd,VinylSd,130.0,0.0,0.0,1373.0,1373.0,1555,0,0,1555,7,2007.0,660.0,143,20,0,0,0,0,0,6,WD ,174000
469,120,51.0,3635,Blmngtn,7,2007,2007,VinylSd,VinylSd,130.0,988.0,0.0,398.0,1386.0,1569,0,0,1569,7,2007.0,660.0,143,20,0,0,0,0,0,5,WD ,175900
470,120,43.0,3182,Blmngtn,7,2005,2006,VinylSd,VinylSd,16.0,16.0,0.0,1357.0,1373.0,1555,0,0,1555,7,2005.0,430.0,143,20,0,0,0,0,0,5,WD ,192500
471,120,43.0,3182,Blmngtn,7,2005,2006,VinylSd,VinylSd,16.0,16.0,0.0,1330.0,1346.0,1504,0,0,1504,7,2005.0,457.0,156,0,0,0,0,0,0,5,WD ,181000
472,120,43.0,3182,Blmngtn,7,2005,2006,VinylSd,VinylSd,16.0,16.0,0.0,1204.0,1220.0,1220,0,0,1220,5,2005.0,397.0,100,16,0,0,0,0,0,8,WD ,180000
473,120,43.0,3182,Blmngtn,7,2005,2006,VinylSd,VinylSd,11.0,16.0,0.0,1129.0,1145.0,1145,0,0,1145,5,2005.0,397.0,100,16,0,0,0,0,0,9,WD ,160200
474,60,71.0,7795,Gilbert,7,2004,2005,VinylSd,VinylSd,0.0,425.0,0.0,291.0,716.0,716,716,0,1432,6,2004.0,432.0,100,51,0,0,0,0,0,7,WD ,188500
475,60,,8068,Gilbert,6,2002,2002,VinylSd,VinylSd,0.0,0.0,0.0,1010.0,1010.0,1010,1257,0,2267,8,2002.0,390.0,120,46,0,0,0,0,0,12,ConLI,200000
476,80,59.0,9434,Gilbert,7,2004,2005,WdShing,Wd Shng,0.0,0.0,0.0,384.0,384.0,744,630,0,1374,6,2004.0,400.0,100,0,0,0,0,0,0,8,WD ,170000
477,60,62.0,7984,Gilbert,7,2004,2005,VinylSd,VinylSd,200.0,0.0,0.0,868.0,868.0,868,762,0,1630,7,2004.0,436.0,120,48,0,0,0,0,0,9,WD ,189500
478,80,,7750,Gilbert,8,2002,2002,VinylSd,VinylSd,0.0,353.0,0.0,55.0,408.0,779,640,0,1419,7,2002.0,527.0,120,0,0,0,0,0,0,3,WD ,184100
479,60,61.0,10125,Gilbert,7,2004,2004,VinylSd,VinylSd,0.0,0.0,0.0,846.0,846.0,846,748,0,1594,7,2004.0,434.0,300,48,0,0,0,0,0,7,WD ,195500
480,60,,8965,Gilbert,7,2003,2003,VinylSd,VinylSd,0.0,652.0,0.0,130.0,782.0,806,683,0,1489,8,2003.0,400.0,0,75,0,0,0,0,0,6,WD ,192000
481,60,,8174,Gilbert,7,2003,2003,VinylSd,VinylSd,0.0,494.0,0.0,204.0,698.0,698,644,0,1342,7,2003.0,393.0,100,56,0,0,0,0,0,5,WD ,178000
482,120,34.0,5063,NridgHt,7,2007,2008,VinylSd,VinylSd,166.0,904.0,0.0,410.0,1314.0,1314,0,0,1314,6,2008.0,626.0,172,62,0,0,0,0,0,4,ConLw,207500
483,60,,8795,Gilbert,7,2000,2000,VinylSd,VinylSd,0.0,300.0,0.0,652.0,952.0,980,1276,0,2256,8,2000.0,554.0,224,54,0,0,0,0,0,4,WD ,236000
484,60,,12891,Gilbert,8,2002,2002,VinylSd,VinylSd,,651.0,0.0,219.0,870.0,878,1126,0,2004,8,2002.0,644.0,0,48,0,0,0,0,0,7,WD ,257500
485,60,,12224,Gilbert,6,2000,2000,VinylSd,VinylSd,40.0,695.0,0.0,297.0,992.0,1022,1032,0,2054,7,2000.0,390.0,24,48,0,0,0,0,0,7,WD ,244000
486,80,61.0,9734,Gilbert,7,2004,2004,VinylSd,VinylSd,0.0,241.0,113.0,30.0,384.0,744,630,0,1374,7,2004.0,400.0,0,0,0,0,0,0,0,5,WD ,167000
487,60,60.0,8123,Gilbert,6,2000,2000,VinylSd,VinylSd,16.0,0.0,0.0,982.0,982.0,1007,793,0,1800,7,2000.0,463.0,100,63,0,0,0,0,0,6,WD ,179000
488,60,42.0,8433,Gilbert,6,2000,2000,VinylSd,VinylSd,0.0,683.0,0.0,111.0,794.0,819,695,0,1514,7,2000.0,394.0,0,72,0,0,0,0,0,6,WD ,190000
489,80,62.0,7750,Gilbert,7,1999,2000,VinylSd,VinylSd,0.0,0.0,0.0,384.0,384.0,774,656,0,1430,7,1999.0,400.0,0,0,0,0,0,0,0,3,WD ,156000
490,60,,15896,Gilbert,7,1999,1999,VinylSd,VinylSd,210.0,913.0,0.0,264.0,1177.0,1223,1089,0,2312,8,1999.0,658.0,298,0,0,0,0,0,0,5,WD ,245000
491,60,,24682,Gilbert,6,1999,1999,VinylSd,VinylSd,0.0,0.0,0.0,841.0,841.0,892,783,0,1675,7,1999.0,502.0,0,103,0,0,0,0,0,6,WD ,181000
492,60,,8755,Gilbert,7,1999,1999,VinylSd,VinylSd,298.0,772.0,0.0,220.0,992.0,1022,1038,0,2060,8,1999.0,390.0,0,0,0,168,0,0,0,6,WD ,214000
493,80,64.0,7848,Gilbert,7,1999,1999,VinylSd,VinylSd,0.0,0.0,0.0,384.0,384.0,774,656,0,1430,7,1999.0,410.0,0,0,0,0,0,0,0,6,WD ,168000
494,60,82.0,9430,NoRidge,8,1999,1999,VinylSd,VinylSd,673.0,1163.0,0.0,89.0,1252.0,1268,1097,0,2365,8,1999.0,856.0,0,128,0,0,180,0,0,7,WD ,337000
495,60,174.0,15138,NoRidge,8,1995,1996,VinylSd,VinylSd,506.0,689.0,0.0,773.0,1462.0,1490,1304,0,2794,9,1995.0,810.0,0,146,202,0,0,0,0,7,WD ,403000
496,60,106.0,12720,NoRidge,8,2000,2000,VinylSd,VinylSd,150.0,1173.0,0.0,282.0,1455.0,1466,1221,0,2687,10,2000.0,810.0,252,30,0,0,0,0,0,9,WD ,327000
497,60,,16545,NoRidge,8,1998,1998,VinylSd,VinylSd,731.0,781.0,0.0,503.0,1284.0,1310,1140,0,2450,7,1998.0,1069.0,0,126,0,0,0,0,0,5,WD ,340000
498,60,98.0,12203,NoRidge,8,1998,1999,VinylSd,VinylSd,975.0,854.0,0.0,371.0,1225.0,1276,1336,0,2612,8,1998.0,676.0,250,0,0,0,0,0,0,7,WD ,336000
499,60,79.0,10208,NoRidge,7,1996,1997,VinylSd,VinylSd,921.0,0.0,0.0,1264.0,1264.0,1277,1067,0,2344,7,1996.0,889.0,220,0,0,0,0,0,0,7,WD ,265000
500,20,,10750,NoRidge,8,1994,1995,Wd Sdng,Wd Sdng,634.0,236.0,1526.0,262.0,2024.0,2063,0,0,2063,7,1994.0,815.0,182,56,0,0,0,0,0,6,WD ,315000
501,60,90.0,9900,NoRidge,7,1993,1993,HdBoard,HdBoard,256.0,987.0,0.0,360.0,1347.0,1372,1274,0,2646,9,1993.0,656.0,340,60,144,0,0,0,0,4,WD ,260000
502,60,79.0,9085,NoRidge,7,1995,1996,VinylSd,VinylSd,286.0,816.0,0.0,254.0,1070.0,1094,967,0,2061,7,1995.0,647.0,296,102,209,0,0,0,0,11,WD ,260000
503,60,,11692,NoRidge,8,1993,1994,HdBoard,HdBoard,372.0,624.0,0.0,549.0,1173.0,1215,1017,0,2232,8,1993.0,623.0,173,165,0,0,0,0,0,10,WD ,263550
504,60,52.0,46589,NoRidge,8,1994,2005,VinylSd,VinylSd,528.0,1361.0,180.0,88.0,1629.0,1686,762,0,2448,8,1994.0,711.0,517,76,0,0,0,0,0,7,WD ,402000
505,60,,29959,NoRidge,7,1994,1994,HdBoard,HdBoard,0.0,595.0,0.0,378.0,973.0,979,871,0,1850,7,1994.0,467.0,168,98,0,0,0,0,0,1,WD ,248000
506,20,74.0,9612,Somerst,8,2008,2009,VinylSd,VinylSd,72.0,0.0,0.0,1468.0,1468.0,1468,0,0,1468,6,2008.0,898.0,210,150,0,0,0,0,0,12,New,244600
507,20,86.0,11194,Somerst,8,2008,2008,VinylSd,VinylSd,240.0,0.0,0.0,1696.0,1696.0,1696,0,0,1696,7,2008.0,972.0,120,56,0,0,0,0,0,9,WD ,275000
508,20,78.0,10206,Somerst,8,2008,2008,VinylSd,VinylSd,294.0,0.0,0.0,1614.0,1614.0,1658,0,0,1658,7,2008.0,726.0,144,44,0,0,0,0,0,9,WD ,257500
509,20,78.0,9262,Somerst,8,2008,2009,CemntBd,CmentBd,194.0,0.0,0.0,1573.0,1573.0,1578,0,0,1578,7,2008.0,840.0,0,36,0,0,0,0,0,5,New,287090
510,20,85.0,10130,Somerst,8,2007,2007,VinylSd,VinylSd,260.0,1294.0,0.0,408.0,1702.0,1702,0,0,1702,7,2007.0,844.0,0,69,0,0,0,0,0,3,WD ,275500
511,20,76.0,9139,Somerst,8,2006,2006,VinylSd,VinylSd,206.0,379.0,0.0,1043.0,1422.0,1432,0,0,1432,7,2006.0,492.0,297,50,0,0,0,0,0,9,WD ,245000
512,60,75.0,9675,Somerst,7,2005,2005,VinylSd,VinylSd,0.0,341.0,0.0,772.0,1113.0,1113,858,0,1971,8,2005.0,689.0,0,48,0,0,0,0,0,2,WD ,253000
513,20,85.0,11128,Somerst,9,2005,2006,VinylSd,VinylSd,198.0,2158.0,0.0,300.0,2458.0,2490,0,0,2490,9,2005.0,795.0,70,226,0,0,0,0,0,10,WD ,468000
514,60,72.0,8640,Somerst,7,2009,2009,VinylSd,VinylSd,0.0,822.0,0.0,78.0,900.0,932,920,0,1852,7,2009.0,644.0,168,108,0,0,0,0,0,7,New,252678
515,60,75.0,9000,Somerst,8,2008,2008,VinylSd,VinylSd,0.0,0.0,0.0,768.0,768.0,786,804,0,1590,6,2008.0,676.0,0,30,0,0,0,0,0,6,WD ,210000
516,20,75.0,7862,Somerst,6,2009,2009,VinylSd,VinylSd,0.0,27.0,0.0,1191.0,1218.0,1218,0,0,1218,4,2009.0,676.0,0,102,0,0,0,0,0,9,New,208300
517,20,90.0,7993,Somerst,7,2008,2009,VinylSd,VinylSd,,0.0,0.0,1436.0,1436.0,1436,0,0,1436,6,2008.0,529.0,0,121,0,0,0,0,0,10,New,225000
518,20,72.0,8640,Somerst,8,2009,2009,CemntBd,CmentBd,72.0,936.0,0.0,364.0,1300.0,1314,0,0,1314,6,2009.0,552.0,135,112,0,0,0,0,0,9,New,229456
519,20,72.0,8640,Somerst,7,2008,2008,VinylSd,VinylSd,0.0,0.0,0.0,1402.0,1402.0,1402,0,0,1402,7,2008.0,625.0,205,126,0,0,0,0,0,5,WD ,229800
520,20,112.0,12606,Somerst,9,2007,2008,VinylSd,VinylSd,120.0,0.0,0.0,1530.0,1530.0,1530,0,0,1530,7,2008.0,984.0,212,136,0,0,0,0,0,5,WD ,250000
521,20,85.0,9187,Somerst,9,2009,2009,CemntBd,CmentBd,162.0,1121.0,0.0,645.0,1766.0,1766,0,0,1766,7,2009.0,478.0,195,130,0,0,0,0,0,10,New,370878
522,20,75.0,7500,Somerst,8,2006,2007,VinylSd,VinylSd,238.0,24.0,0.0,1348.0,1372.0,1448,0,0,1448,6,2006.0,692.0,0,140,0,0,0,0,0,6,WD ,238500
523,60,85.0,11003,Somerst,10,2008,2008,VinylSd,VinylSd,160.0,765.0,0.0,252.0,1017.0,1026,981,0,2007,10,2008.0,812.0,168,52,0,0,0,0,0,4,WD ,310000
524,60,84.0,10603,Somerst,8,2006,2006,VinylSd,VinylSd,121.0,682.0,0.0,218.0,900.0,909,886,0,1795,8,2006.0,782.0,168,45,0,0,0,0,0,7,WD ,270000
525,60,85.0,10574,Somerst,8,2005,2006,VinylSd,VinylSd,0.0,0.0,0.0,1082.0,1082.0,1082,871,0,1953,9,2005.0,1043.0,160,50,0,0,0,0,0,5,WD ,252000
526,60,65.0,8125,Somerst,7,2006,2007,CemntBd,CmentBd,100.0,812.0,0.0,280.0,1092.0,1112,438,0,1550,7,2007.0,438.0,0,168,0,0,0,0,0,10,WD ,241000
527,20,65.0,8125,Somerst,8,2008,2009,VinylSd,VinylSd,288.0,0.0,0.0,1836.0,1836.0,1836,0,0,1836,8,2009.0,517.0,0,175,0,0,0,0,0,10,New,264500
528,20,85.0,10625,Somerst,7,2006,2007,VinylSd,VinylSd,0.0,1430.0,0.0,222.0,1652.0,1662,0,0,1662,8,2006.0,711.0,168,120,0,0,0,0,0,3,WD ,291000
529,60,75.0,9375,Somerst,7,2003,2004,VinylSd,VinylSd,0.0,0.0,0.0,912.0,912.0,912,1182,0,2094,8,2003.0,615.0,182,182,0,0,0,0,0,11,WD ,263000
530,20,62.0,7500,Somerst,7,2004,2005,VinylSd,VinylSd,0.0,410.0,0.0,811.0,1221.0,1221,0,0,1221,6,2004.0,400.0,0,113,0,0,0,0,0,10,WD ,185000
531,20,68.0,8736,Somerst,7,2003,2004,VinylSd,Wd Shng,0.0,771.0,360.0,422.0,1553.0,1553,0,0,1553,6,2003.0,588.0,192,88,0,0,0,0,0,8,WD ,234500
532,60,65.0,8127,Somerst,7,2003,2003,VinylSd,VinylSd,0.0,410.0,0.0,402.0,812.0,812,841,0,1653,6,2003.0,628.0,0,45,0,0,0,0,0,3,WD ,209000
533,20,80.0,9605,SawyerW,7,2007,2007,VinylSd,VinylSd,0.0,0.0,0.0,1218.0,1218.0,1218,0,0,1218,6,2007.0,576.0,0,178,0,0,0,0,0,4,WD ,159000
534,20,63.0,7500,SawyerW,7,2006,2006,VinylSd,VinylSd,0.0,54.0,0.0,1087.0,1141.0,1141,0,0,1141,6,2006.0,484.0,182,0,0,0,0,0,0,6,WD ,152000
535,20,63.0,7500,SawyerW,6,2004,2004,VinylSd,VinylSd,0.0,0.0,0.0,1158.0,1158.0,1158,0,0,1158,5,,0.0,0,50,0,0,0,0,0,8,WD ,143500
536,60,96.0,10628,SawyerW,7,2004,2004,VinylSd,VinylSd,0.0,0.0,0.0,835.0,835.0,871,941,0,1812,8,2004.0,478.0,146,91,0,0,0,0,0,1,WD ,193000
537,20,76.0,10141,SawyerW,8,2004,2004,VinylSd,VinylSd,264.0,516.0,774.0,222.0,1512.0,1512,0,0,1512,6,2004.0,845.0,210,36,0,0,0,0,0,1,WD ,203000
538,20,67.0,10083,SawyerW,7,2003,2003,VinylSd,VinylSd,,833.0,0.0,343.0,1176.0,1200,0,0,1200,5,2003.0,555.0,0,41,0,0,0,0,0,8,WD ,184900
539,20,63.0,13072,SawyerW,7,2004,2005,VinylSd,VinylSd,0.0,0.0,0.0,1114.0,1114.0,1114,0,0,1114,6,2005.0,576.0,248,102,0,0,0,0,0,5,WD ,159000
540,20,63.0,13072,SawyerW,5,2004,2004,VinylSd,VinylSd,0.0,0.0,0.0,1114.0,1114.0,1114,0,0,1114,6,,0.0,0,39,0,0,0,0,0,8,WD ,142000
541,20,60.0,12450,SawyerW,5,2003,2004,VinylSd,VinylSd,0.0,836.0,0.0,278.0,1114.0,1114,0,0,1114,6,2004.0,576.0,0,42,0,0,0,0,0,6,WD ,153000
542,20,61.0,7328,SawyerW,7,2008,2009,VinylSd,VinylSd,140.0,0.0,0.0,1450.0,1450.0,1450,0,0,1450,6,2008.0,788.0,0,93,0,0,0,0,0,2,New,224243
543,60,43.0,11492,SawyerW,7,1996,1997,VinylSd,VinylSd,132.0,637.0,0.0,276.0,913.0,913,1209,0,2122,8,1997.0,559.0,0,74,0,0,0,0,0,4,WD ,220000
544,20,88.0,10994,SawyerW,8,2005,2006,VinylSd,VinylSd,366.0,976.0,0.0,868.0,1844.0,1844,0,0,1844,7,2005.0,620.0,165,44,0,0,0,0,0,9,COD,257000
545,20,65.0,8529,SawyerW,7,2001,2001,VinylSd,VinylSd,0.0,20.0,0.0,1434.0,1454.0,1434,0,0,1434,6,2001.0,527.0,290,39,0,0,0,0,0,4,WD ,189000
546,60,70.0,7703,SawyerW,6,1992,1992,HdBoard,HdBoard,0.0,52.0,364.0,400.0,816.0,833,897,0,1730,6,1992.0,528.0,0,91,0,0,168,0,0,11,WD ,171500
547,160,75.0,10762,SawyerW,6,1980,1980,Plywood,Plywood,0.0,0.0,0.0,626.0,626.0,626,591,0,1217,6,1980.0,288.0,0,28,0,0,0,0,0,4,WD ,120000
548,120,50.0,7175,SawyerW,6,1990,1991,Plywood,ImStucc,0.0,0.0,0.0,1332.0,1332.0,1332,0,0,1332,5,1990.0,542.0,0,60,0,0,0,0,0,2,WD ,145000
549,60,70.0,9109,SawyerW,7,1994,1994,VinylSd,VinylSd,0.0,36.0,596.0,122.0,754.0,754,786,0,1540,6,1994.0,495.0,140,32,0,0,0,0,0,10,WD ,184000
550,60,,10274,SawyerW,6,1986,1986,VinylSd,VinylSd,141.0,331.0,0.0,345.0,676.0,698,702,0,1400,6,1986.0,465.0,0,48,0,0,0,0,0,7,WD ,162000
551,90,75.0,8250,SawyerW,6,1981,1981,Wd Sdng,Wd Shng,0.0,0.0,0.0,0.0,0.0,964,918,0,1882,8,1981.0,612.0,0,0,0,0,0,0,0,5,WD ,160000
552,20,60.0,8400,SawyerW,4,1950,1950,Wd Sdng,AsbShng,0.0,0.0,0.0,721.0,721.0,841,0,0,841,4,1950.0,294.0,250,0,24,0,0,0,0,9,WD ,82000
553,45,60.0,9000,SawyerW,6,1928,1950,Wd Sdng,Wd Sdng,0.0,0.0,0.0,784.0,784.0,784,0,0,784,5,1950.0,360.0,0,0,91,0,0,0,0,10,WD ,76000
554,20,63.0,9750,Sawyer,5,1962,1962,HdBoard,Plywood,0.0,68.0,884.0,28.0,980.0,980,0,0,980,5,1969.0,400.0,0,28,0,0,0,0,0,11,WD ,110000
555,20,71.0,7064,Sawyer,5,1977,1977,Plywood,Plywood,153.0,560.0,0.0,420.0,980.0,980,0,0,980,6,1986.0,484.0,192,0,0,0,0,0,0,7,WD ,135000
556,20,,8499,Sawyer,5,1961,1961,MetalSd,MetalSd,0.0,660.0,0.0,204.0,864.0,864,0,0,864,5,1982.0,732.0,0,312,0,0,0,0,0,6,WD ,141000
557,20,,9079,Sawyer,5,1961,1961,Wd Sdng,Plywood,0.0,864.0,0.0,0.0,864.0,864,0,0,864,5,1961.0,440.0,158,0,0,0,0,0,0,7,WD ,122000
558,20,,9316,Sawyer,5,1965,1965,HdBoard,Plywood,0.0,544.0,0.0,480.0,1024.0,1020,0,0,1020,5,1965.0,288.0,171,0,0,0,0,0,0,5,Oth,124100
559,20,,7791,Sawyer,5,1963,1995,Plywood,Plywood,0.0,624.0,0.0,288.0,912.0,912,0,0,912,6,1963.0,300.0,0,0,0,0,0,0,0,10,WD ,129000
560,20,80.0,10000,Sawyer,5,1961,1983,HdBoard,HdBoard,0.0,594.0,0.0,270.0,864.0,1144,0,0,1144,6,1961.0,264.0,165,0,0,0,0,0,400,3,WD ,131400
561,20,60.0,8281,Sawyer,5,1965,1965,MetalSd,MetalSd,0.0,553.0,311.0,0.0,864.0,864,0,0,864,5,1965.0,360.0,0,0,236,0,0,0,0,12,WD ,62383
562,20,65.0,7150,Sawyer,5,1962,1962,VinylSd,VinylSd,60.0,140.0,590.0,182.0,912.0,912,0,0,912,6,1962.0,252.0,0,0,0,0,0,0,0,10,WD ,123000
563,20,,15676,Veenker,8,1980,1980,VinylSd,VinylSd,115.0,1733.0,92.0,189.0,2014.0,2014,0,0,2014,6,1980.0,864.0,462,0,0,255,0,0,0,4,WD ,275000
564,60,,11949,NoRidge,7,1991,2008,VinylSd,VinylSd,196.0,601.0,216.0,158.0,975.0,975,780,0,1755,7,1991.0,524.0,502,60,0,0,0,0,0,7,WD ,235000
565,160,32.0,2880,Somerst,7,2004,2005,MetalSd,MetalSd,0.0,0.0,0.0,1376.0,1376.0,1376,1629,0,3005,9,2004.0,704.0,0,177,0,0,0,0,0,7,WD ,280750
566,160,40.0,3951,Somerst,6,2009,2009,VinylSd,VinylSd,76.0,0.0,0.0,612.0,612.0,612,612,0,1224,4,2009.0,528.0,0,234,0,0,0,0,0,6,New,164500
567,160,30.0,3000,Somerst,6,2009,2009,VinylSd,VinylSd,76.0,294.0,0.0,318.0,612.0,612,612,0,1224,4,2009.0,528.0,0,234,0,0,0,0,0,6,New,173733
568,120,,3830,Somerst,6,2008,2008,VinylSd,VinylSd,280.0,0.0,0.0,1726.0,1726.0,1726,0,0,1726,6,2008.0,561.0,0,254,0,0,0,0,0,1,New,222000
569,120,,4217,Somerst,6,2008,2008,VinylSd,VinylSd,252.0,962.0,0.0,183.0,1145.0,1256,0,0,1256,5,2008.0,641.0,0,169,0,0,0,0,0,3,WD ,195000
570,160,34.0,3230,Somerst,6,1999,1999,MetalSd,MetalSd,894.0,381.0,0.0,348.0,729.0,742,729,0,1471,6,1999.0,440.0,0,24,0,0,0,0,0,3,WD ,172500
571,160,34.0,2998,Somerst,6,2000,2000,MetalSd,MetalSd,513.0,507.0,0.0,249.0,756.0,756,756,0,1512,4,2000.0,440.0,0,32,0,0,0,0,0,8,WD ,180000
572,160,35.0,3768,Somerst,7,1999,1999,MetalSd,MetalSd,218.0,549.0,0.0,142.0,691.0,713,739,0,1452,6,1999.0,506.0,0,34,0,0,0,0,0,9,WD ,156000
573,160,24.0,2645,Somerst,8,1999,2000,MetalSd,MetalSd,456.0,649.0,0.0,321.0,970.0,983,756,0,1739,7,1999.0,480.0,115,0,0,0,0,0,0,8,WD ,172500
574,20,,14694,Veenker,8,1977,2008,MetalSd,MetalSd,450.0,1252.0,136.0,306.0,1694.0,1694,0,0,1694,5,1977.0,642.0,501,120,0,225,0,0,0,6,WD ,318750
575,120,61.0,3782,Greens,8,1981,1981,Wd Sdng,Plywood,0.0,960.0,0.0,266.0,1226.0,1226,0,0,1226,4,1981.0,484.0,133,78,0,0,0,0,0,9,WD ,211500
576,20,110.0,15417,Veenker,7,1981,1981,BrkFace,BrkFace,0.0,121.0,0.0,1619.0,1740.0,1740,0,0,1740,7,1981.0,540.0,228,20,218,0,0,0,0,6,WD ,241600
577,80,80.0,9600,Veenker,8,1976,1976,Plywood,Plywood,200.0,0.0,0.0,392.0,392.0,1487,1012,0,2499,5,1976.0,527.0,0,64,0,0,0,0,0,1,WD ,180500
578,20,,9991,Sawyer,4,1976,1993,Plywood,Plywood,0.0,1116.0,0.0,165.0,1281.0,1620,0,0,1620,8,1993.0,490.0,120,78,0,0,0,0,0,6,WD ,150000
579,60,78.0,11700,NWAmes,6,1968,1968,MetalSd,MetalSd,0.0,298.0,0.0,429.0,727.0,829,727,0,1556,8,1968.0,441.0,0,0,0,0,0,0,0,5,WD ,154000
580,20,,11717,NWAmes,6,1970,1970,HdBoard,HdBoard,571.0,0.0,0.0,1442.0,1442.0,1442,0,0,1442,6,1970.0,615.0,371,0,0,0,0,0,0,2,WD ,185000
581,20,,9156,NWAmes,6,1968,1968,BrkFace,BrkFace,0.0,0.0,0.0,1489.0,1489.0,1489,0,0,1489,7,1968.0,462.0,0,0,0,0,0,0,0,8,WD ,185750
582,60,,10382,NWAmes,7,1973,1973,HdBoard,HdBoard,240.0,859.0,32.0,216.0,1107.0,1107,983,0,2090,7,1973.0,484.0,235,204,228,0,0,0,350,11,WD ,200000
583,60,,12732,NWAmes,7,1974,1974,VinylSd,VinylSd,0.0,560.0,42.0,150.0,752.0,1285,782,0,2067,7,1974.0,784.0,297,40,0,0,0,0,0,6,WD ,206000
584,60,,12936,NWAmes,6,1972,1972,HdBoard,Plywood,0.0,593.0,0.0,130.0,723.0,735,660,0,1395,6,1972.0,497.0,294,116,0,0,0,0,0,12,WD ,162000
585,60,80.0,10400,NWAmes,6,1967,1997,MetalSd,MetalSd,256.0,0.0,0.0,932.0,932.0,1271,1369,0,2640,8,1967.0,515.0,0,120,0,0,168,0,0,5,WD ,256900
586,80,,17871,NWAmes,6,1967,1976,HdBoard,HdBoard,359.0,528.0,0.0,1152.0,1680.0,1724,0,0,1724,7,1967.0,480.0,0,0,0,0,0,0,0,6,WD ,197900
587,20,80.0,9600,NWAmes,5,1969,1969,HdBoard,HdBoard,128.0,553.0,147.0,588.0,1288.0,1336,0,0,1336,6,1969.0,502.0,312,11,0,0,0,0,650,8,WD ,163000
588,20,75.0,9000,NWAmes,6,1969,1969,HdBoard,HdBoard,200.0,955.0,0.0,261.0,1216.0,1216,0,0,1216,5,1969.0,336.0,0,0,0,0,0,0,0,8,WD ,113000
589,60,,13774,NWAmes,7,1977,1992,HdBoard,HdBoard,283.0,432.0,0.0,476.0,908.0,1316,972,0,2288,8,1977.0,520.0,321,72,0,0,156,0,0,11,WD ,230000
590,20,80.0,9650,NWAmes,6,1977,1977,Plywood,Plywood,360.0,686.0,0.0,664.0,1350.0,1334,0,0,1334,6,1977.0,630.0,0,16,0,0,0,0,0,4,WD ,167900
591,20,78.0,10140,NWAmes,7,1998,1999,VinylSd,VinylSd,0.0,144.0,1127.0,379.0,1650.0,1680,0,0,1680,7,1998.0,583.0,78,73,0,0,0,0,0,6,WD ,213250
592,60,70.0,8400,NWAmes,8,2001,2001,VinylSd,VinylSd,0.0,643.0,0.0,167.0,810.0,810,855,0,1665,6,2001.0,528.0,0,45,0,0,0,0,0,11,WD ,227000
593,20,62.0,7130,NAmes,5,1967,1967,HdBoard,HdBoard,0.0,648.0,0.0,216.0,864.0,864,0,0,864,5,1967.0,312.0,0,0,0,0,0,0,0,6,WD ,130000
594,20,80.0,9600,NAmes,5,1967,1967,HdBoard,HdBoard,0.0,0.0,0.0,1568.0,1568.0,1568,0,0,1568,7,1967.0,440.0,160,40,0,0,0,0,0,3,COD,143000
595,20,70.0,9100,NAmes,5,1965,1965,VinylSd,VinylSd,0.0,338.0,466.0,121.0,925.0,925,0,0,925,5,1965.0,429.0,0,0,0,0,0,0,0,7,WD ,117500
596,60,80.0,9600,NWAmes,7,1974,1974,Plywood,Plywood,252.0,698.0,0.0,467.0,1165.0,1165,896,0,2061,8,1974.0,498.0,0,77,0,0,196,0,0,5,COD,168500
597,85,,16500,NWAmes,6,1971,1971,HdBoard,HdBoard,509.0,962.0,0.0,270.0,1232.0,1320,0,0,1320,5,1971.0,495.0,0,20,0,0,0,0,0,5,WD ,172500
598,20,,9790,NWAmes,6,1967,1967,BrkFace,Wd Sdng,0.0,251.0,630.0,491.0,1372.0,1342,0,0,1342,7,1967.0,457.0,0,0,0,0,197,0,0,9,WD ,161500
599,20,60.0,7436,NAmes,4,1960,1960,VinylSd,VinylSd,0.0,734.0,0.0,160.0,894.0,894,0,0,894,5,1988.0,396.0,0,0,0,360,0,0,0,8,WD ,141500
600,20,65.0,8125,NAmes,5,1959,1959,MetalSd,MetalSd,0.0,403.0,0.0,461.0,864.0,864,0,0,864,5,1960.0,308.0,0,0,0,0,0,0,0,9,WD ,118000
601,20,70.0,9100,NAmes,6,1959,1959,Wd Sdng,Wd Sdng,0.0,612.0,0.0,252.0,864.0,864,0,0,864,5,2008.0,300.0,0,0,0,0,0,0,450,10,WD ,127500
602,20,,9450,NAmes,4,1957,1957,Wd Sdng,Wd Sdng,160.0,775.0,0.0,265.0,1040.0,1362,0,0,1362,6,1982.0,768.0,0,0,84,0,0,0,0,5,WD ,140000
603,20,,13495,NAmes,5,1956,1956,Wd Sdng,Wd Sdng,70.0,625.0,201.0,222.0,1048.0,1728,0,0,1728,7,1956.0,576.0,0,99,0,0,0,0,0,7,WD ,177625
604,90,85.0,11475,NAmes,5,1958,1958,VinylSd,VinylSd,95.0,0.0,0.0,1584.0,1584.0,1776,0,0,1776,9,1968.0,888.0,0,25,0,0,0,0,0,7,COD,110000
605,20,100.0,10004,NAmes,6,1964,1964,HdBoard,Plywood,180.0,196.0,345.0,975.0,1516.0,1516,0,0,1516,6,1964.0,472.0,0,0,0,0,152,0,0,2,WD ,167000
606,20,85.0,9350,NAmes,5,1961,1995,Wd Sdng,Wd Sdng,217.0,310.0,512.0,491.0,1313.0,1313,0,0,1313,6,1961.0,610.0,172,28,0,0,121,0,0,2,WD ,153000
607,20,115.0,10500,NAmes,5,1964,1964,HdBoard,HdBoard,144.0,998.0,0.0,294.0,1292.0,1292,0,0,1292,6,1964.0,520.0,0,32,0,0,92,0,0,7,COD,145100
608,20,,11000,NAmes,5,1966,1966,Plywood,Plywood,200.0,740.0,230.0,184.0,1154.0,1154,0,0,1154,6,1966.0,480.0,0,58,0,0,0,0,0,11,WD ,154000
609,60,,8970,NAmes,5,1965,1965,MetalSd,MetalSd,0.0,388.0,0.0,356.0,744.0,825,1315,0,2140,7,1965.0,549.0,0,40,264,0,0,0,0,6,WD ,177500
610,80,,12095,NAmes,6,1964,1964,MetalSd,HdBoard,115.0,564.0,0.0,563.0,1127.0,1445,0,0,1445,7,1964.0,645.0,180,0,0,0,0,0,0,8,WD ,158000
611,20,80.0,9600,NAmes,5,1959,1959,MetalSd,MetalSd,132.0,991.0,0.0,50.0,1041.0,1041,0,0,1041,6,1959.0,270.0,224,88,0,0,0,0,0,7,WD ,124500
612,80,85.0,11475,NAmes,6,1961,1961,HdBoard,HdBoard,90.0,568.0,0.0,640.0,1208.0,1576,0,0,1576,7,1961.0,368.0,85,0,0,0,0,0,0,9,WD ,174500
613,20,68.0,9768,NAmes,5,1955,1955,Wd Sdng,Wd Sdng,0.0,100.0,247.0,613.0,960.0,960,0,0,960,5,1955.0,330.0,0,70,0,0,0,0,0,2,WD ,122000
614,30,50.0,5330,BrkSide,4,1940,1950,VinylSd,VinylSd,0.0,280.0,0.0,140.0,420.0,708,0,0,708,5,,0.0,164,0,0,0,0,0,0,12,WD ,82500
615,50,,7015,BrkSide,5,1950,1950,MetalSd,MetalSd,161.0,185.0,0.0,524.0,709.0,979,224,0,1203,5,1950.0,352.0,0,0,248,0,0,0,0,7,WD ,110000
616,20,128.0,12160,NAmes,6,1953,1953,Wd Sdng,Wd Sdng,90.0,1024.0,0.0,481.0,1505.0,1505,0,0,1505,6,1953.0,505.0,0,0,0,162,0,0,0,2,WD ,149500
617,20,90.0,9900,NAmes,6,1967,1967,BrkComm,Brk Cmn,0.0,1173.0,0.0,507.0,1680.0,1691,0,0,1691,5,1967.0,550.0,0,67,260,0,0,0,0,4,WD ,175000
618,20,80.0,9600,NAmes,6,1953,1953,HdBoard,HdBoard,238.0,1285.0,0.0,131.0,1416.0,1644,0,0,1644,7,1953.0,418.0,110,0,0,0,0,0,0,10,WD ,167000
619,20,80.0,9600,NAmes,5,1956,1956,MetalSd,MetalSd,0.0,504.0,0.0,546.0,1050.0,1050,0,0,1050,5,1956.0,338.0,0,0,0,0,0,0,0,6,WD ,128900
620,50,80.0,9600,NAmes,6,1950,2005,VinylSd,VinylSd,0.0,120.0,0.0,736.0,856.0,1112,556,0,1668,6,1950.0,271.0,0,0,0,0,0,0,0,9,WD ,140000
621,20,80.0,9600,NAmes,5,1950,2007,MetalSd,MetalSd,0.0,607.0,0.0,506.0,1113.0,1113,0,0,1113,5,1950.0,264.0,0,80,120,0,0,0,0,7,WD ,147000
622,90,65.0,8944,NAmes,5,1967,1967,Plywood,Plywood,0.0,0.0,0.0,1584.0,1584.0,1584,0,0,1584,8,1967.0,792.0,0,152,0,0,0,0,0,4,WD ,124000
623,20,92.0,10573,NAmes,6,1961,1961,MetalSd,MetalSd,3.0,1312.0,0.0,141.0,1453.0,1453,0,0,1453,6,1961.0,530.0,0,49,0,0,288,0,0,4,WD ,187500
624,20,,9500,NAmes,6,1963,1963,Plywood,Plywood,247.0,609.0,0.0,785.0,1394.0,1394,0,0,1394,6,1963.0,514.0,0,76,0,0,185,0,0,7,WD ,159000
625,20,80.0,14695,NAmes,6,1966,2008,MetalSd,MetalSd,210.0,1387.0,0.0,175.0,1562.0,1567,0,0,1567,5,1966.0,542.0,0,110,0,0,342,0,0,7,WD ,256000
626,60,85.0,13600,NAmes,7,1965,1990,HdBoard,HdBoard,176.0,454.0,0.0,314.0,768.0,1186,800,0,1986,7,1965.0,486.0,0,42,0,0,189,0,0,10,WD ,205000
627,60,100.0,13000,NAmes,6,1968,1968,VinylSd,VinylSd,576.0,448.0,0.0,448.0,896.0,1182,960,0,2142,8,1968.0,509.0,0,72,0,0,252,0,0,6,WD ,193500
628,20,120.0,13560,NAmes,6,1968,1968,Wd Sdng,Wd Sdng,216.0,0.0,0.0,1392.0,1392.0,1392,0,0,1392,5,1968.0,576.0,0,0,240,0,0,0,0,7,WD ,110000
629,50,,12513,NAmes,4,1920,2007,VinylSd,VinylSd,0.0,0.0,0.0,715.0,715.0,1281,457,0,1738,7,1920.0,368.0,55,0,0,0,0,0,0,6,WD ,104900
630,20,73.0,8760,NAmes,5,1956,1956,Wd Sdng,Wd Sdng,164.0,856.0,0.0,313.0,1169.0,1144,0,0,1144,6,1956.0,286.0,257,0,0,0,0,0,0,6,WD ,150000
631,20,70.0,8400,NAmes,6,1957,1957,BrkFace,BrkFace,0.0,189.0,661.0,628.0,1478.0,1478,0,0,1478,6,1957.0,442.0,114,0,0,0,216,0,0,6,WD ,156500
632,20,,12285,NAmes,7,1960,1960,Plywood,Plywood,128.0,544.0,0.0,785.0,1329.0,1329,0,0,1329,5,1960.0,441.0,0,0,203,0,0,0,0,8,WD ,176000
633,20,66.0,9240,NAmes,6,1959,1998,MetalSd,MetalSd,0.0,708.0,0.0,280.0,988.0,988,0,0,988,6,1959.0,297.0,156,0,0,0,0,0,0,6,WD ,149500
634,20,80.0,9600,NAmes,6,1958,1988,Wd Sdng,Wd Sdng,183.0,620.0,620.0,0.0,1240.0,1632,0,0,1632,6,1958.0,338.0,289,0,0,0,0,0,0,4,WD ,139000
635,20,66.0,12400,NAmes,6,1958,1998,Wd Sdng,Wd Sdng,176.0,585.0,0.0,630.0,1215.0,1215,0,0,1215,6,1958.0,297.0,0,0,0,0,234,0,0,6,WD ,155000
636,20,70.0,8750,NAmes,5,1956,1956,BrkFace,BrkFace,0.0,435.0,202.0,565.0,1202.0,1202,0,0,1202,6,1956.0,304.0,0,35,120,0,0,0,0,11,COD,120000
637,20,70.0,8750,NAmes,5,1955,1955,AsbShng,AsbShng,0.0,172.0,483.0,727.0,1382.0,1382,0,0,1382,6,1955.0,350.0,280,0,0,0,0,0,0,7,WD ,153000
638,20,80.0,10400,NAmes,4,1956,1956,Plywood,Plywood,0.0,155.0,750.0,295.0,1200.0,1200,0,0,1200,6,1956.0,294.0,0,189,140,0,0,0,0,11,WD ,144000
639,80,120.0,19296,NAmes,6,1962,1962,Wd Sdng,Wd Sdng,399.0,672.0,690.0,0.0,1362.0,1382,0,0,1382,6,1991.0,884.0,0,0,252,0,0,0,0,5,WD ,176000
640,20,74.0,8532,NAmes,5,1954,1990,Wd Sdng,Wd Sdng,650.0,1213.0,0.0,84.0,1297.0,1297,0,0,1297,5,1954.0,498.0,0,0,0,0,0,0,0,10,WD ,153000
641,90,76.0,9482,NAmes,5,1958,1958,Wd Sdng,Wd Sdng,657.0,0.0,0.0,1866.0,1866.0,1866,0,0,1866,8,1958.0,495.0,0,0,0,0,0,0,0,12,WD ,135000
642,20,53.0,8128,NAmes,6,1954,1954,MetalSd,MetalSd,80.0,490.0,0.0,572.0,1062.0,1062,0,0,1062,6,1954.0,297.0,0,0,0,0,0,0,0,2,WD ,131000
643,20,79.0,10634,NAmes,5,1953,1953,MetalSd,MetalSd,0.0,428.0,180.0,0.0,608.0,1319,0,0,1319,5,1953.0,270.0,66,0,0,0,0,0,0,11,WD ,123000
644,20,67.0,13070,NAmes,5,1951,1951,MetalSd,MetalSd,0.0,308.0,0.0,323.0,631.0,1112,0,0,1112,5,1951.0,480.0,0,0,0,0,255,0,0,10,WD ,126000
645,20,60.0,10434,NAmes,4,1955,1955,Plywood,Plywood,0.0,0.0,0.0,1005.0,1005.0,1005,0,0,1005,5,1977.0,672.0,0,0,0,0,0,0,0,11,WD ,115000
646,20,75.0,14559,NAmes,5,1951,2000,Wd Sdng,Wd Sdng,70.0,650.0,180.0,178.0,1008.0,1363,0,0,1363,6,1951.0,288.0,324,42,0,0,168,0,2000,6,WD ,164900
647,30,80.0,8480,NAmes,5,1945,1950,MetalSd,MetalSd,0.0,700.0,0.0,93.0,793.0,793,0,0,793,4,1945.0,240.0,0,0,0,0,0,0,0,8,WD ,113000
648,20,60.0,7626,NAmes,5,1952,2005,Wd Sdng,Wd Sdng,0.0,931.0,0.0,100.0,1031.0,1031,0,0,1031,5,1952.0,230.0,0,0,0,0,0,0,0,3,WD ,145500
649,20,75.0,9533,NAmes,5,1953,1953,Wd Sdng,Wd Sdng,140.0,0.0,0.0,0.0,0.0,1210,0,0,1210,7,1953.0,616.0,208,0,100,0,0,0,0,8,ConLD,102900
650,190,107.0,10615,OldTown,3,1900,1970,HdBoard,HdBoard,0.0,440.0,0.0,538.0,978.0,1014,685,0,1699,7,1920.0,420.0,0,74,0,0,0,0,0,8,WD ,95000
651,60,78.0,11419,NAmes,7,1948,1999,WdShing,Wd Shng,0.0,699.0,0.0,0.0,699.0,801,726,0,1527,6,1948.0,410.0,0,0,134,0,0,0,0,12,WD ,152500
652,20,60.0,9600,NAmes,5,1950,1950,Wd Sdng,Wd Sdng,0.0,390.0,0.0,810.0,1200.0,1200,0,0,1200,6,1950.0,246.0,126,0,0,0,0,0,0,8,WD ,129900
653,20,50.0,8000,NAmes,6,1948,2002,VinylSd,VinylSd,0.0,680.0,0.0,292.0,972.0,972,0,0,972,5,1948.0,240.0,0,0,0,0,0,0,0,5,WD ,132000
654,20,53.0,5470,OldTown,3,1958,1958,MetalSd,MetalSd,0.0,0.0,0.0,792.0,792.0,792,0,0,792,4,1958.0,366.0,0,90,0,0,0,0,0,8,WD ,99900
655,50,60.0,10410,OldTown,5,1916,1987,HdBoard,HdBoard,0.0,0.0,0.0,660.0,660.0,808,704,144,1656,8,1916.0,180.0,0,0,0,140,0,0,0,8,WD ,135000
656,60,60.0,10800,OldTown,5,1939,2006,VinylSd,VinylSd,0.0,0.0,0.0,676.0,676.0,676,676,0,1352,7,1939.0,720.0,187,0,128,0,0,0,0,8,WD ,149000
657,70,80.0,8146,OldTown,4,1900,2003,MetalSd,MetalSd,0.0,0.0,0.0,405.0,405.0,717,322,0,1039,6,1940.0,281.0,0,0,168,0,111,0,0,5,WD ,114000
658,30,52.0,9022,OldTown,5,1924,2006,VinylSd,VinylSd,0.0,0.0,0.0,768.0,768.0,792,0,0,792,5,1924.0,240.0,316,0,120,0,0,0,0,5,WD ,109500
659,30,60.0,10230,OldTown,5,1925,1950,MetalSd,MetalSd,0.0,0.0,0.0,1054.0,1054.0,1078,0,0,1078,6,1987.0,264.0,0,0,0,0,112,0,0,12,WD ,125000
660,50,60.0,10410,OldTown,4,1915,1950,MetalSd,MetalSd,0.0,0.0,0.0,1313.0,1313.0,1313,0,1064,2377,8,1954.0,528.0,0,0,432,0,0,0,0,6,WD ,142900
661,70,60.0,7200,OldTown,7,1910,2008,VinylSd,VinylSd,0.0,0.0,0.0,560.0,560.0,930,760,0,1690,5,2008.0,624.0,0,0,112,0,0,0,0,8,WD ,156500
662,30,90.0,5400,OldTown,2,1940,1950,Stucco,Stucco,0.0,0.0,0.0,416.0,416.0,599,0,0,599,4,,0.0,0,81,0,0,0,0,0,6,WD ,59000
663,50,90.0,5400,OldTown,4,1920,1950,CBlock,CBlock,0.0,315.0,105.0,420.0,840.0,840,534,0,1374,6,1967.0,338.0,0,0,198,0,0,0,0,10,WD ,105000
664,30,60.0,10800,OldTown,5,1920,1950,Wd Sdng,Wd Sdng,0.0,0.0,0.0,720.0,720.0,846,0,0,846,4,1980.0,576.0,0,0,0,0,0,0,0,6,WD ,106000
665,30,60.0,10800,OldTown,3,1890,1998,VinylSd,VinylSd,0.0,0.0,0.0,630.0,630.0,725,0,0,725,4,1959.0,320.0,0,30,0,0,0,0,0,11,WD ,78500
666,90,81.0,9671,NAmes,6,1969,1969,MetalSd,MetalSd,480.0,0.0,0.0,1248.0,1248.0,1248,1296,0,2544,12,1969.0,907.0,0,0,0,0,0,0,0,8,WD ,190000
667,20,83.0,10143,NAmes,6,1963,1963,HdBoard,HdBoard,295.0,384.0,0.0,996.0,1380.0,1380,0,0,1380,6,1963.0,364.0,0,0,0,0,216,0,0,6,WD ,154000
668,20,77.0,11500,NAmes,6,1967,1967,HdBoard,HdBoard,0.0,872.0,60.0,108.0,1040.0,1040,0,0,1040,6,1967.0,480.0,0,0,156,0,0,0,0,5,WD ,163000
669,90,91.0,11643,NAmes,5,1969,1969,MetalSd,MetalSd,368.0,500.0,0.0,748.0,1248.0,1338,1296,0,2634,12,1969.0,968.0,0,0,0,0,0,0,0,8,WD ,200000
670,20,62.0,8010,NAmes,6,1958,2007,Wd Sdng,Wd Sdng,0.0,745.0,0.0,206.0,951.0,951,0,0,951,6,1985.0,480.0,0,0,42,0,0,0,450,9,WD ,143500
671,20,90.0,10454,NAmes,6,1957,1957,Plywood,Plywood,143.0,546.0,0.0,559.0,1105.0,1105,0,0,1105,5,1957.0,308.0,0,0,0,0,0,0,0,4,WD ,135000
672,20,64.0,8712,NAmes,5,1957,2000,MetalSd,MetalSd,0.0,860.0,0.0,132.0,992.0,1306,0,0,1306,5,1968.0,756.0,0,0,0,0,0,0,0,5,WD ,153000
673,20,,17600,NAmes,6,1960,1960,Wd Sdng,Wd Sdng,30.0,1270.0,0.0,208.0,1478.0,1478,0,0,1478,6,1960.0,498.0,0,40,0,0,0,0,0,12,WD ,157500
674,20,80.0,9000,NAmes,6,1958,1958,Wd Sdng,Wd Sdng,82.0,0.0,0.0,160.0,160.0,1142,0,0,1142,5,1958.0,384.0,0,28,64,0,0,0,0,4,WD ,113500
675,40,60.0,12144,NAmes,5,1949,1950,HdBoard,HdBoard,0.0,375.0,0.0,457.0,832.0,1036,0,232,1268,6,1949.0,288.0,0,28,0,0,0,0,0,9,WD ,133000
676,90,60.0,8544,NAmes,3,1950,1950,BrkFace,BrkFace,0.0,0.0,0.0,0.0,0.0,1040,0,0,1040,6,1987.0,400.0,0,0,0,0,0,0,0,6,WD ,92900
677,50,60.0,8064,NAmes,6,1950,1950,Wd Sdng,Wd Sdng,0.0,621.0,0.0,174.0,795.0,765,368,0,1133,5,1989.0,900.0,0,0,0,0,231,0,0,12,COD,128500
678,90,60.0,7200,NAmes,4,1949,1950,BrkFace,Stone,0.0,0.0,0.0,0.0,0.0,1040,0,0,1040,6,1956.0,420.0,0,0,0,0,0,0,0,6,WD ,90000
679,50,60.0,7200,NAmes,5,1950,1982,VinylSd,Wd Sdng,0.0,180.0,352.0,676.0,1208.0,1136,768,0,1904,7,1950.0,240.0,0,0,168,0,0,0,0,5,WD ,138000
680,20,71.0,7350,NAmes,5,1958,1958,BrkFace,BrkFace,0.0,0.0,0.0,1041.0,1041.0,1041,0,0,1041,6,1958.0,294.0,0,0,0,0,0,0,0,3,WD ,128000
681,20,70.0,7560,NAmes,5,1958,1965,BrkFace,Plywood,0.0,504.0,0.0,525.0,1029.0,1339,0,0,1339,6,1958.0,294.0,0,0,0,0,0,0,0,5,COD,139000
682,20,60.0,7200,NAmes,5,1952,1952,MetalSd,MetalSd,0.0,630.0,102.0,0.0,732.0,732,0,0,732,4,1952.0,240.0,0,68,0,0,0,0,0,9,WD ,118900
683,80,80.0,8000,NAmes,5,1959,1959,BrkFace,Plywood,0.0,433.0,95.0,0.0,528.0,1183,0,0,1183,6,1959.0,288.0,0,0,0,0,0,0,0,7,WD ,138000
684,20,70.0,7931,NAmes,5,1959,1959,BrkFace,Plywood,0.0,1148.0,0.0,0.0,1148.0,1148,0,0,1148,6,1959.0,672.0,0,0,0,0,0,0,0,7,WD ,132500
685,50,60.0,10800,NAmes,4,1949,1996,MetalSd,MetalSd,0.0,0.0,0.0,832.0,832.0,832,629,0,1461,6,1949.0,384.0,0,204,0,0,0,0,0,8,WD ,133500
686,50,60.0,8064,NAmes,6,1948,1994,MetalSd,MetalSd,0.0,120.0,0.0,744.0,864.0,1064,0,431,1495,6,1994.0,576.0,180,36,0,0,0,0,0,8,COD,135000
687,60,76.0,7570,NAmes,6,1964,1964,HdBoard,HdBoard,420.0,0.0,0.0,780.0,780.0,993,813,0,1806,8,1964.0,483.0,0,55,0,0,0,0,0,3,WD ,144750
688,90,75.0,8604,NAmes,5,1978,1978,Plywood,Plywood,124.0,941.0,0.0,0.0,941.0,941,0,0,941,4,1978.0,564.0,0,40,0,0,0,0,0,11,WD ,145000
689,20,80.0,7936,NAmes,6,1963,1963,HdBoard,HdBoard,0.0,826.0,0.0,219.0,1045.0,1045,0,0,1045,6,1963.0,264.0,0,0,0,0,0,0,0,4,WD ,127000
690,20,60.0,6600,NAmes,5,1962,1962,MetalSd,MetalSd,0.0,0.0,0.0,894.0,894.0,894,0,0,894,5,1962.0,308.0,0,0,0,0,0,0,0,8,WD ,109500
691,50,,3950,OldTown,6,1926,2004,MetalSd,MetalSd,0.0,468.0,0.0,350.0,818.0,818,406,0,1224,5,1926.0,210.0,0,0,116,0,0,0,0,12,WD ,115000
692,50,60.0,10440,OldTown,5,1910,1981,Wd Sdng,Wd Sdng,0.0,0.0,0.0,440.0,440.0,682,548,0,1230,5,1966.0,440.0,74,0,128,0,0,0,0,5,WD ,110000
693,50,68.0,4080,OldTown,6,1935,1998,Wd Sdng,Wd Sdng,0.0,0.0,0.0,901.0,901.0,861,517,0,1378,6,1920.0,162.0,54,0,40,0,0,0,0,6,WD ,128900
694,90,57.0,10307,OldTown,6,1910,1950,Wd Sdng,Wd Sdng,0.0,633.0,0.0,339.0,972.0,972,972,0,1944,12,1920.0,324.0,0,28,169,0,0,0,0,6,WD ,103500
695,50,52.0,5720,OldTown,5,1941,1950,Wd Sdng,Wd Sdng,0.0,0.0,0.0,676.0,676.0,676,455,0,1131,5,1941.0,200.0,26,0,0,0,0,0,0,8,WD ,66500
696,50,90.0,15660,OldTown,5,1910,2003,VinylSd,VinylSd,0.0,0.0,0.0,240.0,240.0,810,496,0,1306,6,1959.0,472.0,0,0,0,0,0,0,0,7,WD ,130000
697,70,90.0,9900,OldTown,5,1910,2002,VinylSd,VinylSd,0.0,0.0,0.0,504.0,504.0,764,700,0,1464,7,,0.0,0,0,176,0,0,0,0,3,WD ,129000
698,70,57.0,6406,OldTown,5,1939,1950,Wd Sdng,Wd Sdng,0.0,421.0,0.0,269.0,690.0,868,690,0,1558,7,1939.0,400.0,0,36,0,0,182,0,0,10,WD ,150000
699,70,60.0,6600,OldTown,5,1892,1965,Wd Sdng,Wd Sdng,0.0,0.0,0.0,994.0,994.0,1378,994,0,2372,11,1985.0,432.0,0,287,0,0,0,0,0,12,WD ,107500
700,190,63.0,7627,OldTown,4,1920,1950,AsbShng,AsbShng,0.0,0.0,0.0,600.0,600.0,1101,600,0,1701,8,,0.0,0,0,148,0,0,0,0,10,WD ,94550
701,90,60.0,7596,OldTown,5,1952,1952,Wd Sdng,Wd Sdng,360.0,0.0,0.0,960.0,960.0,960,1000,0,1960,10,1952.0,400.0,0,0,0,0,0,0,0,7,COD,124500
702,60,60.0,3378,OldTown,7,1946,1992,HdBoard,HdBoard,0.0,0.0,0.0,651.0,651.0,707,682,0,1389,6,1947.0,240.0,0,0,126,0,0,0,0,9,WD ,135000
703,50,56.0,10134,OldTown,5,1910,1950,MetalSd,MetalSd,0.0,0.0,0.0,801.0,801.0,801,646,0,1447,6,,0.0,80,0,244,0,0,0,0,7,WD ,103000
704,20,60.0,6000,OldTown,4,1953,1953,MetalSd,MetalSd,0.0,0.0,0.0,936.0,936.0,936,0,0,936,4,1974.0,576.0,0,32,112,0,0,0,0,2,WD ,93000
705,50,50.0,6000,OldTown,5,1950,1970,Wd Sdng,Wd Sdng,0.0,384.0,0.0,384.0,768.0,768,560,0,1328,6,1950.0,308.0,0,12,0,0,0,0,0,3,WD ,129500
706,190,50.0,6000,OldTown,5,1954,1954,Wd Sdng,Wd Sdng,0.0,0.0,0.0,811.0,811.0,811,576,0,1387,7,1954.0,256.0,0,0,0,0,0,0,0,11,WD ,93000
707,30,62.0,7404,OldTown,4,1920,1950,MetalSd,MetalSd,0.0,0.0,0.0,861.0,861.0,861,0,0,861,5,1920.0,288.0,0,0,128,0,0,0,0,11,Oth,80000
708,30,50.0,5925,OldTown,2,1940,1950,MetalSd,MetalSd,0.0,0.0,0.0,0.0,0.0,612,0,0,612,4,1965.0,308.0,0,0,25,0,0,0,0,10,WD ,45000
709,50,50.0,5925,OldTown,3,1910,1950,VinylSd,VinylSd,0.0,0.0,0.0,600.0,600.0,600,368,0,968,6,,0.0,0,0,0,0,0,0,0,5,WD ,37900
710,30,50.0,5784,OldTown,5,1938,1996,MetalSd,MetalSd,0.0,0.0,0.0,190.0,190.0,886,0,0,886,4,1938.0,273.0,144,20,80,0,0,0,0,12,WD ,91300
711,30,60.0,8520,OldTown,5,1923,1950,Stucco,Stucco,0.0,0.0,0.0,624.0,624.0,792,0,0,792,5,1963.0,287.0,0,0,81,0,0,0,0,2,WD ,99500
712,190,33.0,4456,OldTown,4,1920,2008,MetalSd,MetalSd,0.0,0.0,0.0,736.0,736.0,736,716,0,1452,8,,0.0,0,0,102,0,0,0,0,6,New,113000
713,70,60.0,9600,OldTown,4,1910,1950,VinylSd,VinylSd,0.0,0.0,0.0,677.0,677.0,833,677,0,1510,7,1974.0,720.0,0,0,160,0,0,0,0,6,WD ,87500
714,50,50.0,3500,OldTown,5,1947,1950,AsbShng,AsbShng,0.0,312.0,0.0,408.0,720.0,720,564,0,1284,5,1948.0,240.0,0,35,0,0,0,0,0,4,WD ,110000
715,75,90.0,8100,OldTown,5,1898,1965,AsbShng,AsbShng,0.0,0.0,0.0,849.0,849.0,1075,1063,0,2138,11,1910.0,360.0,40,156,0,0,0,0,0,11,WD ,106000
716,70,65.0,11700,OldTown,7,1880,2003,Stucco,Stucco,0.0,0.0,0.0,1240.0,1240.0,1320,1320,0,2640,8,1950.0,864.0,181,0,386,0,0,0,0,5,WD ,265979
717,70,70.0,8400,OldTown,6,1900,1950,Stucco,BrkFace,0.0,0.0,0.0,917.0,917.0,1090,917,0,2007,8,1930.0,357.0,0,235,0,0,0,0,0,6,WD ,160000
718,70,60.0,3600,OldTown,6,1917,2007,Stucco,Stucco,0.0,0.0,0.0,624.0,624.0,664,624,0,1288,5,1917.0,280.0,0,103,0,0,0,0,0,5,WD ,119000
719,70,121.0,17671,OldTown,8,1882,1986,Wd Sdng,Wd Sdng,0.0,216.0,0.0,700.0,916.0,916,826,0,1742,8,1925.0,424.0,0,169,0,0,0,0,0,11,WD ,168000
720,30,,3300,OldTown,4,1910,1950,Stucco,Stucco,0.0,0.0,0.0,624.0,624.0,816,0,0,816,5,,0.0,0,33,0,0,0,0,0,6,WD ,58500
721,70,50.0,9000,OldTown,7,1920,1988,VinylSd,VinylSd,0.0,624.0,0.0,26.0,650.0,832,650,0,1482,7,1930.0,324.0,0,0,0,0,0,0,0,7,WD ,143000
722,30,60.0,7200,OldTown,5,1910,2006,MetalSd,Stucco,0.0,247.0,465.0,310.0,1022.0,1022,0,0,1022,4,1956.0,280.0,0,30,226,0,0,0,0,6,WD ,85000
723,50,98.0,8820,OldTown,5,1890,1996,VinylSd,VinylSd,0.0,1088.0,0.0,0.0,1088.0,1188,561,120,1869,7,1963.0,456.0,48,0,244,0,0,0,0,9,WD ,124900
724,50,60.0,5400,OldTown,6,1920,1950,MetalSd,MetalSd,0.0,0.0,0.0,972.0,972.0,1044,0,436,1480,6,1920.0,207.0,0,0,176,0,0,0,0,9,ConLI,119000
725,70,60.0,9720,OldTown,6,1910,2002,MetalSd,MetalSd,0.0,0.0,0.0,741.0,741.0,780,741,0,1521,8,1950.0,640.0,0,0,238,0,0,0,0,9,WD ,146500
726,30,60.0,7879,IDOTRR,4,1920,1950,Wd Sdng,Wd Sdng,0.0,495.0,0.0,225.0,720.0,720,0,0,720,4,,0.0,0,523,115,0,0,0,0,11,WD ,34900
727,30,72.0,9392,IDOTRR,3,1900,1950,AsbShng,AsbShng,0.0,0.0,0.0,245.0,245.0,797,0,0,797,5,,0.0,0,36,94,0,0,0,0,9,WD ,44000
728,70,144.0,21384,BrkSide,5,1923,2004,Wd Sdng,Wd Sdng,0.0,1309.0,0.0,15.0,1324.0,1072,504,0,1576,6,1923.0,528.0,0,312,0,0,0,0,0,5,WD ,223500
729,30,,6615,BrkSide,6,1923,1950,MetalSd,MetalSd,0.0,0.0,0.0,1022.0,1022.0,1432,0,0,1432,6,1923.0,216.0,266,61,0,0,0,0,0,9,WD ,149000
730,50,55.0,7264,BrkSide,7,1925,2007,Wd Sdng,Wd Sdng,0.0,0.0,0.0,952.0,952.0,952,596,0,1548,5,1978.0,672.0,74,0,0,0,144,0,0,10,WD ,205000
731,70,50.0,4960,BrkSide,5,1930,1982,WdShing,Wd Shng,0.0,0.0,0.0,297.0,297.0,1001,653,0,1654,7,1955.0,336.0,244,60,0,0,0,0,0,5,WD ,137000
732,30,,8854,BrkSide,6,1916,1950,Wd Sdng,Wd Sdng,0.0,0.0,0.0,952.0,952.0,952,0,0,952,4,1916.0,192.0,0,98,0,0,40,0,0,5,WD ,121000
733,50,50.0,6000,BrkSide,4,1936,1950,MetalSd,MetalSd,0.0,672.0,0.0,0.0,672.0,757,567,0,1324,6,1936.0,240.0,0,0,0,0,0,0,0,7,WD ,128000
734,50,50.0,6000,BrkSide,6,1937,2000,MetalSd,MetalSd,0.0,0.0,0.0,698.0,698.0,786,390,0,1176,4,1999.0,624.0,210,0,0,0,0,0,0,7,WD ,134900
735,50,50.0,6000,BrkSide,5,1925,1997,Wd Sdng,Wd Sdng,0.0,0.0,0.0,884.0,884.0,884,464,0,1348,5,1960.0,216.0,0,0,208,0,0,0,0,5,WD ,117000
736,50,50.0,6000,BrkSide,6,1939,1950,MetalSd,MetalSd,0.0,0.0,0.0,780.0,780.0,825,587,0,1412,6,1939.0,280.0,45,0,0,0,0,0,0,5,WD ,132500
737,50,60.0,6000,BrkSide,5,1924,1950,Stucco,Stucco,444.0,220.0,0.0,248.0,468.0,822,320,0,1142,6,1924.0,320.0,0,0,98,0,0,0,0,6,WD ,93000
738,45,50.0,6000,BrkSide,6,1926,2004,Wd Sdng,Wd Sdng,0.0,0.0,0.0,884.0,884.0,904,0,0,904,4,1926.0,180.0,0,0,105,0,0,0,0,1,WD ,119000
739,30,60.0,6911,BrkSide,5,1924,1950,Wd Sdng,Wd Sdng,0.0,405.0,0.0,740.0,1145.0,1301,0,0,1301,5,1965.0,440.0,0,0,0,0,0,0,0,10,WD ,100000
740,50,51.0,6120,BrkSide,5,1936,1950,Wd Sdng,Wd Sdng,0.0,0.0,0.0,927.0,927.0,1067,472,0,1539,5,1995.0,576.0,112,0,0,0,0,0,0,4,WD ,141500
741,50,51.0,6120,BrkSide,4,1935,1995,AsbShng,AsbShng,0.0,0.0,0.0,884.0,884.0,989,584,0,1573,6,1935.0,240.0,0,0,54,0,120,0,0,7,WD ,133000
742,30,51.0,6120,BrkSide,2,1936,1950,AsbShng,AsbShng,0.0,0.0,0.0,264.0,264.0,800,0,0,800,4,,0.0,0,0,0,0,0,0,0,1,ConLw,60000
743,30,51.0,6120,BrkSide,5,1931,1993,Wd Sdng,Wd Sdng,0.0,209.0,0.0,506.0,715.0,875,0,0,875,5,1931.0,180.0,48,0,0,0,0,0,0,11,WD ,105000
744,30,51.0,6120,BrkSide,5,1925,1999,MetalSd,MetalSd,0.0,0.0,0.0,960.0,960.0,995,0,0,995,5,1926.0,264.0,0,15,51,0,0,0,0,3,WD ,115000
745,50,51.0,6120,BrkSide,5,1938,1950,Wd Sdng,Wd Sdng,0.0,273.0,0.0,679.0,952.0,994,588,0,1582,6,1938.0,250.0,189,0,34,150,0,0,0,2,WD ,150000
746,30,50.0,8635,BrkSide,5,1925,1950,Wd Sdng,Wd Sdng,0.0,134.0,0.0,938.0,1072.0,1072,0,0,1072,5,1982.0,1184.0,0,0,105,0,0,0,0,8,WD ,126500
747,75,,11888,BrkSide,6,1916,1994,Wd Sdng,Wd Shng,0.0,0.0,0.0,844.0,844.0,1445,689,0,2134,10,1930.0,441.0,0,60,268,0,0,0,0,7,WD ,214500
748,70,60.0,11414,BrkSide,7,1910,1993,HdBoard,HdBoard,0.0,0.0,0.0,728.0,728.0,1136,883,0,2019,8,1997.0,532.0,509,135,0,0,0,0,0,10,WD ,167500
749,70,57.0,8094,OldTown,6,1915,1950,MetalSd,MetalSd,0.0,0.0,0.0,1048.0,1048.0,1048,720,0,1768,8,1930.0,576.0,0,0,150,0,0,0,0,6,WD ,155000
750,70,50.0,2500,OldTown,7,1915,2005,Stucco,Stucco,0.0,299.0,0.0,611.0,910.0,916,910,0,1826,7,1915.0,164.0,0,0,0,0,0,0,0,6,WD ,155000
751,70,68.0,9928,OldTown,7,1915,1994,Wd Sdng,Wd Sdng,0.0,0.0,0.0,672.0,672.0,1272,672,0,1944,8,1915.0,216.0,24,28,0,0,0,0,400,6,WD ,179900
752,75,92.0,5520,OldTown,6,1912,1950,Wd Sdng,Wd Sdng,0.0,0.0,0.0,755.0,755.0,929,929,371,2229,8,,0.0,0,198,30,0,0,0,0,7,WD ,104000
753,90,50.0,3000,OldTown,5,1922,1950,MetalSd,MetalSd,0.0,0.0,0.0,1040.0,1040.0,1088,1040,0,2128,11,,0.0,0,56,0,0,0,0,0,9,WD ,62500
754,70,57.0,6876,IDOTRR,6,1927,1950,Plywood,Plywood,0.0,522.0,0.0,198.0,720.0,1146,784,0,1930,8,1927.0,316.0,0,0,213,0,0,0,0,8,WD ,149000
755,30,52.0,6240,IDOTRR,4,1925,1950,MetalSd,MetalSd,0.0,152.0,0.0,628.0,780.0,848,0,360,1208,5,1962.0,539.0,0,23,112,0,0,0,0,1,WD ,103000
756,70,,5775,OldTown,6,1915,2002,Wd Sdng,Wd Sdng,0.0,0.0,0.0,483.0,483.0,741,686,0,1427,7,1915.0,379.0,0,24,112,0,0,0,0,2,WD ,123000
757,190,41.0,5852,OldTown,7,1902,2000,MetalSd,MetalSd,188.0,169.0,0.0,851.0,1020.0,978,886,0,1864,9,,0.0,0,188,102,0,0,0,0,5,WD ,97500
758,50,60.0,5160,IDOTRR,6,1927,1950,MetalSd,MetalSd,0.0,0.0,0.0,1204.0,1204.0,1204,462,0,1666,4,1927.0,384.0,0,0,148,0,0,0,0,8,WD ,135000
759,85,86.0,5160,IDOTRR,4,1923,1950,MetalSd,MetalSd,0.0,749.0,63.0,46.0,858.0,892,0,0,892,5,,0.0,0,0,105,0,160,0,0,7,COD,70000
760,190,60.0,10320,IDOTRR,6,1915,1965,MetalSd,MetalSd,0.0,276.0,262.0,160.0,698.0,754,649,0,1403,7,1915.0,308.0,0,0,288,0,0,0,0,2,WD ,116000
761,20,50.0,4280,Sawyer,4,1946,2001,MetalSd,MetalSd,0.0,0.0,0.0,560.0,560.0,704,0,0,704,4,1946.0,220.0,0,0,24,0,0,0,0,9,WD ,88750
762,90,60.0,10800,Edwards,5,1987,1988,Plywood,Plywood,0.0,1200.0,0.0,0.0,1200.0,1200,0,0,1200,5,,0.0,120,0,0,0,0,0,0,3,WD ,179000
763,90,60.0,10800,Edwards,5,1987,1988,Plywood,Plywood,0.0,1200.0,0.0,0.0,1200.0,1200,0,0,1200,5,,0.0,120,0,0,0,0,0,0,3,WD ,179000
764,90,,10547,Edwards,5,1978,1978,Plywood,Plywood,0.0,1152.0,0.0,0.0,1152.0,1152,0,0,1152,6,1960.0,252.0,0,0,0,0,0,0,0,7,WD ,159900
765,30,,10020,Edwards,1,1922,1950,Wd Sdng,Wd Sdng,0.0,350.0,0.0,333.0,683.0,904,0,0,904,4,,0.0,0,0,0,0,0,0,0,3,WD ,61000
766,70,54.0,6629,Edwards,6,1925,1950,Wd Sdng,Wd Sdng,0.0,551.0,0.0,121.0,672.0,697,672,0,1369,6,1930.0,300.0,147,0,0,0,0,0,0,7,WD ,103600
767,50,60.0,9780,Edwards,5,1934,1950,MetalSd,MetalSd,0.0,0.0,0.0,585.0,585.0,687,425,0,1112,6,1934.0,226.0,0,0,0,0,0,0,0,3,WD ,63000
768,80,70.0,12886,Sawyer,5,1963,1999,HdBoard,HdBoard,0.0,444.0,0.0,76.0,520.0,1464,0,0,1464,6,1997.0,480.0,302,0,0,0,100,0,0,10,WD ,175000
769,20,80.0,8816,Sawyer,5,1963,1963,VinylSd,VinylSd,0.0,651.0,0.0,470.0,1121.0,1121,0,0,1121,5,1963.0,480.0,0,80,0,0,0,0,0,6,WD ,139000
770,60,70.0,11184,Sawyer,6,1978,1978,HdBoard,HdBoard,92.0,226.0,500.0,192.0,918.0,918,765,0,1683,7,1978.0,440.0,243,0,0,0,0,0,0,7,WD ,172500
771,20,75.0,11625,Sawyer,5,1967,1967,HdBoard,HdBoard,172.0,527.0,0.0,525.0,1052.0,1052,0,0,1052,6,1984.0,668.0,0,215,0,0,0,0,0,4,WD ,113500
772,20,65.0,7800,Sawyer,5,1967,2004,HdBoard,HdBoard,89.0,450.0,0.0,414.0,864.0,899,0,0,899,5,1967.0,288.0,64,0,0,0,0,0,0,6,WD ,130000
773,85,,8014,Sawyer,6,1978,1978,Plywood,HdBoard,23.0,456.0,0.0,0.0,456.0,1034,0,0,1034,5,1978.0,504.0,0,0,0,0,0,0,0,6,WD ,149900
774,85,,7252,Sawyer,5,1982,1982,Wd Sdng,Wd Sdng,0.0,685.0,0.0,173.0,858.0,858,0,0,858,5,1983.0,576.0,120,0,0,0,0,0,0,4,WD ,134900
775,85,74.0,8740,Sawyer,5,1982,1982,HdBoard,HdBoard,0.0,672.0,0.0,168.0,840.0,860,0,0,860,4,1996.0,528.0,0,0,0,0,0,0,0,7,WD ,137000
776,20,,11616,Sawyer,5,1962,1962,Wd Sdng,Wd Sdng,116.0,170.0,670.0,252.0,1092.0,1092,0,0,1092,6,1962.0,288.0,0,20,144,0,0,0,0,9,WD ,139000
777,80,88.0,15400,Sawyer,5,1961,1961,HdBoard,HdBoard,0.0,0.0,0.0,552.0,552.0,904,611,259,1774,8,1961.0,384.0,290,40,0,0,0,0,0,7,WD ,165000
778,80,88.0,15312,Sawyer,6,1960,1960,Wd Sdng,Wd Sdng,54.0,588.0,0.0,550.0,1138.0,1138,0,0,1138,6,1960.0,480.0,0,0,0,0,140,0,0,3,COD,148000
779,80,,15584,ClearCr,5,1956,1956,Wd Sdng,Wd Sdng,366.0,0.0,0.0,825.0,825.0,2071,0,0,2071,9,1956.0,336.0,131,28,0,0,0,0,0,10,WD ,165000
780,20,,9000,Sawyer,2,1947,1950,Wd Sdng,Wd Sdng,0.0,0.0,0.0,0.0,0.0,660,0,0,660,5,,0.0,0,0,100,0,0,0,0,6,WD ,63900
781,50,,11250,ClearCr,4,1957,1989,Wd Sdng,Wd Sdng,0.0,0.0,0.0,1104.0,1104.0,1104,684,0,1788,8,1957.0,304.0,120,0,0,0,0,0,0,11,WD ,161500
782,20,65.0,25095,ClearCr,5,1968,2003,Wd Sdng,Wd Sdng,0.0,1324.0,0.0,113.0,1437.0,1473,0,0,1473,5,1968.0,452.0,0,48,0,0,60,0,0,6,WD ,143000
783,20,,17140,Edwards,4,1956,1956,VinylSd,VinylSd,0.0,1059.0,0.0,75.0,1134.0,1229,0,0,1229,6,1956.0,284.0,0,0,0,0,0,0,0,4,WD ,135000
784,30,,12342,Edwards,4,1940,1950,VinylSd,VinylSd,0.0,262.0,0.0,599.0,861.0,861,0,0,861,4,1961.0,539.0,158,0,0,0,0,0,0,3,WD ,82500
785,20,,10708,ClearCr,5,1955,1993,Wd Sdng,Wd Sdng,0.0,379.0,768.0,470.0,1617.0,1867,0,0,1867,7,1955.0,303.0,476,0,0,0,142,0,0,11,COD,190000
786,20,,13680,Edwards,3,1955,1955,BrkFace,Wd Sdng,0.0,0.0,0.0,0.0,0.0,1733,0,0,1733,8,1955.0,452.0,0,0,0,0,0,0,0,6,WD ,139600
787,20,,15635,Edwards,4,1954,1954,VinylSd,VinylSd,0.0,0.0,0.0,0.0,0.0,1383,0,0,1383,6,1980.0,498.0,0,0,90,0,110,0,0,10,WD ,122000
788,20,73.0,9855,Edwards,6,1956,1956,Wd Sdng,Wd Sdng,0.0,0.0,0.0,1436.0,1436.0,1689,0,0,1689,7,1956.0,480.0,0,0,0,0,0,0,0,11,COD,127500
789,20,68.0,9571,Edwards,5,1956,1956,MetalSd,MetalSd,0.0,257.0,0.0,816.0,1073.0,1073,0,0,1073,5,1956.0,340.0,0,0,0,0,0,0,0,2,WD ,121500
790,20,68.0,9571,Edwards,5,1958,1958,BrkComm,Brk Cmn,0.0,0.0,0.0,1276.0,1276.0,1276,0,0,1276,5,1958.0,350.0,0,0,0,0,0,0,0,6,COD,60000
791,60,50.0,9350,Edwards,6,1946,1950,MetalSd,MetalSd,0.0,342.0,0.0,405.0,747.0,892,747,0,1639,6,1946.0,240.0,0,50,0,0,0,0,0,7,WD ,154400
792,30,50.0,9340,Edwards,4,1941,1950,MetalSd,MetalSd,0.0,344.0,0.0,328.0,672.0,672,0,0,672,4,1941.0,234.0,0,113,0,0,0,0,0,8,WD ,113000
793,20,62.0,7440,Edwards,5,1954,1954,Wd Sdng,Wd Sdng,0.0,173.0,0.0,916.0,1089.0,1089,0,0,1089,5,1954.0,252.0,328,0,0,0,0,0,0,9,WD ,125000
794,20,,11500,Edwards,4,1957,1957,Wd Sdng,Wd Sdng,0.0,0.0,0.0,0.0,0.0,845,0,0,845,5,1957.0,290.0,186,0,0,0,0,0,0,1,WD ,84000
795,120,42.0,4235,Edwards,5,1984,1984,HdBoard,HdBoard,149.0,552.0,393.0,104.0,1049.0,1049,0,0,1049,5,1984.0,266.0,0,105,0,0,0,0,0,2,WD ,139500
796,50,60.0,11409,Edwards,5,1949,2008,Wd Sdng,Wd Sdng,0.0,292.0,0.0,476.0,768.0,1148,568,0,1716,8,1949.0,281.0,0,0,0,0,160,0,0,1,WD ,131000
797,50,60.0,9060,Edwards,6,1939,1950,WdShing,Wd Shng,0.0,204.0,0.0,356.0,560.0,698,560,0,1258,6,1939.0,280.0,0,0,0,0,0,0,0,10,WD ,105000
798,70,60.0,9084,Edwards,4,1940,1950,MetalSd,MetalSd,0.0,0.0,0.0,755.0,755.0,755,755,0,1510,7,1940.0,296.0,120,0,0,0,0,0,0,10,WD ,108000
799,80,74.0,10778,SawyerW,7,1990,1991,HdBoard,HdBoard,0.0,460.0,286.0,308.0,1054.0,1061,0,0,1061,4,1990.0,462.0,114,36,0,0,0,0,0,7,WD ,162000
800,80,66.0,19255,SawyerW,6,1983,1983,Wd Sdng,Wd Sdng,100.0,70.0,450.0,0.0,520.0,1338,0,0,1338,5,1983.0,576.0,0,0,0,0,0,0,600,9,WD ,156500
801,50,79.0,12327,SawyerW,8,1983,2009,Wd Sdng,Wd Sdng,0.0,1441.0,0.0,55.0,1496.0,1496,636,0,2132,5,1983.0,612.0,349,40,0,0,0,0,0,9,WD ,316600
802,20,90.0,14684,SawyerW,7,1990,1991,HdBoard,HdBoard,234.0,485.0,177.0,1496.0,2158.0,2196,0,0,2196,7,1990.0,701.0,84,70,0,0,0,0,0,6,WD ,271900
803,60,75.0,9317,SawyerW,7,1993,1993,HdBoard,HdBoard,137.0,513.0,0.0,227.0,740.0,1006,769,0,1775,7,1993.0,425.0,234,72,192,0,0,0,0,7,WD ,213000
804,60,85.0,10560,SawyerW,7,1993,1994,VinylSd,VinylSd,0.0,474.0,0.0,605.0,1079.0,1079,800,0,1879,8,1993.0,473.0,400,100,144,0,0,0,0,8,WD ,239900
805,60,80.0,9828,SawyerW,8,1995,1995,VinylSd,VinylSd,0.0,584.0,0.0,544.0,1128.0,1142,878,0,2020,8,1995.0,466.0,0,155,0,0,0,0,0,6,WD ,239500
806,70,120.0,26400,SawyerW,5,1880,2007,HdBoard,HdBoard,0.0,0.0,0.0,0.0,0.0,1288,728,0,2016,7,1900.0,576.0,0,0,0,0,0,0,0,6,WD ,131000
807,90,64.0,7018,SawyerW,5,1979,1979,HdBoard,HdBoard,0.0,0.0,0.0,0.0,0.0,1535,0,0,1535,8,1979.0,410.0,0,0,0,0,0,0,0,6,WD ,118964
808,90,64.0,7018,SawyerW,5,1979,1979,Plywood,Plywood,275.0,1086.0,0.0,0.0,1086.0,1224,0,0,1224,6,1979.0,528.0,120,0,0,0,0,0,0,6,WD ,153337
809,90,64.0,7018,SawyerW,5,1979,1979,HdBoard,HdBoard,0.0,0.0,0.0,0.0,0.0,1114,1114,0,2228,8,1979.0,720.0,73,0,0,0,0,0,0,6,WD ,147983
810,90,64.0,7018,SawyerW,5,1979,1979,HdBoard,HdBoard,0.0,0.0,0.0,0.0,0.0,1535,0,0,1535,8,1979.0,400.0,0,0,0,0,0,0,0,6,WD ,118858
811,90,64.0,7018,SawyerW,5,1979,1979,Plywood,Plywood,0.0,0.0,0.0,0.0,0.0,1535,0,0,1535,8,1979.0,400.0,0,0,0,0,0,0,0,6,WD ,118858
812,90,64.0,7018,SawyerW,5,1979,1979,Plywood,Plywood,0.0,0.0,0.0,0.0,0.0,1120,1120,0,2240,12,1979.0,528.0,154,0,0,0,0,0,0,6,WD ,142953
813,90,64.0,7040,SawyerW,5,1979,1979,Plywood,Plywood,216.0,1094.0,0.0,0.0,1094.0,1229,0,0,1229,6,1979.0,672.0,120,0,0,0,0,0,0,6,WD ,148325
814,90,64.0,7007,SawyerW,5,1979,1979,HdBoard,HdBoard,0.0,0.0,0.0,0.0,0.0,1513,0,0,1513,8,1979.0,400.0,0,0,0,0,0,0,0,6,WD ,113722
815,90,,11855,SawyerW,7,2000,2000,VinylSd,VinylSd,23.0,820.0,0.0,348.0,1168.0,1168,1619,0,2787,8,2000.0,820.0,312,0,0,0,0,0,0,10,WD ,269500
816,90,,7939,SawyerW,7,2000,2000,VinylSd,VinylSd,23.0,820.0,0.0,348.0,1168.0,1168,1619,0,2787,8,2000.0,820.0,312,0,0,0,0,0,0,10,WD ,269500
817,90,,7976,SawyerW,7,2000,2000,VinylSd,VinylSd,23.0,820.0,0.0,348.0,1168.0,1168,1619,0,2787,8,2000.0,820.0,312,0,0,0,0,0,0,10,WD ,269500
818,20,84.0,10933,CollgCr,9,2009,2009,VinylSd,VinylSd,242.0,1021.0,0.0,534.0,1555.0,1680,0,0,1680,8,2009.0,1138.0,185,24,0,0,0,0,0,7,New,323262
819,20,79.0,10637,CollgCr,8,2007,2008,VinylSd,VinylSd,336.0,1288.0,0.0,417.0,1705.0,1718,0,0,1718,7,2007.0,826.0,208,44,0,0,0,0,0,9,WD ,297000
820,20,61.0,10226,CollgCr,8,2008,2008,VinylSd,VinylSd,270.0,0.0,0.0,1622.0,1622.0,1630,0,0,1630,8,2008.0,860.0,172,42,0,0,0,0,0,1,WD ,295493
821,20,65.0,10816,CollgCr,9,2008,2008,VinylSd,VinylSd,364.0,1104.0,0.0,616.0,1720.0,1720,0,0,1720,8,2008.0,846.0,208,104,0,0,0,0,0,11,WD ,332000
822,20,71.0,9178,CollgCr,8,2008,2008,VinylSd,VinylSd,0.0,0.0,0.0,1468.0,1468.0,1468,0,0,1468,6,2008.0,904.0,192,142,0,0,0,0,0,6,WD ,239900
823,60,68.0,10769,CollgCr,8,2007,2007,VinylSd,VinylSd,0.0,20.0,0.0,846.0,866.0,866,902,0,1768,7,2007.0,578.0,144,105,0,0,0,0,0,4,WD ,212000
824,20,77.0,11422,CollgCr,8,2007,2008,VinylSd,VinylSd,352.0,1359.0,0.0,479.0,1838.0,1838,0,0,1838,7,2007.0,524.0,154,222,0,0,0,0,0,4,WD ,272500
825,20,122.0,11923,CollgCr,9,2007,2007,VinylSd,VinylSd,0.0,0.0,0.0,1800.0,1800.0,1800,0,0,1800,7,2007.0,702.0,288,136,0,0,0,0,0,5,WD ,239000
826,20,68.0,8814,CollgCr,7,2006,2006,VinylSd,VinylSd,180.0,1334.0,0.0,270.0,1604.0,1604,0,0,1604,8,2006.0,660.0,123,110,0,0,0,0,0,3,WD ,220000
827,20,64.0,6762,CollgCr,7,2007,2007,VinylSd,VinylSd,0.0,902.0,0.0,380.0,1282.0,1290,0,0,1290,6,2007.0,662.0,168,0,0,0,0,0,0,5,WD ,200000
828,20,95.0,10324,CollgCr,8,2008,2008,VinylSd,VinylSd,140.0,872.0,0.0,382.0,1254.0,1254,0,0,1254,5,2008.0,810.0,168,92,0,0,0,0,0,3,WD ,221800
829,20,64.0,7314,CollgCr,7,2007,2007,VinylSd,VinylSd,82.0,724.0,0.0,508.0,1232.0,1232,0,0,1232,6,2007.0,632.0,132,0,0,0,0,0,0,2,WD ,194500
830,20,78.0,11645,CollgCr,8,2005,2006,VinylSd,VinylSd,76.0,24.0,0.0,1474.0,1498.0,1498,0,0,1498,7,2005.0,844.0,144,98,0,0,0,0,0,3,WD ,237000
831,60,79.0,11646,CollgCr,6,2005,2006,VinylSd,VinylSd,0.0,0.0,0.0,704.0,704.0,704,718,0,1422,7,2005.0,440.0,36,28,0,0,0,0,0,7,WD ,173000
832,80,,12800,SawyerW,7,1989,1989,Wd Sdng,Wd Sdng,145.0,1518.0,0.0,0.0,1518.0,1644,0,0,1644,5,1989.0,569.0,80,0,0,0,396,0,0,8,WD ,275000
833,60,,16698,ClearCr,7,1992,1993,VinylSd,VinylSd,0.0,800.0,0.0,649.0,1449.0,944,815,0,1759,7,1992.0,525.0,150,193,0,0,0,0,0,6,WD ,233500
834,60,,28698,ClearCr,5,1967,1967,Plywood,Plywood,0.0,249.0,764.0,0.0,1013.0,1160,966,0,2126,7,1967.0,538.0,486,0,0,0,225,0,0,6,WD ,185000
835,20,82.0,12464,CollgCr,5,1996,1996,VinylSd,VinylSd,0.0,732.0,0.0,308.0,1040.0,1040,0,0,1040,6,2000.0,576.0,168,0,0,0,0,0,0,11,WD ,152000
836,20,65.0,9757,CollgCr,5,1994,1994,VinylSd,VinylSd,0.0,755.0,0.0,235.0,990.0,990,0,0,990,5,1995.0,440.0,66,0,0,0,92,0,0,10,WD ,143000
837,60,65.0,15426,CollgCr,6,1997,1997,VinylSd,VinylSd,0.0,821.0,0.0,107.0,928.0,928,836,0,1764,7,1997.0,470.0,276,99,0,0,0,0,0,8,WD ,231500
838,60,43.0,10667,CollgCr,7,1996,1996,VinylSd,VinylSd,0.0,385.0,344.0,70.0,799.0,827,834,0,1661,6,1996.0,550.0,158,61,0,0,0,0,0,4,ConLw,212000
839,20,65.0,14753,CollgCr,7,1998,1998,VinylSd,VinylSd,0.0,950.0,0.0,513.0,1463.0,1463,0,0,1463,5,1998.0,539.0,0,81,0,0,0,0,0,12,WD ,207000
840,20,112.0,10859,CollgCr,5,1994,1995,VinylSd,VinylSd,0.0,0.0,0.0,1097.0,1097.0,1097,0,0,1097,6,1995.0,672.0,392,64,0,0,0,0,0,6,WD ,145000
841,20,60.0,8072,CollgCr,5,1994,1995,VinylSd,VinylSd,0.0,746.0,0.0,244.0,990.0,990,0,0,990,5,2000.0,480.0,0,64,0,0,0,0,0,5,WD ,138000
842,60,80.0,10400,CollgCr,7,1998,1998,VinylSd,VinylSd,0.0,0.0,0.0,866.0,866.0,866,913,0,1779,6,1998.0,546.0,198,36,0,0,0,0,0,3,WD ,197900
843,20,78.0,10335,CollgCr,7,1999,1999,VinylSd,VinylSd,183.0,679.0,0.0,811.0,1490.0,1501,0,0,1501,6,1999.0,577.0,144,29,0,0,0,0,0,6,WD ,204000
844,20,68.0,9017,CollgCr,7,1999,1999,VinylSd,VinylSd,0.0,560.0,0.0,871.0,1431.0,1431,0,0,1431,6,1999.0,666.0,0,35,0,0,0,0,0,9,WD ,192000
845,60,70.0,8750,CollgCr,6,1998,1998,VinylSd,VinylSd,120.0,606.0,0.0,322.0,928.0,928,844,0,1772,7,1998.0,492.0,150,96,0,0,0,0,0,4,WD ,200000
846,60,68.0,8935,CollgCr,7,2002,2002,VinylSd,VinylSd,95.0,0.0,0.0,831.0,831.0,831,829,0,1660,7,2002.0,493.0,144,68,0,0,0,0,0,7,WD ,195000
847,20,67.0,9808,CollgCr,7,2002,2002,VinylSd,VinylSd,110.0,788.0,0.0,785.0,1573.0,1573,0,0,1573,6,2002.0,544.0,0,72,0,0,0,0,0,3,WD ,227000
848,60,79.0,12420,CollgCr,7,2001,2001,VinylSd,VinylSd,0.0,666.0,0.0,278.0,944.0,944,896,0,1840,6,2001.0,622.0,0,45,0,0,0,0,0,6,WD ,230000
849,20,67.0,16285,CollgCr,7,2001,2002,VinylSd,VinylSd,0.0,0.0,0.0,1413.0,1413.0,1430,0,0,1430,6,2001.0,605.0,0,33,0,0,0,0,0,6,WD ,187100
850,20,65.0,10739,CollgCr,7,2002,2001,VinylSd,VinylSd,68.0,1259.0,0.0,172.0,1431.0,1444,0,0,1444,6,2002.0,577.0,144,40,0,0,0,0,0,4,WD ,203000
851,20,75.0,11166,CollgCr,7,2001,2001,VinylSd,VinylSd,180.0,24.0,0.0,1468.0,1492.0,1492,0,0,1492,6,2001.0,608.0,0,114,0,0,168,0,0,7,WD ,201000
852,20,60.0,8430,CollgCr,5,1978,1978,HdBoard,HdBoard,136.0,616.0,0.0,424.0,1040.0,1040,0,0,1040,5,,0.0,0,0,0,0,0,0,0,8,WD ,124000
853,20,,16269,CollgCr,5,1978,1978,MetalSd,MetalSd,76.0,625.0,0.0,282.0,907.0,907,0,0,907,5,1978.0,343.0,72,0,0,0,0,0,0,7,WD ,140000
854,20,76.0,6950,CollgCr,5,1979,1979,HdBoard,HdBoard,40.0,710.0,72.0,132.0,914.0,914,0,0,914,5,1979.0,444.0,0,0,0,0,0,0,0,10,WD ,134900
855,20,61.0,8800,CollgCr,5,1977,2008,HdBoard,HdBoard,0.0,532.0,144.0,364.0,1040.0,1040,0,0,1040,5,1977.0,484.0,0,0,0,0,288,0,0,9,WD ,150500
856,20,,7000,CollgCr,5,1978,2005,VinylSd,VinylSd,90.0,646.0,0.0,218.0,864.0,864,0,0,864,6,1978.0,336.0,0,0,0,0,0,0,0,7,WD ,136500
857,20,,9286,CollgCr,5,1977,1989,HdBoard,Plywood,0.0,196.0,0.0,1072.0,1268.0,1268,0,0,1268,5,1978.0,252.0,173,0,0,0,0,0,0,10,WD ,143500
858,20,36.0,15523,CollgCr,5,1972,1972,HdBoard,Plywood,0.0,460.0,0.0,404.0,864.0,864,0,0,864,5,1972.0,338.0,0,0,0,0,0,0,0,8,WD ,133500
859,20,60.0,7200,CollgCr,5,1972,1972,MetalSd,MetalSd,0.0,777.0,0.0,117.0,894.0,894,0,0,894,6,1985.0,600.0,215,0,0,0,0,0,0,9,WD ,123000
860,85,60.0,7200,CollgCr,5,1972,2003,WdShing,HdBoard,0.0,660.0,0.0,108.0,768.0,768,0,0,768,5,1974.0,396.0,192,0,0,0,0,0,0,4,WD ,133900
861,85,70.0,8445,CollgCr,5,1972,2007,HdBoard,Wd Shng,0.0,656.0,0.0,112.0,768.0,768,0,0,768,5,1988.0,396.0,58,0,0,0,0,0,0,3,WD ,133000
862,20,90.0,11664,CollgCr,7,2002,2002,VinylSd,VinylSd,0.0,1234.0,0.0,335.0,1569.0,1611,0,0,1611,6,2002.0,1231.0,262,93,0,0,0,0,0,9,WD ,250000
863,60,,12334,CollgCr,8,2003,2003,VinylSd,VinylSd,198.0,0.0,0.0,1068.0,1068.0,1068,1116,0,2184,8,2003.0,570.0,192,132,0,0,0,0,0,6,WD ,254750
864,20,,11838,CollgCr,8,2001,2001,VinylSd,VinylSd,0.0,0.0,0.0,1753.0,1753.0,1788,0,0,1788,7,2001.0,522.0,202,151,0,0,0,0,0,6,WD ,236500
865,60,,11885,CollgCr,8,2001,2001,VinylSd,VinylSd,108.0,990.0,0.0,309.0,1299.0,1299,573,0,1872,7,2001.0,531.0,160,122,0,0,0,0,0,11,WD ,261500
866,60,,11050,CollgCr,9,2000,2000,VinylSd,VinylSd,204.0,904.0,0.0,536.0,1440.0,1476,677,0,2153,8,2000.0,736.0,253,142,0,0,0,0,0,5,WD ,313000
867,60,70.0,8749,CollgCr,7,2002,2002,VinylSd,VinylSd,,0.0,0.0,840.0,840.0,840,885,0,1725,6,2002.0,550.0,0,48,0,0,0,0,0,11,WD ,198500
868,60,,11250,CollgCr,7,2001,2001,VinylSd,VinylSd,0.0,0.0,0.0,944.0,944.0,944,926,0,1870,6,2001.0,608.0,256,43,0,0,0,0,0,5,WD ,211000
869,20,90.0,15750,CollgCr,8,1999,2000,VinylSd,VinylSd,260.0,1246.0,0.0,216.0,1462.0,1513,0,0,1513,5,1999.0,521.0,135,34,0,0,0,0,0,6,WD ,220000
870,20,73.0,11883,CollgCr,7,1996,1996,VinylSd,VinylSd,196.0,690.0,0.0,814.0,1504.0,1504,0,0,1504,6,1996.0,478.0,115,66,0,0,0,0,0,6,WD ,203000
871,20,,12782,CollgCr,8,2002,2003,HdBoard,HdBoard,164.0,1360.0,0.0,462.0,1822.0,1828,0,0,1828,7,2002.0,523.0,194,144,0,0,0,0,0,6,WD ,279500
872,20,70.0,8750,CollgCr,7,1997,1998,VinylSd,VinylSd,209.0,1111.0,0.0,306.0,1417.0,1417,0,0,1417,7,1997.0,511.0,60,0,0,0,117,0,0,8,WD ,210000
873,60,,9375,CollgCr,7,1997,1998,VinylSd,VinylSd,573.0,739.0,0.0,318.0,1057.0,1057,977,0,2034,8,1998.0,645.0,576,36,0,0,0,0,0,2,WD ,219500
874,60,70.0,8750,CollgCr,7,1996,1996,VinylSd,VinylSd,0.0,0.0,0.0,880.0,880.0,909,807,0,1716,7,1996.0,512.0,0,120,0,0,0,0,0,7,WD ,191000
875,20,70.0,9100,CollgCr,7,2001,2001,VinylSd,VinylSd,0.0,0.0,0.0,1212.0,1212.0,1212,0,0,1212,6,2001.0,573.0,356,0,0,0,0,0,0,6,WD ,178000
876,20,75.0,9750,CollgCr,7,2000,2001,VinylSd,VinylSd,171.0,0.0,0.0,1630.0,1630.0,1630,0,0,1630,6,2000.0,451.0,74,234,0,0,0,0,0,10,WD ,213000
877,120,,4435,CollgCr,6,2003,2004,VinylSd,VinylSd,170.0,685.0,0.0,163.0,848.0,848,0,0,848,4,2003.0,420.0,140,0,0,0,0,0,0,6,WD ,144000
878,120,,4435,CollgCr,6,2003,2003,VinylSd,VinylSd,170.0,685.0,0.0,163.0,848.0,848,0,0,848,4,2003.0,420.0,140,0,0,0,0,0,0,5,WD ,140000
879,20,85.0,10200,CollgCr,8,2007,2007,VinylSd,VinylSd,180.0,1478.0,0.0,100.0,1578.0,1602,0,0,1602,7,2007.0,810.0,0,48,0,0,195,0,0,1,WD ,293200
880,60,65.0,9313,CollgCr,7,2004,2004,VinylSd,VinylSd,0.0,0.0,0.0,864.0,864.0,864,864,0,1728,7,2004.0,572.0,187,56,0,0,0,0,0,4,WD ,190000
881,20,63.0,8487,CollgCr,7,2004,2004,VinylSd,VinylSd,210.0,20.0,0.0,1480.0,1500.0,1500,0,0,1500,6,2004.0,570.0,192,36,0,0,0,0,0,8,WD ,190000
882,60,64.0,8633,CollgCr,6,2005,2005,VinylSd,VinylSd,0.0,193.0,0.0,545.0,738.0,738,738,0,1476,7,2005.0,540.0,100,35,0,0,0,0,0,2,WD ,173500
883,60,85.0,11069,CollgCr,6,2007,2007,VinylSd,VinylSd,0.0,0.0,0.0,608.0,608.0,608,788,0,1396,6,2007.0,440.0,100,36,0,0,0,0,0,7,WD ,170000
884,20,67.0,8777,Edwards,4,1949,2003,VinylSd,VinylSd,0.0,0.0,0.0,0.0,0.0,1126,0,0,1126,5,2002.0,520.0,0,96,0,0,0,0,0,5,WD ,108000
885,20,75.0,9937,Edwards,5,1964,1999,MetalSd,MetalSd,0.0,637.0,0.0,849.0,1486.0,1486,0,0,1486,7,1968.0,480.0,0,0,0,0,0,0,0,3,WD ,167000
886,20,67.0,8877,Edwards,4,1938,1958,MetalSd,MetalSd,0.0,690.0,0.0,126.0,816.0,816,0,0,816,3,1958.0,288.0,0,0,0,0,0,0,0,5,WD ,100000
887,85,64.0,7301,Edwards,7,2003,2003,HdBoard,HdBoard,500.0,0.0,0.0,0.0,0.0,495,1427,0,1922,7,2003.0,672.0,0,0,177,0,0,0,0,7,ConLD,198500
888,60,75.0,7950,Edwards,6,1977,1977,HdBoard,Plywood,140.0,535.0,0.0,155.0,690.0,698,728,0,1426,6,1977.0,440.0,252,0,0,0,0,0,0,7,WD ,159500
889,20,80.0,10682,Edwards,4,1960,1971,HdBoard,HdBoard,0.0,399.0,0.0,615.0,1014.0,1149,0,0,1149,7,1968.0,544.0,0,240,0,0,0,0,0,7,WD ,127000
890,80,72.0,7200,Edwards,6,1976,1976,MetalSd,MetalSd,255.0,631.0,0.0,410.0,1041.0,1125,0,0,1125,6,1977.0,352.0,296,0,0,0,0,0,0,10,WD ,125000
891,20,86.0,13286,Edwards,9,2007,2008,CemntBd,CmentBd,340.0,1234.0,0.0,464.0,1698.0,1698,0,0,1698,8,2007.0,768.0,327,64,0,0,0,0,0,2,WD ,320000
892,180,35.0,3675,Edwards,6,2005,2006,VinylSd,VinylSd,80.0,547.0,0.0,0.0,547.0,1072,0,0,1072,5,2005.0,525.0,0,28,0,0,0,0,0,4,WD ,145500
893,20,50.0,9405,Edwards,5,1947,2008,VinylSd,VinylSd,0.0,0.0,0.0,698.0,698.0,698,0,0,698,4,,0.0,0,200,0,0,0,0,0,6,WD ,118000
894,20,64.0,6410,Edwards,4,1959,1959,AsbShng,AsbShng,0.0,332.0,243.0,301.0,876.0,876,0,0,876,5,1959.0,320.0,0,0,0,0,0,0,0,3,WD ,85000
895,20,70.0,11767,Edwards,5,1950,1950,MetalSd,MetalSd,0.0,1078.0,0.0,0.0,1078.0,1368,0,0,1368,6,1950.0,195.0,0,41,211,0,0,0,900,6,WD ,120000
896,50,50.0,8405,Edwards,4,1945,1950,WdShing,Wd Shng,0.0,0.0,0.0,0.0,0.0,1088,441,0,1529,9,1945.0,240.0,92,0,185,0,0,0,0,4,WD ,98000
897,30,56.0,4060,Edwards,5,1922,1950,Wd Sdng,Wd Sdng,0.0,0.0,0.0,864.0,864.0,864,0,0,864,4,,0.0,0,96,0,0,0,0,0,7,WD ,99900
898,20,74.0,10206,Edwards,3,1952,1952,BrkComm,Brk Cmn,0.0,0.0,0.0,0.0,0.0,944,0,0,944,4,1956.0,528.0,0,0,0,0,0,0,0,7,WD ,82000
899,90,65.0,10926,Edwards,5,1959,1959,VinylSd,VinylSd,74.0,0.0,0.0,1678.0,1678.0,1678,0,0,1678,10,,0.0,0,0,0,0,0,0,0,8,WD ,119900
900,20,70.0,11767,Edwards,5,1956,1956,HdBoard,HdBoard,259.0,546.0,0.0,604.0,1150.0,1560,0,0,1560,7,1956.0,313.0,0,0,0,0,0,0,0,5,WD ,103500
901,20,,8926,Edwards,4,1956,1956,AsbShng,AsbShng,0.0,0.0,0.0,672.0,672.0,960,0,0,960,5,1956.0,288.0,64,0,0,0,160,0,0,10,COD,112000
902,50,67.0,12354,Edwards,6,1920,2000,Wd Sdng,Wd Sdng,0.0,0.0,0.0,684.0,684.0,684,512,0,1196,7,2005.0,528.0,0,46,0,0,0,0,800,8,ConLI,110000
903,50,45.0,8212,Edwards,5,1941,1950,Wd Sdng,Wd Sdng,0.0,626.0,0.0,94.0,720.0,854,444,0,1298,6,1940.0,256.0,84,0,0,0,0,0,0,9,WD ,122000
904,50,60.0,10998,Edwards,5,1941,1960,Wd Sdng,Wd Sdng,0.0,408.0,420.0,156.0,984.0,984,620,0,1604,6,1977.0,660.0,0,68,0,0,0,0,0,7,WD ,117000
905,50,70.0,6300,SWISU,5,1938,1950,MetalSd,MetalSd,88.0,832.0,0.0,0.0,832.0,832,436,0,1268,7,1938.0,250.0,0,0,55,0,0,0,0,7,WD ,160000
906,50,55.0,4500,SWISU,5,1932,2000,VinylSd,Stucco,0.0,182.0,0.0,611.0,793.0,848,672,0,1520,6,1968.0,281.0,0,0,56,0,0,0,0,7,WD ,159434
907,30,60.0,8400,SWISU,2,1920,1950,Wd Sdng,Wd Sdng,0.0,290.0,0.0,0.0,290.0,438,0,0,438,3,1930.0,246.0,0,0,0,0,0,0,0,1,WD ,60000
908,50,60.0,9900,SWISU,6,1940,1950,VinylSd,VinylSd,0.0,0.0,0.0,778.0,778.0,944,545,0,1489,7,1940.0,240.0,335,0,0,0,0,0,0,7,WD ,139500
909,75,102.0,15863,SWISU,7,1920,1970,Wd Sdng,Plywood,0.0,523.0,0.0,301.0,824.0,1687,998,397,3082,12,1970.0,672.0,136,63,0,0,0,0,0,8,WD ,197000
910,70,43.0,5707,SWISU,6,1935,1950,Wd Sdng,Wd Sdng,0.0,0.0,0.0,583.0,583.0,647,595,0,1242,6,1926.0,180.0,329,96,0,0,0,0,0,3,WD ,105000
911,50,65.0,7804,SWISU,4,1928,1950,WdShing,Plywood,0.0,622.0,0.0,500.0,1122.0,1328,653,0,1981,7,1981.0,576.0,431,44,0,0,0,0,0,12,WD ,135000
912,30,64.0,8574,Crawfor,6,1916,2000,Stucco,Stucco,0.0,0.0,0.0,816.0,816.0,1232,0,0,1232,6,1916.0,440.0,0,0,180,0,0,0,0,10,WD ,147500
913,50,51.0,6171,SWISU,6,1925,1990,WdShing,Wd Shng,0.0,264.0,0.0,712.0,976.0,1160,448,0,1608,7,1925.0,216.0,147,16,0,0,0,0,0,10,WD ,137450
914,70,60.0,7200,SWISU,7,1936,2007,Wd Sdng,Wd Sdng,0.0,350.0,210.0,0.0,560.0,575,560,0,1135,6,1971.0,576.0,256,0,0,0,0,0,0,4,WD ,155000
915,50,57.0,7558,Crawfor,6,1928,1950,BrkFace,Stone,0.0,0.0,0.0,896.0,896.0,1172,741,0,1913,9,1929.0,342.0,0,0,0,0,0,0,0,3,WD ,177000
916,50,52.0,6292,SWISU,7,1928,1950,Wd Sdng,Wd Sdng,0.0,0.0,0.0,861.0,861.0,877,600,0,1477,6,1928.0,216.0,0,50,0,0,0,0,0,8,WD ,145000
917,70,53.0,7155,Crawfor,7,1918,1990,Wd Sdng,Wd Sdng,0.0,0.0,0.0,600.0,600.0,628,600,0,1228,6,1918.0,215.0,0,113,0,0,195,0,0,5,WD ,137000
918,70,53.0,10918,Crawfor,7,1926,2004,MetalSd,MetalSd,0.0,0.0,0.0,1276.0,1276.0,1276,804,0,2080,9,1926.0,282.0,0,0,0,0,145,0,0,6,WD ,234000
919,50,60.0,13680,Crawfor,5,1940,1950,Wd Sdng,Wd Sdng,0.0,728.0,0.0,112.0,840.0,840,727,0,1567,6,1961.0,440.0,0,21,150,0,0,0,0,2,WD ,205000
920,70,,7500,Crawfor,6,1942,1950,Wd Sdng,Wd Sdng,0.0,547.0,0.0,224.0,771.0,753,741,0,1494,7,1942.0,213.0,0,0,0,0,224,0,0,11,WD ,177500
921,50,130.0,9600,Crawfor,5,1940,1950,MetalSd,MetalSd,0.0,428.0,0.0,300.0,728.0,976,332,0,1308,7,1940.0,256.0,0,70,0,0,0,0,0,6,WD ,160000
922,20,80.0,14680,Crawfor,5,1960,1960,MetalSd,MetalSd,0.0,793.0,0.0,480.0,1273.0,1273,0,0,1273,5,1960.0,307.0,483,0,0,0,115,0,0,6,WD ,155000
923,30,80.0,13360,Crawfor,5,1921,2006,Wd Sdng,Wd Sdng,0.0,713.0,0.0,163.0,876.0,964,0,0,964,5,1921.0,432.0,0,0,44,0,0,0,0,8,WD ,163500
924,50,54.0,7681,Crawfor,5,1921,1950,Wd Sdng,Wd Sdng,0.0,0.0,0.0,731.0,731.0,820,523,0,1343,7,1921.0,186.0,192,0,102,0,0,0,0,7,WD ,154900
925,90,,8145,Crawfor,7,1940,1950,Wd Sdng,Wd Sdng,0.0,246.0,0.0,674.0,920.0,1240,1240,0,2480,13,1940.0,400.0,0,0,57,0,0,0,0,7,WD ,205000
926,20,70.0,9100,Crawfor,5,1954,1954,BrkFace,BrkFace,0.0,154.0,694.0,264.0,1112.0,1112,0,0,1112,6,1954.0,390.0,0,0,0,0,0,0,0,10,WD ,144800
927,70,75.0,12000,Crawfor,7,1941,1950,MetalSd,MetalSd,0.0,275.0,0.0,429.0,704.0,860,704,0,1564,7,1941.0,234.0,0,0,0,0,0,0,0,7,WD ,174500
928,20,90.0,13339,Crawfor,6,1960,1960,HdBoard,Plywood,132.0,65.0,875.0,621.0,1561.0,1561,0,0,1561,6,1960.0,463.0,0,148,0,0,120,0,0,5,WD ,193000
929,50,78.0,15600,Crawfor,5,1949,2005,BrkComm,Brk Cmn,0.0,312.0,507.0,248.0,1067.0,986,537,0,1523,7,1949.0,295.0,0,0,81,0,0,0,0,10,WD ,158000
930,20,80.0,14000,Crawfor,6,1950,2004,HdBoard,HdBoard,0.0,0.0,0.0,1092.0,1092.0,1152,0,0,1152,6,1950.0,300.0,0,36,0,0,0,0,0,8,WD ,158500
931,20,100.0,17500,Crawfor,6,1954,1954,HdBoard,HdBoard,420.0,784.0,435.0,91.0,1310.0,1906,0,0,1906,6,1954.0,576.0,0,201,0,0,0,0,0,1,WD ,224000
932,160,24.0,1733,Blueste,6,1980,1980,MetalSd,MetalSd,0.0,0.0,0.0,516.0,516.0,516,516,0,1032,5,1980.0,452.0,279,0,0,0,0,0,0,5,WD ,115000
933,160,24.0,1488,Blueste,6,1980,1992,MetalSd,MetalSd,0.0,471.0,0.0,90.0,561.0,561,668,0,1229,5,1980.0,462.0,176,0,0,0,0,0,0,10,WD ,137000
934,160,24.0,1612,Blueste,6,1980,1980,MetalSd,MetalSd,0.0,0.0,0.0,561.0,561.0,561,668,0,1229,5,1980.0,462.0,154,0,0,0,0,0,0,7,WD ,121000
935,160,24.0,1300,Blueste,6,1980,1980,MetalSd,MetalSd,0.0,285.0,0.0,276.0,561.0,561,668,0,1229,5,1980.0,462.0,150,0,0,0,0,0,0,5,WD ,124000
936,80,,13607,Crawfor,6,1986,1986,VinylSd,VinylSd,242.0,454.0,0.0,118.0,572.0,1182,800,0,1982,6,1986.0,501.0,400,112,0,0,0,0,1500,4,WD ,208000
937,20,,17597,Crawfor,7,1971,2009,BrkFace,BrkFace,0.0,803.0,419.0,581.0,1803.0,2365,0,0,2365,7,1971.0,551.0,200,144,0,0,0,0,0,7,WD ,315000
938,20,,21695,Crawfor,6,1988,2007,Wd Sdng,Plywood,260.0,808.0,0.0,72.0,880.0,1680,0,0,1680,5,1988.0,540.0,292,44,0,182,0,0,0,12,WD ,222000
939,70,59.0,10690,IDOTRR,5,1920,1997,VinylSd,VinylSd,0.0,456.0,0.0,216.0,672.0,672,672,0,1344,6,1964.0,468.0,0,128,218,0,0,0,0,7,WD ,147000
940,70,50.0,8660,IDOTRR,5,1900,1993,AsbShng,AsbShng,0.0,0.0,0.0,760.0,760.0,928,928,312,2168,11,1998.0,576.0,467,160,78,0,0,0,0,12,WD ,123000
941,70,60.0,6402,IDOTRR,5,1920,1950,Wd Sdng,Wd Shng,0.0,0.0,0.0,596.0,596.0,596,596,0,1192,6,1920.0,189.0,0,0,137,0,0,0,0,7,WD ,78000
942,50,105.0,8470,IDOTRR,3,1915,1982,Plywood,Plywood,0.0,0.0,0.0,1013.0,1013.0,1013,0,513,1526,6,,0.0,0,0,156,0,0,0,0,10,ConLD,85000
943,30,60.0,10200,IDOTRR,4,1925,1950,MetalSd,MetalSd,0.0,0.0,0.0,572.0,572.0,572,0,0,572,4,1940.0,200.0,0,0,72,0,0,0,0,5,WD ,75000
944,120,44.0,3843,Crawfor,8,2007,2008,CemntBd,CmentBd,174.0,1476.0,0.0,120.0,1596.0,1648,0,0,1648,5,2007.0,482.0,162,53,0,153,0,0,0,6,New,230000
945,30,109.0,21780,IDOTRR,2,1910,1950,Wd Sdng,Wd Sdng,0.0,0.0,0.0,0.0,0.0,810,0,0,810,4,1975.0,280.0,119,24,0,0,0,0,0,3,ConLD,57625
946,60,75.0,10125,Mitchel,8,2000,2001,CemntBd,CmentBd,0.0,445.0,250.0,412.0,1107.0,1040,1012,0,2052,7,2000.0,642.0,210,91,0,0,0,0,0,5,WD ,251000
947,50,48.0,12822,Mitchel,7,2003,2003,VinylSd,VinylSd,0.0,1351.0,0.0,83.0,1434.0,1518,631,0,2149,6,2003.0,670.0,168,43,0,0,198,0,0,8,WD ,239686
948,20,43.0,12118,Mitchel,7,2004,2005,VinylSd,VinylSd,108.0,0.0,0.0,1710.0,1710.0,1710,0,0,1710,7,2004.0,550.0,100,48,0,0,180,0,0,4,WD ,240000
949,60,71.0,12209,Mitchel,6,2001,2002,VinylSd,VinylSd,0.0,690.0,0.0,114.0,804.0,804,1157,0,1961,7,2001.0,560.0,125,192,0,0,0,0,0,6,WD ,215000
950,85,75.0,9750,Mitchel,6,1977,1977,Plywood,Plywood,0.0,767.0,0.0,135.0,902.0,926,0,0,926,5,1977.0,351.0,319,0,0,0,0,0,0,4,WD ,156450
951,85,72.0,9360,Mitchel,6,1977,1977,Plywood,Plywood,0.0,841.0,116.0,0.0,957.0,1287,0,0,1287,5,1977.0,541.0,302,39,0,0,120,0,0,11,WD ,173000
952,90,75.0,10125,Mitchel,5,1977,1977,Plywood,Plywood,0.0,0.0,0.0,0.0,0.0,1302,432,0,1734,8,1977.0,539.0,0,0,0,0,0,0,0,8,COD,126000
953,80,,9947,Mitchel,7,1990,1991,HdBoard,HdBoard,0.0,611.0,0.0,577.0,1188.0,1217,0,0,1217,6,1990.0,497.0,168,27,0,0,0,0,0,6,WD ,173000
954,20,82.0,11070,Mitchel,5,1991,1991,HdBoard,HdBoard,0.0,55.0,0.0,1527.0,1582.0,1595,0,0,1595,5,1991.0,672.0,0,0,0,0,0,0,0,4,COD,152000
955,20,,14375,Timber,6,1958,1958,HdBoard,HdBoard,541.0,111.0,354.0,354.0,819.0,1344,0,0,1344,7,1958.0,525.0,0,118,0,0,233,0,0,1,COD,137500
956,20,150.0,215245,Timber,7,1965,1965,BrkFace,BrkFace,0.0,1236.0,820.0,80.0,2136.0,2036,0,0,2036,8,1965.0,513.0,0,0,0,0,0,0,0,6,WD ,375000
957,20,89.0,12898,Timber,9,2007,2008,VinylSd,VinylSd,70.0,1022.0,0.0,598.0,1620.0,1620,0,0,1620,6,2008.0,912.0,228,0,0,0,0,0,0,9,WD ,315500
958,60,83.0,13159,Timber,7,2009,2009,VinylSd,VinylSd,0.0,0.0,0.0,846.0,846.0,846,846,0,1692,6,2009.0,650.0,208,114,0,0,0,0,0,7,New,224500
959,20,113.0,13438,Timber,9,2008,2008,CemntBd,CmentBd,246.0,1758.0,0.0,432.0,2190.0,2036,0,0,2036,9,2008.0,780.0,90,154,0,0,0,0,0,7,WD ,410000
960,20,79.0,14463,Timber,9,2008,2008,CemntBd,CmentBd,406.0,1115.0,0.0,526.0,1641.0,1641,0,0,1641,7,2008.0,885.0,0,95,0,0,0,0,0,1,WD ,316500
961,20,73.0,8925,Timber,8,2007,2007,VinylSd,VinylSd,0.0,16.0,0.0,1450.0,1466.0,1466,0,0,1466,7,2007.0,610.0,100,18,0,0,0,0,0,7,WD ,201000
962,20,130.0,11457,Timber,6,1988,1988,HdBoard,HdBoard,0.0,1005.0,0.0,387.0,1392.0,1412,0,0,1412,6,1988.0,576.0,0,0,169,0,0,0,0,3,WD ,175000
963,60,,9839,Timber,6,1980,2006,MetalSd,MetalSd,0.0,462.0,0.0,250.0,712.0,1375,862,0,2237,7,1980.0,440.0,305,24,0,0,0,0,2500,2,WD ,204000
964,80,125.0,14419,Timber,7,1987,1989,Plywood,Plywood,310.0,904.0,624.0,117.0,1645.0,1479,0,0,1479,7,1987.0,578.0,224,238,0,0,0,0,0,7,WD ,213500
965,20,,6853,Timber,8,2001,2002,VinylSd,VinylSd,136.0,1005.0,0.0,262.0,1267.0,1296,0,0,1296,6,2001.0,471.0,192,25,0,0,0,0,0,6,WD ,220000
966,60,75.0,9157,Timber,7,2003,2003,VinylSd,VinylSd,0.0,0.0,0.0,912.0,912.0,1072,942,0,2014,9,2003.0,486.0,124,114,0,0,0,0,0,2,WD ,170000
967,20,85.0,14601,Timber,9,2006,2006,VinylSd,VinylSd,584.0,1260.0,0.0,578.0,1838.0,1838,0,0,1838,8,2006.0,765.0,270,68,0,0,0,0,0,3,WD ,315000
968,20,85.0,12633,Timber,9,2007,2007,CemntBd,CmentBd,290.0,1640.0,0.0,338.0,1978.0,1978,0,0,1978,7,2007.0,920.0,308,52,0,0,0,0,0,5,WD ,425000
969,20,75.0,12518,Mitchel,5,1968,1968,HdBoard,HdBoard,182.0,532.0,0.0,476.0,1008.0,1008,0,0,1008,6,1968.0,384.0,144,0,0,0,0,0,0,4,WD ,139500
970,20,100.0,21750,Mitchel,5,1960,2006,HdBoard,HdBoard,75.0,0.0,0.0,0.0,0.0,1771,0,0,1771,9,1960.0,336.0,0,0,0,0,0,0,0,11,WD ,115000
971,120,32.0,4500,Mitchel,6,1998,1998,VinylSd,VinylSd,320.0,866.0,0.0,338.0,1204.0,1204,0,0,1204,5,1998.0,412.0,0,247,0,0,0,0,0,6,WD ,162000
972,120,,4500,Mitchel,6,1999,1999,VinylSd,VinylSd,425.0,883.0,0.0,341.0,1224.0,1224,0,0,1224,5,1999.0,402.0,0,304,0,0,0,0,0,6,WD ,165000
973,180,21.0,1596,MeadowV,4,1973,1973,CemntBd,CmentBd,0.0,462.0,0.0,0.0,462.0,526,462,0,988,5,1973.0,297.0,120,101,0,0,0,0,0,11,WD ,91000
974,20,62.0,9858,Mitchel,5,1968,1968,HdBoard,HdBoard,0.0,510.0,0.0,354.0,864.0,874,0,0,874,5,1968.0,288.0,33,0,0,0,0,0,600,11,WD ,130000
975,180,21.0,1526,MeadowV,4,1970,2002,CemntBd,CmentBd,0.0,515.0,0.0,115.0,630.0,630,0,0,630,3,1970.0,286.0,0,0,0,0,0,0,0,5,WD ,86000
976,20,83.0,13383,Mitchel,5,1969,2000,HdBoard,HdBoard,176.0,594.0,0.0,594.0,1188.0,1404,0,0,1404,7,1969.0,504.0,0,16,0,0,0,0,0,3,WD ,160000
977,180,21.0,1477,MeadowV,4,1970,1970,CemntBd,CmentBd,0.0,509.0,0.0,121.0,630.0,630,0,0,630,3,1970.0,286.0,0,0,0,0,0,0,0,4,WD ,80000
978,160,21.0,1533,MeadowV,4,1970,2008,CemntBd,CmentBd,0.0,0.0,0.0,546.0,546.0,798,546,0,1344,6,,0.0,0,0,0,0,0,0,0,5,WD ,97000
979,160,21.0,2217,MeadowV,4,1970,1970,CemntBd,CmentBd,0.0,273.0,273.0,0.0,546.0,546,546,0,1092,6,1970.0,286.0,238,0,0,0,0,0,0,8,WD ,88000
980,85,50.0,7689,Mitchel,5,1972,1972,MetalSd,MetalSd,0.0,720.0,76.0,0.0,796.0,796,0,0,796,4,1998.0,336.0,138,0,0,0,0,0,0,7,WD ,131900
981,80,62.0,7706,Mitchel,6,1993,1996,HdBoard,HdBoard,0.0,114.0,270.0,0.0,384.0,1091,0,0,1091,5,1993.0,429.0,280,0,0,0,0,0,700,8,WD ,131250
982,85,,9101,Mitchel,5,1978,1978,Plywood,Plywood,104.0,1097.0,0.0,0.0,1097.0,1110,0,0,1110,4,1978.0,602.0,303,30,0,0,0,0,0,7,WD ,165500
983,20,,8780,Mitchel,5,1985,1985,HdBoard,Plywood,0.0,625.0,0.0,208.0,833.0,833,0,0,833,5,,0.0,0,0,0,0,0,0,0,3,WD ,112000
984,85,70.0,7669,Mitchel,5,1992,1993,HdBoard,Wd Shng,0.0,718.0,110.0,0.0,828.0,883,0,0,883,5,1998.0,698.0,100,32,0,0,0,0,0,6,WD ,149000
985,50,85.0,14115,Mitchel,5,1993,1995,VinylSd,VinylSd,0.0,732.0,0.0,64.0,796.0,796,566,0,1362,5,1993.0,480.0,40,30,0,320,0,0,700,10,WD ,143000
986,60,62.0,10429,Mitchel,5,1992,1992,HdBoard,Wd Shng,0.0,330.0,0.0,294.0,624.0,624,663,0,1287,6,2001.0,440.0,150,0,0,0,0,0,0,7,WD ,130000
987,20,,9819,Mitchel,6,1977,1977,Plywood,ImStucc,0.0,1567.0,0.0,0.0,1567.0,1567,0,0,1567,5,1977.0,714.0,264,32,0,0,0,0,0,5,WD ,196000
988,60,70.0,10457,Mitchel,5,1969,1969,VinylSd,VinylSd,178.0,496.0,288.0,0.0,784.0,784,848,0,1632,7,1969.0,898.0,0,173,368,0,0,0,0,4,WD ,173000
989,20,87.0,11029,NAmes,6,1958,2002,MetalSd,MetalSd,0.0,528.0,411.0,245.0,1184.0,1414,0,0,1414,6,1990.0,601.0,0,51,0,0,190,0,0,5,WD ,176500
990,20,,12925,NAmes,6,1970,1970,BrkFace,Plywood,0.0,865.0,0.0,340.0,1205.0,2117,0,0,2117,7,1970.0,550.0,0,42,0,0,0,0,0,5,WD ,237500
991,60,85.0,11075,NAmes,6,1969,1969,HdBoard,HdBoard,0.0,500.0,276.0,176.0,952.0,1092,1020,0,2112,9,1969.0,576.0,280,0,0,0,0,0,0,6,WD ,206900
992,60,72.0,8702,Gilbert,6,1997,1998,VinylSd,VinylSd,0.0,706.0,0.0,220.0,926.0,926,678,0,1604,7,1997.0,470.0,0,36,0,0,0,0,0,4,WD ,187500
993,60,65.0,8139,Gilbert,6,1995,1996,VinylSd,VinylSd,119.0,476.0,0.0,204.0,680.0,680,790,0,1470,7,1995.0,420.0,192,49,0,0,0,0,0,10,WD ,165000
994,60,59.0,9535,Gilbert,6,1998,1998,VinylSd,VinylSd,0.0,851.0,0.0,75.0,926.0,926,678,0,1604,7,1998.0,472.0,100,82,0,0,0,0,0,5,WD ,195500
995,60,59.0,9042,Gilbert,6,1998,1998,VinylSd,VinylSd,0.0,828.0,0.0,115.0,943.0,943,695,0,1638,7,1998.0,472.0,100,38,0,0,0,0,0,7,WD ,192000
996,60,,15038,Gilbert,6,1996,1996,HdBoard,HdBoard,0.0,138.0,0.0,778.0,916.0,916,720,0,1636,7,1996.0,386.0,168,84,0,0,0,0,0,11,WD ,173000
997,20,53.0,14137,Gilbert,5,1996,1997,HdBoard,HdBoard,0.0,450.0,0.0,898.0,1348.0,1384,0,0,1384,7,1996.0,404.0,0,39,0,0,0,0,0,11,WD ,177900
998,60,57.0,21872,Gilbert,7,1996,1997,HdBoard,HdBoard,0.0,604.0,0.0,125.0,729.0,729,717,0,1446,6,1996.0,406.0,264,22,0,0,0,0,0,8,WD ,175000
999,120,41.0,4923,StoneBr,8,2001,2002,CemntBd,CmentBd,0.0,1153.0,0.0,440.0,1593.0,1593,0,0,1593,5,2001.0,682.0,0,120,0,0,224,0,0,8,WD ,286000
1000,120,45.0,6264,StoneBr,8,1997,1997,CemntBd,CmentBd,0.0,656.0,0.0,1008.0,1664.0,1682,0,0,1682,6,1997.0,528.0,0,0,0,0,0,0,0,7,WD ,247900
1001,120,41.0,5395,StoneBr,8,1993,1993,HdBoard,HdBoard,0.0,733.0,0.0,604.0,1337.0,1337,0,0,1337,5,1993.0,462.0,96,0,70,168,0,0,0,10,WD ,180000
1002,120,39.0,5070,StoneBr,8,1992,1992,HdBoard,HdBoard,0.0,0.0,0.0,1280.0,1280.0,1280,0,0,1280,5,1992.0,506.0,0,82,0,0,144,0,0,8,WD ,180000
1003,60,100.0,10839,Gilbert,6,1997,1998,VinylSd,VinylSd,0.0,0.0,0.0,926.0,926.0,926,678,0,1604,7,1997.0,470.0,0,36,0,0,0,0,0,7,WD ,181000
1004,60,73.0,11184,Gilbert,6,1998,1998,VinylSd,VinylSd,0.0,0.0,0.0,932.0,932.0,932,701,0,1633,7,1998.0,460.0,0,39,0,0,0,0,0,4,WD ,183000
1005,60,,8000,Gilbert,6,1995,1996,HdBoard,HdBoard,0.0,219.0,0.0,554.0,773.0,773,885,0,1658,8,1995.0,431.0,224,84,0,0,0,0,0,6,WD ,188000
1006,60,,10832,Gilbert,7,1994,1996,MetalSd,MetalSd,0.0,0.0,0.0,712.0,712.0,1086,809,0,1895,7,1994.0,409.0,143,46,0,0,0,0,500,10,WD ,194500
1007,60,,14067,Gilbert,6,1991,1991,HdBoard,HdBoard,194.0,504.0,0.0,332.0,836.0,851,858,0,1709,7,1991.0,416.0,0,40,0,0,0,0,0,9,WD ,185000
1008,120,40.0,4671,StoneBr,8,1988,1989,HdBoard,HdBoard,0.0,767.0,0.0,461.0,1228.0,1228,0,0,1228,5,1988.0,472.0,168,120,0,0,0,0,0,10,WD ,189000
1009,120,65.0,5950,StoneBr,8,1989,1989,HdBoard,HdBoard,0.0,319.0,0.0,1018.0,1337.0,1337,0,0,1337,5,1989.0,462.0,0,73,154,0,0,0,0,4,WD ,188500
1010,60,101.0,13543,StoneBr,8,2005,2005,VinylSd,VinylSd,130.0,16.0,0.0,1152.0,1168.0,1168,1332,0,2500,9,2005.0,683.0,192,32,0,0,0,0,0,7,WD ,355000
1011,60,77.0,11198,StoneBr,9,2005,2007,VinylSd,VinylSd,245.0,0.0,0.0,1122.0,1122.0,1134,1370,0,2504,11,2005.0,656.0,144,39,0,0,0,0,0,6,WD ,325000
1012,20,53.0,15401,StoneBr,9,2004,2004,VinylSd,VinylSd,296.0,1337.0,0.0,547.0,1884.0,1884,0,0,1884,7,2004.0,670.0,214,76,0,0,0,0,0,9,WD ,387000
1013,20,,31220,Gilbert,6,1952,1952,BrkFace,BrkFace,0.0,0.0,0.0,1632.0,1632.0,1474,0,0,1474,7,1952.0,495.0,0,0,144,0,0,0,750,5,WD ,115000
1014,120,60.0,8118,StoneBr,9,2007,2007,MetalSd,MetalSd,178.0,1034.0,0.0,676.0,1710.0,1710,0,0,1710,6,2007.0,557.0,156,48,0,0,0,0,0,7,WD ,334000
1015,20,,47280,Gilbert,6,1950,1950,AsbShng,AsbShng,44.0,0.0,0.0,1488.0,1488.0,1488,0,0,1488,6,1950.0,738.0,0,0,180,0,0,0,0,7,WD ,133000
1016,60,46.0,20544,NWAmes,7,1986,1991,Plywood,Plywood,123.0,0.0,0.0,791.0,791.0,1236,857,0,2093,7,1986.0,542.0,364,63,0,0,0,0,0,11,WD ,215000
1017,20,63.0,12680,NWAmes,7,1988,1988,Plywood,Wd Sdng,102.0,983.0,0.0,692.0,1675.0,1688,0,0,1688,6,1988.0,528.0,0,48,0,0,141,0,0,6,WD ,226500
1018,20,78.0,12090,NWAmes,6,1981,1981,MetalSd,MetalSd,210.0,588.0,228.0,606.0,1422.0,1422,0,0,1422,7,1981.0,576.0,276,0,0,0,0,0,0,6,WD ,175500
1019,20,,10825,NWAmes,7,1983,1983,WdShing,Plywood,174.0,747.0,0.0,513.0,1260.0,1260,0,0,1260,6,1983.0,598.0,152,0,0,0,0,0,0,7,WD ,181900
1020,20,56.0,18559,NWAmes,7,1978,1978,Plywood,Plywood,383.0,1206.0,186.0,656.0,2048.0,2064,0,0,2064,7,1978.0,550.0,200,0,0,0,0,0,0,8,WD ,235000
1021,20,85.0,14450,NWAmes,7,1979,1979,Plywood,Plywood,194.0,864.0,449.0,469.0,1782.0,1782,0,0,1782,6,1979.0,551.0,467,0,0,0,0,0,0,3,WD ,220000
1022,60,,12227,NWAmes,6,1977,1995,HdBoard,HdBoard,424.0,896.0,0.0,434.0,1330.0,1542,1330,0,2872,11,1977.0,619.0,550,282,0,0,0,0,0,7,WD ,272000
1023,20,90.0,13068,NWAmes,6,1976,1976,HdBoard,HdBoard,621.0,890.0,48.0,273.0,1211.0,1211,0,0,1211,6,1976.0,461.0,0,0,0,174,0,0,0,11,WD ,161000
1024,20,,15611,NWAmes,5,1977,1977,VinylSd,VinylSd,0.0,767.0,93.0,266.0,1126.0,1126,0,0,1126,6,1977.0,540.0,180,0,0,0,0,0,0,3,WD ,175000
1025,60,80.0,10400,NWAmes,7,1980,1988,HdBoard,HdBoard,280.0,0.0,0.0,738.0,738.0,1277,767,0,2044,7,1980.0,489.0,28,73,0,0,0,0,0,3,WD ,185000
1026,60,75.0,9743,NWAmes,5,1969,1969,VinylSd,VinylSd,0.0,280.0,0.0,440.0,720.0,720,588,0,1308,7,1969.0,484.0,0,0,0,0,0,0,0,6,WD ,146900
1027,60,,12511,NWAmes,7,1978,1978,Plywood,Plywood,168.0,988.0,0.0,432.0,1420.0,1420,1420,0,2840,8,1978.0,1314.0,0,16,0,0,208,0,0,12,WD ,292500
1028,20,104.0,11361,NWAmes,6,1976,1976,Plywood,Plywood,160.0,644.0,0.0,549.0,1193.0,1523,0,0,1523,7,1976.0,478.0,0,0,0,0,189,0,0,5,COD,180000
1029,20,80.0,10400,NWAmes,6,1976,1976,HdBoard,HdBoard,120.0,0.0,0.0,1444.0,1444.0,1444,0,0,1444,5,1976.0,473.0,0,24,0,0,0,0,0,4,WD ,159900
1030,60,80.0,10480,NWAmes,7,1976,1976,Plywood,Plywood,660.0,403.0,0.0,400.0,803.0,1098,866,0,1964,8,1976.0,483.0,0,69,0,0,0,0,0,9,WD ,205000
1031,20,80.0,10000,NWAmes,5,1973,2000,HdBoard,HdBoard,0.0,1084.0,0.0,92.0,1176.0,1178,0,0,1178,5,1973.0,439.0,224,0,0,0,0,0,0,11,WD ,157000
1032,60,,14311,NWAmes,8,1996,1996,VinylSd,VinylSd,402.0,1023.0,0.0,213.0,1236.0,1236,1104,0,2340,9,1996.0,787.0,192,180,218,0,0,0,0,6,WD ,306000
1033,90,60.0,9000,NAmes,5,1974,1974,VinylSd,VinylSd,0.0,0.0,0.0,896.0,896.0,896,896,0,1792,8,1982.0,480.0,0,45,0,0,0,0,0,6,WD ,133000
1034,20,65.0,9750,NAmes,6,1969,1969,HdBoard,HdBoard,0.0,602.0,438.0,14.0,1054.0,1054,0,0,1054,6,1969.0,460.0,180,0,0,0,80,0,0,7,WD ,151000
1035,20,68.0,10295,NAmes,4,1969,1969,HdBoard,HdBoard,72.0,252.0,0.0,684.0,936.0,936,0,0,936,4,1969.0,288.0,16,0,0,0,0,0,0,9,COD,111900
1036,20,63.0,7560,NAmes,5,1971,1971,MetalSd,MetalSd,0.0,119.0,613.0,132.0,864.0,864,0,0,864,5,1977.0,576.0,0,0,0,0,0,0,0,5,WD ,123000
1037,20,,12735,NAmes,4,1972,1972,MetalSd,MetalSd,0.0,600.0,0.0,264.0,864.0,864,0,0,864,5,1980.0,576.0,216,0,0,0,0,0,0,4,COD,111250
1038,120,34.0,4060,NAmes,6,1998,1999,MetalSd,MetalSd,0.0,266.0,0.0,1139.0,1405.0,1337,0,0,1337,5,1998.0,511.0,144,68,0,0,0,0,0,8,COD,181000
1039,160,21.0,1680,BrDale,6,1973,1973,HdBoard,HdBoard,359.0,458.0,0.0,25.0,483.0,483,504,0,987,5,1973.0,264.0,52,0,0,0,0,0,0,2,WD ,103400
1040,160,21.0,1680,BrDale,6,1973,1973,HdBoard,HdBoard,158.0,330.0,0.0,153.0,483.0,483,504,0,987,5,1973.0,264.0,0,0,0,0,0,0,0,11,WD ,100000
1041,160,21.0,1890,BrDale,6,1972,1972,HdBoard,HdBoard,422.0,483.0,0.0,0.0,483.0,483,504,0,987,5,1975.0,352.0,411,0,0,0,0,0,0,4,WD ,100500
1042,160,21.0,1869,BrDale,6,1970,1970,HdBoard,HdBoard,127.0,321.0,0.0,162.0,483.0,483,504,0,987,5,1987.0,280.0,0,0,0,0,0,0,0,9,WD ,106000
1043,160,21.0,1680,BrDale,6,1971,1971,HdBoard,HdBoard,232.0,387.0,0.0,96.0,483.0,483,504,0,987,4,1971.0,264.0,0,0,0,0,0,0,0,7,COD,85400
1044,160,21.0,1680,BrDale,6,1971,1971,HdBoard,HdBoard,604.0,358.0,0.0,125.0,483.0,483,504,0,987,5,1971.0,264.0,0,0,0,0,0,0,0,8,WD ,89500
1045,160,21.0,1680,BrDale,5,1972,1972,HdBoard,HdBoard,356.0,350.0,0.0,280.0,630.0,630,672,0,1302,6,1972.0,264.0,0,0,0,0,0,0,0,12,WD ,111750
1046,120,53.0,4043,NPkVill,6,1977,1977,Plywood,Plywood,0.0,559.0,0.0,510.0,1069.0,1069,0,0,1069,4,1977.0,440.0,0,55,0,0,200,0,0,10,COD,140000
1047,160,24.0,2308,NPkVill,6,1975,1975,Plywood,Brk Cmn,0.0,286.0,294.0,275.0,855.0,855,601,0,1456,7,1975.0,460.0,0,0,0,0,0,0,0,5,WD ,143000
1048,120,24.0,2529,NPkVill,7,1977,1977,Plywood,Brk Cmn,0.0,378.0,0.0,677.0,1055.0,1055,0,0,1055,4,1977.0,440.0,0,38,0,0,0,0,0,9,WD ,148500
1049,20,,9477,NAmes,5,1966,1966,HdBoard,HdBoard,65.0,340.0,0.0,524.0,864.0,892,0,0,892,5,1966.0,264.0,0,0,0,0,0,0,0,10,WD ,110000
1050,20,96.0,12444,NridgHt,8,2008,2008,VinylSd,VinylSd,426.0,1336.0,0.0,596.0,1932.0,1932,0,0,1932,7,2008.0,774.0,0,66,0,304,0,0,0,11,New,394617
1051,60,96.0,12474,NridgHt,10,2007,2008,VinylSd,VinylSd,272.0,1280.0,0.0,402.0,1682.0,1742,590,0,2332,9,2008.0,846.0,196,134,0,0,0,0,0,8,New,426000
1052,20,114.0,14803,NridgHt,10,2007,2008,CemntBd,CmentBd,816.0,1636.0,0.0,442.0,2078.0,2084,0,0,2084,7,2007.0,1220.0,188,45,0,0,0,0,0,6,New,385000
1053,60,67.0,14948,NridgHt,9,2008,2008,VinylSd,VinylSd,268.0,1330.0,0.0,122.0,1452.0,1476,1237,0,2713,11,2008.0,858.0,126,66,0,0,0,0,0,11,New,446261
1054,20,98.0,12704,NridgHt,8,2007,2007,VinylSd,VinylSd,302.0,1012.0,0.0,570.0,1582.0,1582,0,0,1582,7,2007.0,905.0,209,95,0,0,0,0,0,1,New,317500
1055,20,107.0,13891,NridgHt,8,2007,2008,VinylSd,VinylSd,436.0,1400.0,0.0,310.0,1710.0,1710,0,0,1710,6,2007.0,866.0,0,102,0,0,0,0,0,1,New,372402
1056,20,105.0,13693,NridgHt,8,2007,2007,VinylSd,VinylSd,554.0,1728.0,495.0,195.0,2418.0,2464,0,0,2464,9,2007.0,650.0,358,78,0,0,0,0,0,8,WD ,417500
1057,20,104.0,14418,NridgHt,9,2007,2007,VinylSd,VinylSd,480.0,1375.0,0.0,575.0,1950.0,1950,0,0,1950,7,2007.0,706.0,156,207,0,0,0,0,0,5,WD ,383000
1058,60,108.0,13418,NridgHt,9,2006,2006,VinylSd,VinylSd,270.0,1420.0,0.0,430.0,1850.0,1850,898,0,2748,9,2006.0,850.0,212,182,0,0,0,0,0,10,WD ,390000
1059,60,96.0,12539,NridgHt,10,2005,2006,CemntBd,CmentBd,468.0,1082.0,0.0,538.0,1620.0,1632,1158,0,2790,10,2005.0,1150.0,30,200,0,0,192,0,0,6,WD ,460000
1060,60,102.0,12151,NridgHt,9,2005,2005,CemntBd,CmentBd,368.0,1249.0,0.0,165.0,1414.0,1414,917,0,2331,9,2005.0,1003.0,192,63,0,0,0,0,0,8,WD ,379000
1061,60,74.0,8899,NridgHt,8,2007,2007,VinylSd,VinylSd,108.0,40.0,0.0,908.0,948.0,948,1140,0,2088,10,2007.0,656.0,100,24,0,0,0,0,0,6,WD ,250000
1062,60,85.0,10574,NridgHt,8,2004,2004,VinylSd,VinylSd,126.0,856.0,0.0,292.0,1148.0,1170,1162,0,2332,9,2004.0,756.0,224,142,0,0,0,0,0,7,WD ,316000
1063,20,106.0,12720,NridgHt,10,2003,2003,MetalSd,MetalSd,680.0,2257.0,0.0,278.0,2535.0,2470,0,0,2470,7,2003.0,789.0,154,65,0,0,216,144,0,2,WD ,615000
1064,60,110.0,13688,NridgHt,9,2003,2004,VinylSd,VinylSd,664.0,1016.0,0.0,556.0,1572.0,1572,1096,0,2668,10,2003.0,726.0,400,0,0,0,0,0,0,3,WD ,412500
1065,60,85.0,10625,NridgHt,7,2003,2004,VinylSd,VinylSd,292.0,866.0,0.0,132.0,998.0,1006,1040,0,2046,8,2003.0,871.0,320,62,0,0,0,0,0,8,WD ,284000
1066,20,92.0,10845,NridgHt,8,2003,2004,VinylSd,VinylSd,504.0,1149.0,0.0,454.0,1603.0,1575,0,0,1575,7,2003.0,732.0,216,28,0,0,0,0,0,6,WD ,284000
1067,60,130.0,16900,NridgHt,8,2001,2002,VinylSd,VinylSd,1110.0,1075.0,0.0,404.0,1479.0,1515,1134,0,2649,10,2001.0,746.0,0,60,0,0,0,0,0,1,WD ,421250
1068,60,112.0,16451,NridgHt,8,2003,2003,VinylSd,VinylSd,221.0,0.0,0.0,1765.0,1765.0,1804,886,0,2690,9,2003.0,795.0,268,58,0,0,0,0,0,7,WD ,370000
1069,120,58.0,10110,NridgHt,9,2008,2008,MetalSd,MetalSd,492.0,372.0,0.0,1486.0,1858.0,1866,0,0,1866,7,2008.0,870.0,0,48,0,0,0,0,0,11,New,336860
1070,120,65.0,8769,NridgHt,9,2008,2008,MetalSd,MetalSd,766.0,1540.0,0.0,162.0,1702.0,1702,0,0,1702,7,2008.0,1052.0,0,72,0,0,224,0,0,10,New,367294
1071,120,135.0,12304,NridgHt,7,2005,2005,VinylSd,VinylSd,144.0,20.0,0.0,1347.0,1367.0,1367,0,0,1367,6,2005.0,484.0,0,33,0,0,0,0,0,6,WD ,192000
1072,120,62.0,12677,NridgHt,8,2003,2004,MetalSd,MetalSd,472.0,1218.0,0.0,300.0,1518.0,1518,0,0,1518,6,2003.0,588.0,185,140,0,0,0,0,0,4,WD ,274000
1073,120,63.0,8849,NridgHt,9,2005,2005,MetalSd,MetalSd,616.0,28.0,0.0,1656.0,1684.0,1684,0,0,1684,6,2005.0,564.0,495,72,0,0,0,0,0,7,WD ,266000
1074,120,89.0,8232,NridgHt,9,2007,2008,MetalSd,MetalSd,714.0,1204.0,0.0,596.0,1800.0,1800,0,0,1800,6,2008.0,944.0,210,0,0,0,0,0,0,6,New,370967
1075,120,48.0,6240,NridgHt,8,2006,2007,MetalSd,MetalSd,176.0,846.0,0.0,496.0,1342.0,1342,0,0,1342,6,2007.0,550.0,0,35,0,0,0,0,0,6,WD ,234250
1076,120,48.0,6240,NridgHt,8,2006,2007,MetalSd,MetalSd,196.0,24.0,0.0,1318.0,1342.0,1342,0,0,1342,6,2007.0,550.0,0,35,0,0,0,0,0,2,WD ,219500
1077,160,36.0,2448,NridgHt,7,2003,2004,VinylSd,Wd Shng,106.0,0.0,0.0,764.0,764.0,764,862,0,1626,6,2003.0,474.0,0,27,0,0,0,0,0,10,WD ,155000
1078,160,36.0,2448,NridgHt,7,2003,2004,VinylSd,Wd Shng,106.0,573.0,0.0,191.0,764.0,764,862,0,1626,6,2003.0,474.0,0,27,0,0,0,0,0,10,WD ,154000
1079,120,59.0,8198,NridgHt,7,2004,2004,VinylSd,VinylSd,146.0,720.0,0.0,638.0,1358.0,1358,0,0,1358,6,2004.0,484.0,192,30,0,0,0,0,0,7,WD ,207000
1080,120,,3940,Blmngtn,7,2003,2003,VinylSd,VinylSd,143.0,1073.0,0.0,342.0,1415.0,1455,0,0,1455,6,2003.0,644.0,156,20,0,0,144,0,0,8,WD ,195000
1081,120,,3940,Blmngtn,7,2004,2004,VinylSd,VinylSd,24.0,1087.0,0.0,306.0,1393.0,1576,0,0,1576,7,2004.0,668.0,143,20,0,0,0,0,0,5,WD ,219990
1082,120,43.0,3182,Blmngtn,7,2005,2006,VinylSd,VinylSd,14.0,16.0,0.0,1330.0,1346.0,1504,0,0,1504,7,2005.0,437.0,156,20,0,0,0,0,0,5,WD ,191000
1083,20,43.0,3182,Blmngtn,7,2007,2007,VinylSd,VinylSd,16.0,0.0,0.0,1266.0,1266.0,1266,0,0,1266,6,2007.0,388.0,100,16,0,0,0,0,0,3,WD ,159895
1084,20,53.0,3710,Blmngtn,7,2007,2008,WdShing,Wd Shng,20.0,0.0,0.0,1146.0,1146.0,1246,0,0,1246,5,2007.0,428.0,100,24,0,0,0,0,0,3,New,187687
1085,60,80.0,9024,Gilbert,6,2004,2004,VinylSd,VinylSd,0.0,0.0,0.0,789.0,789.0,813,702,0,1515,8,2004.0,393.0,0,75,0,0,0,0,0,7,WD ,179000
1086,60,62.0,7415,Gilbert,6,2004,2004,VinylSd,VinylSd,0.0,759.0,0.0,80.0,839.0,864,729,0,1593,8,2004.0,398.0,100,75,0,0,0,0,0,4,WD ,193000
1087,80,59.0,9587,Gilbert,7,2005,2005,VinylSd,VinylSd,182.0,655.0,0.0,201.0,856.0,1166,0,0,1166,5,2005.0,400.0,212,0,0,0,0,0,0,7,WD ,190000
1088,60,51.0,8029,Gilbert,6,2005,2005,VinylSd,VinylSd,0.0,0.0,0.0,728.0,728.0,728,728,0,1456,8,2005.0,400.0,100,24,0,0,0,0,0,7,WD ,176000
1089,60,,8010,Gilbert,7,2002,2003,VinylSd,VinylSd,0.0,0.0,0.0,840.0,840.0,840,880,0,1720,7,2002.0,400.0,138,48,0,0,0,0,0,7,WD ,188000
1090,60,,8396,Gilbert,7,2003,2003,VinylSd,VinylSd,196.0,0.0,0.0,847.0,847.0,847,1139,0,1986,9,2003.0,434.0,120,48,0,0,0,0,0,5,WD ,213000
1091,120,55.0,7301,NridgHt,7,2007,2008,VinylSd,VinylSd,176.0,876.0,0.0,474.0,1350.0,1358,0,0,1358,6,2008.0,484.0,192,26,0,0,0,0,0,11,New,217300
1092,60,93.0,10261,Gilbert,6,2000,2000,VinylSd,VinylSd,318.0,0.0,0.0,936.0,936.0,962,830,0,1792,8,2000.0,451.0,0,0,0,0,0,0,0,5,WD ,186500
1093,60,71.0,8220,Gilbert,7,2000,2001,VinylSd,VinylSd,647.0,544.0,0.0,438.0,982.0,1008,884,0,1892,8,2000.0,431.0,108,0,0,0,0,0,0,7,WD ,226750
1094,60,60.0,15384,Gilbert,7,2004,2005,VinylSd,VinylSd,0.0,724.0,0.0,64.0,788.0,788,702,0,1490,8,2004.0,388.0,100,75,0,0,0,0,0,2,WD ,184000
1095,60,,7750,Gilbert,7,2002,2002,VinylSd,VinylSd,,0.0,0.0,707.0,707.0,707,707,0,1414,6,2002.0,403.0,100,35,0,0,0,0,0,4,WD ,176000
1096,60,41.0,12460,Gilbert,7,1999,2000,VinylSd,VinylSd,0.0,870.0,0.0,167.0,1037.0,1037,1285,0,2322,8,1999.0,400.0,144,44,0,0,0,0,0,5,WD ,225000
1097,60,77.0,8390,Gilbert,7,1999,1999,VinylSd,VinylSd,0.0,0.0,0.0,831.0,831.0,873,778,0,1651,7,1999.0,450.0,0,103,0,0,0,0,0,5,WD ,185900
1098,75,84.0,9660,NoRidge,8,1997,1997,HdBoard,HdBoard,1290.0,0.0,0.0,1173.0,1173.0,1182,1017,0,2199,9,1997.0,516.0,0,131,0,0,0,0,0,9,WD ,284500
1099,60,80.0,9200,NoRidge,8,1998,1998,VinylSd,VinylSd,473.0,986.0,0.0,484.0,1470.0,1470,1160,0,2630,8,1998.0,696.0,0,66,0,0,0,0,0,6,WD ,315000
1100,60,84.0,14260,NoRidge,8,2000,2000,VinylSd,VinylSd,350.0,655.0,0.0,490.0,1145.0,1145,1053,0,2198,9,2000.0,836.0,192,84,0,0,0,0,0,12,WD ,250000
1101,60,,11000,NoRidge,9,2000,2000,VinylSd,VinylSd,295.0,0.0,0.0,1519.0,1519.0,1533,639,0,2172,8,2000.0,687.0,162,153,0,0,0,0,0,6,WD ,291000
1102,20,136.0,11675,NoRidge,8,1998,1998,VinylSd,VinylSd,495.0,1660.0,0.0,322.0,1982.0,2006,0,0,2006,5,1998.0,938.0,144,33,0,0,0,0,0,7,WD ,350000
1103,60,97.0,10990,NoRidge,7,1996,1997,VinylSd,VinylSd,0.0,851.0,0.0,213.0,1064.0,1064,1061,0,2125,12,1996.0,576.0,168,0,0,0,0,0,0,6,WD ,279500
1104,60,,11929,NoRidge,8,1995,1995,VinylSd,VinylSd,466.0,0.0,0.0,1242.0,1242.0,1251,1250,0,2501,9,1995.0,751.0,192,87,0,0,0,0,0,6,WD ,290000
1105,20,91.0,10437,NoRidge,8,1995,1995,MetalSd,MetalSd,660.0,1696.0,0.0,413.0,2109.0,2113,0,0,2113,7,1995.0,839.0,236,46,0,0,0,0,0,8,WD ,350000
1106,60,96.0,10542,NoRidge,7,1993,1994,Wd Sdng,ImStucc,651.0,1173.0,0.0,138.0,1311.0,1325,1093,0,2418,9,1993.0,983.0,250,154,216,0,0,0,0,8,WD ,341000
1107,60,91.0,10010,NoRidge,7,1993,1994,VinylSd,VinylSd,320.0,228.0,852.0,0.0,1080.0,1108,1089,0,2197,9,1993.0,783.0,385,99,0,0,0,0,0,7,WD ,287500
1108,60,81.0,10944,NoRidge,7,1994,1994,VinylSd,VinylSd,448.0,1000.0,0.0,223.0,1223.0,1223,904,0,2127,5,1994.0,525.0,171,132,0,0,0,0,0,8,WD ,271000
1109,20,91.0,14303,NoRidge,8,1994,1994,HdBoard,HdBoard,554.0,1314.0,0.0,672.0,1986.0,1987,0,0,1987,7,1994.0,691.0,262,36,0,0,0,0,0,8,WD ,301500
1110,20,92.0,11932,Somerst,8,2007,2008,VinylSd,VinylSd,186.0,0.0,0.0,1580.0,1580.0,1580,0,0,1580,7,2008.0,830.0,0,24,0,0,0,0,0,6,ConLD,235128
1111,60,86.0,14598,Somerst,6,2007,2007,VinylSd,VinylSd,74.0,0.0,0.0,894.0,894.0,894,1039,0,1933,9,2007.0,668.0,100,18,0,0,0,0,0,1,WD ,214000
1112,20,75.0,11957,Somerst,8,2006,2006,VinylSd,VinylSd,53.0,24.0,0.0,1550.0,1574.0,1574,0,0,1574,7,2006.0,824.0,144,104,0,0,0,0,0,7,WD ,232000
1113,20,74.0,13253,Somerst,7,2006,2006,VinylSd,VinylSd,128.0,1096.0,0.0,482.0,1578.0,1578,0,0,1578,7,2006.0,642.0,0,26,0,0,0,0,0,5,WD ,240000
1114,20,75.0,14587,Somerst,9,2008,2008,VinylSd,VinylSd,284.0,0.0,0.0,1498.0,1498.0,1506,0,0,1506,6,2008.0,592.0,0,174,0,0,0,0,0,8,New,264132
1115,20,78.0,10206,Somerst,8,2007,2007,VinylSd,VinylSd,468.0,33.0,0.0,1530.0,1563.0,1563,0,0,1563,6,2007.0,758.0,144,99,0,0,0,0,0,10,WD ,245000
1116,20,91.0,12274,Somerst,7,2008,2008,VinylSd,VinylSd,256.0,0.0,0.0,1417.0,1417.0,1428,0,0,1428,6,2008.0,554.0,0,60,0,0,0,0,0,7,New,227680
1117,60,73.0,9801,Somerst,8,2007,2007,VinylSd,VinylSd,156.0,0.0,0.0,1341.0,1341.0,1341,520,0,1861,7,2007.0,851.0,144,60,0,0,0,0,0,7,WD ,257000
1118,60,80.0,9428,Somerst,8,2007,2008,VinylSd,VinylSd,310.0,729.0,0.0,226.0,955.0,955,919,0,1874,8,2007.0,880.0,168,108,0,0,0,0,0,2,New,297900
1119,20,87.0,10037,Somerst,8,2006,2007,VinylSd,VinylSd,,666.0,0.0,794.0,1460.0,1460,0,0,1460,6,2006.0,480.0,0,20,0,0,0,0,0,8,WD ,247000
1120,20,72.0,8640,Somerst,8,2007,2008,VinylSd,VinylSd,0.0,24.0,0.0,1339.0,1363.0,1372,0,0,1372,6,2008.0,588.0,192,113,0,0,0,0,0,7,New,212700
1121,20,72.0,8640,Somerst,7,2007,2008,VinylSd,VinylSd,0.0,0.0,0.0,1372.0,1372.0,1372,0,0,1372,6,2008.0,529.0,0,140,0,0,0,0,0,5,New,250580
1122,20,95.0,11639,Somerst,7,2007,2008,CemntBd,CmentBd,,0.0,0.0,1428.0,1428.0,1428,0,0,1428,6,2007.0,480.0,0,120,0,0,0,0,0,12,New,182000
1123,60,75.0,9803,Somerst,7,2005,2005,VinylSd,VinylSd,0.0,400.0,0.0,466.0,866.0,866,902,0,1768,7,2005.0,603.0,0,108,0,0,0,0,0,2,WD ,226700
1124,60,75.0,9375,Somerst,8,2003,2004,VinylSd,VinylSd,768.0,0.0,0.0,1053.0,1053.0,1053,939,0,1992,9,2003.0,648.0,140,45,0,0,0,0,0,8,WD ,250000
1125,60,85.0,10625,Somerst,7,2005,2005,CemntBd,CmentBd,0.0,0.0,0.0,1026.0,1026.0,1026,932,0,1958,9,2005.0,936.0,154,210,0,0,0,0,0,7,WD ,250000
1126,60,85.0,10800,Somerst,8,2007,2008,VinylSd,VinylSd,100.0,789.0,0.0,245.0,1034.0,1050,1028,0,2078,8,2008.0,836.0,0,102,0,0,0,0,0,4,New,339750
1127,60,65.0,8125,Somerst,7,2007,2007,CemntBd,CmentBd,,0.0,0.0,813.0,813.0,822,843,0,1665,7,2007.0,562.0,0,0,0,0,0,0,0,5,WD ,205950
1128,20,85.0,10625,Somerst,8,2007,2007,VinylSd,VinylSd,292.0,0.0,0.0,1660.0,1660.0,1660,0,0,1660,7,2007.0,660.0,133,120,0,0,0,0,0,6,WD ,256000
1129,20,62.0,7500,Somerst,7,2007,2008,CemntBd,CmentBd,210.0,902.0,0.0,316.0,1218.0,1218,0,0,1218,6,2008.0,462.0,168,168,0,0,0,0,0,4,New,230348
1130,60,64.0,8791,Somerst,6,2003,2003,VinylSd,VinylSd,0.0,503.0,0.0,361.0,864.0,864,864,0,1728,7,2003.0,673.0,216,56,0,0,0,0,0,5,WD ,207500
1131,20,63.0,7500,SawyerW,7,2004,2005,VinylSd,VinylSd,120.0,680.0,0.0,400.0,1080.0,1080,0,0,1080,6,,0.0,0,0,0,0,0,0,0,4,WD ,141000
1132,60,68.0,10110,SawyerW,6,2003,2003,VinylSd,VinylSd,0.0,80.0,555.0,200.0,835.0,835,861,0,1696,7,2003.0,542.0,143,66,0,0,0,0,0,7,WD ,188000
1133,60,67.0,12774,SawyerW,7,2003,2004,VinylSd,VinylSd,95.0,0.0,0.0,835.0,835.0,835,828,0,1663,8,2003.0,478.0,168,68,0,0,0,0,0,7,WD ,192500
1134,20,63.0,13072,SawyerW,6,2005,2006,VinylSd,VinylSd,126.0,80.0,0.0,1095.0,1175.0,1175,0,0,1175,6,,0.0,0,90,0,0,0,0,0,6,WD ,146000
1135,20,66.0,13695,SawyerW,5,2004,2004,VinylSd,VinylSd,0.0,646.0,0.0,468.0,1114.0,1114,0,0,1114,6,2004.0,576.0,0,102,0,0,0,0,0,6,WD ,159000
1136,20,66.0,13695,SawyerW,6,2003,2004,VinylSd,VinylSd,0.0,814.0,0.0,300.0,1114.0,1114,0,0,1114,6,2004.0,576.0,0,78,0,0,0,0,0,7,WD ,155000
1137,60,65.0,8366,SawyerW,6,2004,2004,VinylSd,VinylSd,0.0,0.0,0.0,798.0,798.0,798,842,0,1640,6,2004.0,520.0,138,45,0,0,0,0,0,12,WD ,173000
1138,20,81.0,9260,SawyerW,7,2007,2007,VinylSd,VinylSd,0.0,0.0,0.0,1162.0,1162.0,1162,0,0,1162,6,2007.0,483.0,0,32,0,0,0,0,0,3,WD ,170000
1139,60,65.0,8453,SawyerW,6,1995,1995,VinylSd,VinylSd,38.0,362.0,0.0,392.0,754.0,754,855,0,1609,6,1995.0,525.0,0,70,0,0,0,0,0,4,WD ,182000
1140,60,50.0,8480,SawyerW,6,1993,1994,HdBoard,HdBoard,120.0,602.0,0.0,284.0,886.0,886,794,0,1680,7,1993.0,474.0,144,96,0,0,0,0,0,10,WD ,163000
1141,20,65.0,8125,SawyerW,6,1994,1998,HdBoard,HdBoard,258.0,1138.0,0.0,270.0,1408.0,1679,0,0,1679,7,1994.0,575.0,224,42,0,0,0,0,0,10,WD ,193500
1142,60,43.0,14565,SawyerW,7,1994,1995,VinylSd,VinylSd,145.0,537.0,0.0,295.0,832.0,832,825,0,1657,6,1994.0,483.0,144,74,0,0,0,0,2000,11,WD ,189000
1143,60,65.0,8450,SawyerW,6,2001,2001,VinylSd,VinylSd,0.0,472.0,0.0,355.0,827.0,827,850,0,1677,7,2001.0,627.0,0,68,0,0,0,0,0,9,WD ,190500
1144,60,75.0,8285,SawyerW,7,1992,1992,HdBoard,HdBoard,0.0,397.0,0.0,439.0,836.0,844,893,0,1737,7,1992.0,506.0,192,85,0,0,0,0,0,5,WD ,175000
1145,20,,7153,SawyerW,6,1991,1991,HdBoard,HdBoard,88.0,1200.0,0.0,78.0,1278.0,1294,0,0,1294,6,1991.0,496.0,112,51,0,0,0,0,0,6,WD ,179200
1146,60,76.0,9291,SawyerW,6,1993,1993,HdBoard,HdBoard,120.0,426.0,0.0,406.0,832.0,832,878,0,1710,7,1993.0,506.0,144,70,0,0,0,0,0,6,WD ,187000
1147,120,50.0,8012,SawyerW,6,1993,1994,Plywood,Plywood,0.0,165.0,841.0,598.0,1604.0,1617,0,0,1617,5,1993.0,533.0,0,69,0,0,0,0,0,7,WD ,193000
1148,120,55.0,7892,SawyerW,6,1993,1993,Plywood,Plywood,0.0,300.0,0.0,899.0,1199.0,1199,0,0,1199,5,1993.0,530.0,0,63,0,0,0,0,0,3,WD ,153900
1149,20,70.0,9100,Sawyer,5,1963,1963,Wd Sdng,Wd Sdng,0.0,53.0,799.0,132.0,984.0,984,0,0,984,5,1963.0,384.0,145,56,0,0,0,0,400,8,WD ,128000
1150,20,,12968,Sawyer,5,1962,1962,HdBoard,Plywood,0.0,737.0,0.0,175.0,912.0,912,0,0,912,4,1962.0,352.0,140,0,0,0,176,0,0,9,WD ,144000
1151,20,75.0,8100,Sawyer,5,1961,2007,Wd Sdng,Wd Sdng,0.0,764.0,0.0,100.0,864.0,864,0,0,864,5,1962.0,420.0,132,0,0,0,0,0,0,7,WD ,135000
1152,190,65.0,8450,Sawyer,5,1968,1968,HdBoard,HdBoard,0.0,890.0,0.0,0.0,890.0,890,0,0,890,5,1970.0,308.0,0,0,0,0,0,0,0,4,WD ,115000
1153,20,60.0,6360,Sawyer,5,1963,1963,Wd Sdng,HdBoard,0.0,489.0,0.0,375.0,864.0,864,0,0,864,5,1963.0,276.0,0,0,0,0,0,0,650,1,COD,119916
1154,20,65.0,6768,Sawyer,6,1961,1996,HdBoard,HdBoard,0.0,832.0,0.0,80.0,912.0,912,0,0,912,5,1962.0,288.0,168,0,0,0,0,0,0,5,WD ,142000
1155,20,95.0,19508,Veenker,6,1974,1974,HdBoard,ImStucc,144.0,800.0,0.0,630.0,1430.0,1430,0,0,1430,6,1974.0,484.0,117,108,165,0,0,0,0,7,WD ,192000
1156,50,70.0,10759,Sawyer,5,1972,1972,HdBoard,HdBoard,0.0,190.0,811.0,0.0,1001.0,1001,640,0,1641,5,1972.0,490.0,0,0,92,0,0,0,0,7,WD ,140000
1157,60,,9205,NoRidge,6,1990,1991,HdBoard,HdBoard,304.0,704.0,0.0,226.0,930.0,1364,1319,0,2683,9,1990.0,473.0,237,251,0,0,196,0,0,6,WD ,290000
1158,60,105.0,11025,NoRidge,9,1993,1994,Wd Sdng,Wd Sdng,568.0,520.0,0.0,1328.0,1848.0,1827,959,0,2786,10,1993.0,636.0,294,49,0,0,0,0,0,6,WD ,372500
1159,120,59.0,4282,Somerst,7,2004,2004,MetalSd,MetalSd,0.0,16.0,0.0,1375.0,1391.0,1391,0,0,1391,5,2004.0,530.0,156,158,0,0,0,0,0,7,WD ,196000
1160,160,35.0,4017,Somerst,7,2006,2007,MetalSd,MetalSd,0.0,0.0,0.0,625.0,625.0,625,625,0,1250,5,2006.0,625.0,0,54,0,0,0,0,0,3,WD ,171900
1161,120,37.0,3435,Somerst,7,2004,2005,MetalSd,MetalSd,0.0,24.0,0.0,1211.0,1235.0,1245,0,0,1245,5,2004.0,495.0,0,100,0,0,0,0,0,6,WD ,178000
1162,160,30.0,3180,Somerst,6,2005,2005,MetalSd,MetalSd,0.0,390.0,0.0,210.0,600.0,600,600,0,1200,5,2005.0,480.0,0,166,0,0,0,0,0,5,WD ,165000
1163,160,30.0,3180,Somerst,7,2007,2007,VinylSd,VinylSd,0.0,0.0,0.0,689.0,689.0,703,689,0,1392,5,2007.0,540.0,0,102,0,0,0,0,0,3,WD ,146000
1164,160,34.0,3604,Somerst,7,2007,2007,VinylSd,VinylSd,0.0,0.0,0.0,689.0,689.0,703,689,0,1392,5,2007.0,540.0,0,102,0,0,0,0,0,2,WD ,146000
1165,160,24.0,2280,Somerst,7,1999,1999,MetalSd,MetalSd,360.0,549.0,0.0,195.0,744.0,757,744,0,1501,6,1999.0,440.0,0,0,0,0,0,0,0,8,WD ,179400
1166,160,24.0,2280,Somerst,6,1999,1999,MetalSd,MetalSd,216.0,550.0,0.0,194.0,744.0,757,792,0,1549,6,1999.0,440.0,0,32,0,0,0,0,0,4,WD ,172900
1167,120,,4765,Somerst,9,2000,2000,MetalSd,MetalSd,260.0,1027.0,0.0,587.0,1614.0,1638,0,0,1638,5,2000.0,495.0,230,68,0,0,0,0,0,7,WD ,300000
1168,120,,4538,Somerst,9,2001,2001,VinylSd,VinylSd,179.0,1004.0,0.0,306.0,1310.0,1310,0,0,1310,5,2001.0,545.0,277,45,0,0,0,0,0,7,WD ,285000
1169,120,42.0,4385,Somerst,9,2001,2001,VinylSd,VinylSd,0.0,964.0,0.0,455.0,1419.0,1419,0,0,1419,5,2001.0,588.0,155,58,0,0,0,0,0,9,WD ,290000
1170,120,35.0,4109,Somerst,9,1999,2000,VinylSd,VinylSd,260.0,1141.0,0.0,416.0,1557.0,1557,0,0,1557,5,1999.0,484.0,124,113,0,0,0,0,0,6,WD ,305000
1171,120,50.0,5119,Somerst,9,1999,2000,MetalSd,MetalSd,60.0,1238.0,0.0,460.0,1698.0,1709,0,0,1709,5,1999.0,506.0,97,65,0,0,0,0,0,1,CWD,328900
1172,160,24.0,2160,Somerst,7,1999,2000,MetalSd,MetalSd,212.0,510.0,0.0,90.0,600.0,624,628,0,1252,4,1999.0,462.0,0,48,0,0,0,0,0,3,WD ,160000
1173,160,24.0,2160,Somerst,7,1999,2000,VinylSd,VinylSd,216.0,600.0,0.0,72.0,672.0,684,720,0,1404,5,1999.0,462.0,20,0,0,0,0,0,0,6,WD ,170000
1174,60,79.0,10646,Somerst,7,2001,2001,VinylSd,VinylSd,513.0,681.0,0.0,177.0,858.0,872,917,0,1789,7,2001.0,546.0,0,0,0,0,0,0,0,6,WD ,223000
1175,160,24.0,2645,Somerst,8,1999,1999,MetalSd,MetalSd,466.0,612.0,0.0,348.0,960.0,962,624,0,1586,7,1999.0,480.0,169,0,0,0,0,0,0,12,WD ,170000
1176,160,24.0,2645,Somerst,8,1999,2000,MetalSd,MetalSd,456.0,813.0,0.0,147.0,960.0,962,645,0,1607,7,2000.0,480.0,169,0,0,0,0,0,0,12,ConLD,200000
1177,160,36.0,3951,Somerst,10,1998,1999,BrkFace,MetalSd,0.0,128.0,842.0,0.0,970.0,1469,924,0,2393,7,1998.0,846.0,0,90,0,0,94,0,0,2,WD ,345000
1178,120,38.0,14963,Veenker,8,1996,1996,BrkFace,BrkFace,0.0,786.0,0.0,474.0,1260.0,1288,0,0,1288,4,1996.0,500.0,120,30,0,0,224,0,0,12,WD ,245500
1179,120,22.0,11064,Veenker,8,1995,1995,BrkFace,BrkFace,0.0,560.0,670.0,0.0,1230.0,1239,0,0,1239,4,1995.0,477.0,172,24,0,0,0,0,0,8,WD ,217500
1180,120,32.0,10846,Veenker,8,1993,1993,BrkFace,BrkFace,0.0,1619.0,0.0,100.0,1719.0,1719,0,0,1719,6,1993.0,473.0,122,30,0,0,0,0,0,5,Con,324000
1181,20,,11120,Veenker,6,1984,1984,Plywood,Plywood,0.0,660.0,0.0,572.0,1232.0,1232,0,0,1232,6,1984.0,516.0,0,0,0,0,0,0,0,6,WD ,162500
1182,60,,24572,Veenker,9,1977,1977,Wd Sdng,Wd Sdng,1050.0,410.0,0.0,584.0,994.0,1599,1345,0,2944,9,1977.0,864.0,140,70,16,0,0,0,0,6,WD ,150000
1183,20,103.0,16280,Veenker,8,1976,2007,VinylSd,VinylSd,0.0,1044.0,382.0,0.0,1426.0,1671,0,0,1671,6,1976.0,550.0,280,90,0,0,0,0,0,5,WD ,290000
1184,60,,7500,Somerst,7,2002,2002,VinylSd,VinylSd,,0.0,0.0,952.0,952.0,952,860,0,1812,7,2002.0,469.0,144,112,0,0,0,0,0,4,WD ,205000
1185,20,80.0,10400,NWAmes,7,1970,1970,Plywood,Plywood,288.0,0.0,0.0,1304.0,1304.0,1682,0,0,1682,7,1970.0,530.0,98,0,0,0,0,0,0,5,WD ,174000
1186,80,,11104,NWAmes,6,1969,1969,MetalSd,MetalSd,0.0,828.0,0.0,599.0,1427.0,1427,0,0,1427,7,1969.0,516.0,0,0,0,0,216,0,0,5,WD ,183000
1187,20,85.0,11050,NWAmes,6,1968,1968,HdBoard,HdBoard,0.0,301.0,0.0,1439.0,1740.0,1740,0,0,1740,8,1968.0,512.0,25,0,0,0,192,0,0,10,WD ,150000
1188,20,80.0,11040,NWAmes,6,1971,2004,VinylSd,VinylSd,144.0,656.0,0.0,602.0,1258.0,1258,0,0,1258,5,1971.0,528.0,55,0,0,216,0,0,0,10,COD,145000
1189,20,,15387,NWAmes,7,1967,1967,Plywood,Plywood,0.0,603.0,294.0,723.0,1620.0,1620,0,0,1620,8,1967.0,578.0,0,62,192,0,0,0,450,8,WD ,215000
1190,90,75.0,9750,NWAmes,5,1965,1965,MetalSd,MetalSd,0.0,0.0,0.0,1625.0,1625.0,1625,0,0,1625,8,1965.0,484.0,0,0,0,0,0,0,0,8,ConLD,140500
1191,60,90.0,10800,NWAmes,6,1974,1997,HdBoard,HdBoard,0.0,956.0,182.0,384.0,1522.0,1548,1066,0,2614,9,1974.0,624.0,38,243,0,0,0,0,0,6,WD ,240000
1192,60,73.0,8814,NAmes,5,1968,1968,MetalSd,MetalSd,0.0,732.0,0.0,0.0,732.0,732,732,0,1464,7,1968.0,470.0,0,40,0,0,0,0,0,6,WD ,141000
1193,20,72.0,8872,NAmes,5,1965,2008,VinylSd,VinylSd,300.0,595.0,0.0,317.0,912.0,912,0,0,912,5,1992.0,576.0,0,240,0,0,0,0,0,12,WD ,147000
1194,20,65.0,8125,NAmes,5,1965,2005,HdBoard,HdBoard,0.0,260.0,456.0,196.0,912.0,925,0,0,925,5,1978.0,576.0,233,0,0,0,0,0,0,7,WD ,135000
1195,90,72.0,11072,NAmes,5,1965,1965,HdBoard,HdBoard,0.0,0.0,0.0,1728.0,1728.0,1728,0,0,1728,10,1987.0,576.0,0,0,0,0,0,0,0,11,WD ,145000
1196,90,74.0,13101,NAmes,5,1965,1965,HdBoard,HdBoard,108.0,231.0,0.0,1497.0,1728.0,1728,0,0,1728,10,1987.0,576.0,0,0,0,0,0,0,0,11,WD ,142600
1197,90,87.0,9246,NWAmes,5,1973,1973,Plywood,Plywood,564.0,0.0,0.0,1656.0,1656.0,1656,0,0,1656,8,1973.0,506.0,0,211,0,0,0,0,0,11,WD ,135000
1198,60,,13355,NWAmes,7,1971,1971,HdBoard,HdBoard,0.0,583.0,0.0,242.0,825.0,845,825,0,1670,7,1971.0,464.0,0,0,0,0,0,0,0,5,WD ,170000
1199,60,,8963,NWAmes,8,1976,1996,VinylSd,VinylSd,289.0,575.0,80.0,487.0,1142.0,1175,1540,0,2715,11,1994.0,831.0,0,204,0,0,0,0,0,7,WD ,299800
1200,60,76.0,9120,NWAmes,6,1974,1974,HdBoard,HdBoard,270.0,442.0,0.0,459.0,901.0,943,933,0,1876,8,1974.0,540.0,0,69,0,0,0,0,0,7,WD ,185000
1201,60,,9130,NWAmes,6,1966,2000,HdBoard,HdBoard,252.0,400.0,64.0,336.0,800.0,800,832,0,1632,7,1966.0,484.0,0,40,0,0,0,0,0,7,WD ,173000
1202,85,,12122,NAmes,7,1961,2007,CemntBd,CmentBd,210.0,867.0,0.0,77.0,944.0,999,0,0,999,6,1961.0,588.0,144,76,0,0,0,0,0,7,WD ,178400
1203,60,,9900,NWAmes,7,1968,1968,MetalSd,MetalSd,342.0,552.0,0.0,280.0,832.0,1098,880,0,1978,9,1968.0,486.0,0,43,0,0,0,0,0,4,WD ,176000
1204,20,74.0,7785,NAmes,5,1956,1956,HdBoard,HdBoard,0.0,0.0,0.0,0.0,0.0,1014,0,0,1014,6,1956.0,267.0,0,0,40,0,200,0,0,3,WD ,98000
1205,20,77.0,8593,NAmes,4,1957,1957,MetalSd,MetalSd,0.0,288.0,0.0,619.0,907.0,907,0,0,907,5,1964.0,352.0,0,0,0,0,0,0,0,7,WD ,109008
1206,20,,8475,NAmes,4,1956,1956,VinylSd,VinylSd,0.0,228.0,0.0,724.0,952.0,952,0,0,952,4,1956.0,283.0,0,0,0,0,0,0,0,4,WD ,135750
1207,20,80.0,8700,NAmes,5,1963,1963,MetalSd,MetalSd,148.0,776.0,0.0,344.0,1120.0,1128,0,0,1128,6,1963.0,525.0,192,20,123,0,0,0,0,12,WD ,155000
1208,20,100.0,10175,NAmes,6,1964,1964,HdBoard,Plywood,272.0,490.0,0.0,935.0,1425.0,1425,0,0,1425,7,1964.0,576.0,0,0,0,407,0,0,0,7,WD ,180500
1209,80,82.0,9020,NAmes,6,1966,1966,HdBoard,HdBoard,183.0,312.0,539.0,276.0,1127.0,1165,0,0,1165,6,1966.0,490.0,0,129,0,0,0,0,0,5,WD ,174900
1210,20,80.0,9200,NAmes,6,1965,1965,HdBoard,HdBoard,0.0,892.0,0.0,244.0,1136.0,1136,0,0,1136,5,1965.0,384.0,426,0,0,0,0,0,0,7,WD ,140000
1211,20,75.0,8250,NAmes,6,1964,1964,HdBoard,HdBoard,260.0,787.0,0.0,305.0,1092.0,1092,0,0,1092,6,1964.0,504.0,0,0,0,0,0,0,0,7,WD ,145000
1212,80,85.0,9350,NAmes,5,1965,1999,BrkFace,BrkFace,0.0,633.0,0.0,586.0,1219.0,1265,0,0,1265,6,1965.0,502.0,0,92,0,96,0,0,0,10,WD ,179900
1213,80,82.0,9020,NAmes,6,1964,1964,Plywood,Wd Sdng,259.0,624.0,336.0,288.0,1248.0,1350,0,0,1350,6,1964.0,520.0,176,0,0,0,0,0,0,6,WD ,168500
1214,20,90.0,9900,NAmes,5,1961,1961,Plywood,Plywood,0.0,0.0,0.0,1114.0,1114.0,1114,0,0,1114,5,1961.0,451.0,0,0,0,0,164,0,0,5,COD,140000
1215,20,72.0,10007,NAmes,5,1959,2006,HdBoard,HdBoard,54.0,806.0,0.0,247.0,1053.0,1053,0,0,1053,5,1959.0,312.0,0,0,0,0,0,0,0,8,WD ,145500
1216,20,80.0,10721,NAmes,6,1959,1959,HdBoard,HdBoard,243.0,0.0,0.0,1252.0,1252.0,1252,0,0,1252,7,1960.0,528.0,0,39,0,0,0,0,0,10,WD ,142000
1217,20,,12493,NAmes,4,1960,1960,Wd Sdng,Wd Sdng,0.0,419.0,306.0,375.0,1100.0,1100,0,0,1100,6,1960.0,312.0,355,0,0,0,0,0,0,4,WD ,141000
1218,20,,11332,NAmes,5,1960,2000,Wd Sdng,Wd Sdng,0.0,528.0,0.0,590.0,1118.0,1118,0,0,1118,6,1960.0,264.0,290,0,0,0,0,0,0,8,WD ,153000
1219,20,,6627,BrkSide,3,1949,1950,VinylSd,VinylSd,0.0,0.0,0.0,0.0,0.0,720,0,0,720,4,1955.0,287.0,0,0,0,0,0,0,0,7,WD ,72500
1220,30,56.0,4130,BrkSide,3,1935,2003,VinylSd,VinylSd,0.0,0.0,0.0,270.0,270.0,729,0,0,729,5,,0.0,0,0,0,0,0,0,0,7,WD ,52000
1221,190,50.0,7420,BrkSide,5,1939,1950,MetalSd,MetalSd,0.0,851.0,0.0,140.0,991.0,1077,0,0,1077,5,1939.0,205.0,0,4,0,0,0,0,0,1,WD ,118000
1222,70,50.0,4882,BrkSide,4,1937,1950,MetalSd,MetalSd,0.0,120.0,0.0,228.0,348.0,453,453,0,906,5,1937.0,231.0,0,0,0,0,0,0,0,9,WD ,87000
1223,20,80.0,9600,NAmes,5,1960,1960,MetalSd,MetalSd,203.0,658.0,0.0,638.0,1296.0,1496,0,0,1496,6,1960.0,450.0,0,22,0,0,0,0,0,2,WD ,141500
1224,50,80.0,9600,NAmes,6,1950,1950,VinylSd,VinylSd,0.0,280.0,0.0,752.0,1032.0,1032,220,0,1252,6,1950.0,288.0,0,0,96,0,0,0,0,4,WD ,119000
1225,20,80.0,9600,NAmes,5,1950,2006,HdBoard,HdBoard,0.0,32.0,308.0,232.0,572.0,1337,0,0,1337,7,1950.0,264.0,0,192,0,0,0,0,0,9,WD ,141500
1226,80,80.0,9600,NAmes,6,1955,1996,AsbShng,AsbShng,0.0,831.0,0.0,161.0,992.0,1661,0,0,1661,8,1955.0,377.0,0,28,0,0,178,0,0,10,WD ,165500
1227,20,63.0,7584,NAmes,5,1953,1953,Wd Sdng,Wd Sdng,88.0,531.0,0.0,505.0,1036.0,1036,0,0,1036,5,1953.0,312.0,120,24,0,0,0,0,0,6,WD ,112900
1228,60,,13700,NAmes,7,1965,1988,VinylSd,VinylSd,288.0,454.0,0.0,410.0,864.0,902,918,0,1820,8,1965.0,492.0,60,84,0,0,273,0,0,5,WD ,201800
1229,20,80.0,10197,NAmes,6,1961,1961,WdShing,Wd Shng,491.0,288.0,374.0,700.0,1362.0,1362,0,0,1362,6,1961.0,504.0,0,20,0,0,0,0,0,6,COD,163000
1230,20,75.0,7875,NAmes,5,1961,1961,VinylSd,VinylSd,136.0,572.0,0.0,572.0,1144.0,1144,0,0,1144,6,1961.0,456.0,0,0,0,0,0,0,0,9,WD ,139950
1231,20,80.0,8400,NAmes,6,1962,2005,Wd Sdng,Wd Sdng,237.0,0.0,0.0,1319.0,1319.0,1537,0,0,1537,7,1962.0,462.0,0,36,0,0,0,0,0,7,COD,174000
1232,80,101.0,9150,NAmes,6,1962,1962,Plywood,Plywood,305.0,371.0,0.0,728.0,1099.0,1431,0,0,1431,6,1962.0,296.0,64,110,0,0,0,0,0,12,WD ,165000
1233,60,90.0,14670,NAmes,6,1966,1999,VinylSd,VinylSd,410.0,575.0,0.0,529.0,1104.0,1104,884,0,1988,9,1966.0,480.0,0,230,0,0,0,0,0,8,WD ,227000
1234,20,,7390,NAmes,5,1955,1955,Wd Sdng,Wd Sdng,151.0,902.0,0.0,196.0,1098.0,1098,0,0,1098,6,1955.0,260.0,0,0,0,0,0,0,0,7,WD ,135000
1235,20,71.0,9204,NAmes,5,1963,1963,HdBoard,HdBoard,0.0,25.0,872.0,247.0,1144.0,1144,0,0,1144,6,1962.0,336.0,0,88,0,0,0,0,0,8,COD,124000
1236,20,70.0,7763,NAmes,5,1962,1980,MetalSd,MetalSd,0.0,504.0,108.0,319.0,931.0,1283,0,0,1283,6,1980.0,506.0,0,0,0,0,0,0,0,10,WD ,140000
1237,20,74.0,8856,NAmes,5,1957,1957,Wd Sdng,Wd Sdng,143.0,621.0,52.0,503.0,1176.0,1176,0,0,1176,6,1957.0,292.0,0,88,0,0,95,0,0,5,WD ,136500
1238,20,82.0,9840,NAmes,5,1959,1998,HdBoard,HdBoard,0.0,1053.0,0.0,195.0,1248.0,1440,0,0,1440,7,1959.0,480.0,150,0,0,0,256,0,0,6,WD ,185000
1239,20,76.0,9120,NAmes,6,1958,1958,MetalSd,MetalSd,0.0,662.0,0.0,599.0,1261.0,1261,0,0,1261,6,1958.0,433.0,0,0,0,0,288,0,1400,11,WD ,163000
1240,20,90.0,13200,NAmes,6,1958,1958,Wd Sdng,Wd Sdng,187.0,958.0,0.0,437.0,1395.0,1570,0,0,1570,5,1958.0,441.0,490,0,0,0,0,0,0,5,WD ,166800
1241,20,72.0,9000,NAmes,6,1956,1956,Wd Sdng,Wd Sdng,74.0,616.0,0.0,580.0,1196.0,1196,0,0,1196,6,1956.0,297.0,0,44,0,0,0,0,0,5,WD ,139000
1242,20,80.0,11900,NAmes,6,1957,1957,HdBoard,HdBoard,387.0,1040.0,0.0,352.0,1392.0,1392,0,0,1392,6,1957.0,458.0,0,0,0,0,192,0,0,6,WD ,166000
1243,20,75.0,9464,NAmes,6,1958,1958,MetalSd,MetalSd,135.0,570.0,0.0,510.0,1080.0,1080,0,0,1080,5,1958.0,288.0,0,0,0,0,130,0,0,6,WD ,136000
1244,20,75.0,10425,NAmes,5,1956,1958,MetalSd,MetalSd,0.0,774.0,0.0,330.0,1104.0,1104,0,0,1104,5,1956.0,384.0,0,0,0,0,0,0,0,4,WD ,133000
1245,20,60.0,11556,NAmes,5,1952,1952,MetalSd,MetalSd,52.0,148.0,0.0,572.0,720.0,882,0,0,882,4,1952.0,240.0,0,0,0,0,0,0,0,5,WD ,116000
1246,20,102.0,9373,NAmes,5,1953,1953,MetalSd,MetalSd,84.0,500.0,196.0,456.0,1152.0,1152,0,0,1152,6,1971.0,636.0,0,0,0,0,0,0,0,5,WD ,137500
1247,20,,12774,NAmes,5,1953,1953,MetalSd,MetalSd,0.0,624.0,128.0,232.0,984.0,950,0,0,950,5,1953.0,400.0,0,32,0,0,0,0,0,7,WD ,130000
1248,20,95.0,14250,NAmes,6,1957,1957,Plywood,Plywood,360.0,0.0,0.0,998.0,998.0,1790,0,0,1790,6,1957.0,540.0,0,40,0,0,0,0,1500,9,WD ,180000
1249,20,60.0,7350,NAmes,5,1951,1951,HdBoard,HdBoard,0.0,852.0,0.0,100.0,952.0,952,0,0,952,4,1988.0,840.0,0,0,0,0,0,0,0,6,COD,139000
1250,20,57.0,7677,NAmes,5,1953,1953,VinylSd,VinylSd,0.0,570.0,0.0,203.0,773.0,773,0,0,773,4,1953.0,240.0,0,0,0,0,0,0,0,4,WD ,110000
1251,20,71.0,8838,NAmes,5,1957,1982,MetalSd,MetalSd,0.0,0.0,0.0,0.0,0.0,1764,0,0,1764,7,1957.0,301.0,0,72,0,0,0,0,0,10,WD ,100000
1252,50,80.0,8480,NAmes,5,1947,1950,MetalSd,MetalSd,0.0,442.0,0.0,390.0,832.0,832,384,0,1216,6,1947.0,336.0,158,0,102,0,0,0,0,10,COD,118500
1253,90,76.0,12436,NAmes,5,1957,1957,Wd Sdng,Wd Sdng,0.0,0.0,0.0,1824.0,1824.0,1824,0,0,1824,9,1958.0,484.0,0,0,0,0,0,0,0,1,WD ,146000
1254,20,60.0,10122,OldTown,4,1948,1950,MetalSd,MetalSd,0.0,0.0,0.0,0.0,0.0,869,0,0,869,3,1948.0,390.0,0,0,66,0,0,0,0,8,WD ,89900
1255,50,45.0,7506,OldTown,5,1925,1950,VinylSd,VinylSd,0.0,0.0,0.0,747.0,747.0,747,412,0,1159,5,1932.0,288.0,84,0,96,0,0,0,0,5,WD ,114000
1256,50,60.0,10930,NAmes,5,1945,1950,MetalSd,MetalSd,0.0,580.0,0.0,333.0,913.0,1048,510,0,1558,6,1962.0,288.0,0,0,0,0,0,0,0,4,WD ,140000
1257,30,60.0,5400,OldTown,4,1940,2005,VinylSd,VinylSd,0.0,0.0,0.0,672.0,672.0,672,0,0,672,4,1997.0,308.0,88,108,0,0,0,0,0,7,WD ,86900
1258,50,60.0,10836,OldTown,5,1922,1950,Wd Sdng,Wd Sdng,0.0,0.0,0.0,892.0,892.0,1254,182,0,1436,7,1968.0,1488.0,0,0,100,0,0,0,0,6,WD ,139000
1259,190,60.0,10800,OldTown,4,1900,2000,MetalSd,MetalSd,0.0,0.0,0.0,0.0,0.0,694,600,0,1294,7,,0.0,220,114,210,0,0,0,0,8,WD ,106250
1260,60,70.0,9247,NAmes,6,1962,1962,HdBoard,HdBoard,318.0,319.0,0.0,539.0,858.0,858,858,0,1716,8,1962.0,490.0,0,84,0,0,120,0,0,3,WD ,171000
1261,20,78.0,10180,NAmes,5,1968,1968,HdBoard,Plywood,0.0,744.0,0.0,168.0,912.0,1044,0,0,1044,5,1990.0,372.0,200,48,0,0,0,0,450,6,WD ,139000
1262,20,76.0,11355,NAmes,7,1958,2001,HdBoard,HdBoard,125.0,637.0,0.0,675.0,1312.0,1312,0,0,1312,6,1958.0,495.0,0,304,144,0,0,0,6500,4,WD ,186000
1263,20,,10920,NAmes,6,1960,1960,MetalSd,MetalSd,212.0,733.0,0.0,520.0,1253.0,1253,0,0,1253,5,1960.0,352.0,0,213,176,0,0,0,0,5,WD ,157000
1264,20,,12929,NAmes,6,1960,1993,Wd Sdng,Wd Sdng,276.0,697.0,0.0,384.0,1081.0,1081,0,0,1081,5,1960.0,401.0,36,82,0,0,0,0,0,6,WD ,148000
1265,20,313.0,27650,NAmes,7,1960,2007,Wd Sdng,Wd Sdng,0.0,425.0,0.0,160.0,585.0,2069,0,0,2069,9,1960.0,505.0,0,0,0,0,0,0,0,11,WD ,242000
1266,20,74.0,8892,NAmes,5,1953,1996,WdShing,Wd Shng,0.0,0.0,0.0,105.0,105.0,910,0,0,910,5,1953.0,414.0,196,0,150,0,0,0,0,10,WD ,116000
1267,20,60.0,7200,NAmes,5,1951,1951,MetalSd,MetalSd,0.0,432.0,0.0,444.0,876.0,876,0,0,876,5,1972.0,576.0,0,0,0,0,0,0,0,2,WD ,94000
1268,20,60.0,7200,NAmes,5,1950,1950,MetalSd,MetalSd,0.0,0.0,0.0,0.0,0.0,1048,0,0,1048,7,1950.0,420.0,0,27,0,0,0,0,0,7,WD ,98300
1269,80,70.0,7910,NAmes,5,1960,1960,BrkFace,HdBoard,0.0,666.0,0.0,409.0,1075.0,1507,0,0,1507,7,1960.0,404.0,0,0,0,0,0,0,0,8,WD ,127000
1270,20,80.0,8000,NAmes,5,1959,1959,BrkFace,Wd Sdng,0.0,476.0,488.0,292.0,1256.0,1256,0,0,1256,6,1959.0,311.0,0,240,0,0,0,0,0,5,WD ,159000
1271,20,80.0,8000,NAmes,5,1962,1962,BrkFace,MetalSd,0.0,520.0,319.0,188.0,1027.0,1027,0,0,1027,6,1962.0,299.0,0,0,0,0,0,0,0,11,WD ,125900
1272,20,70.0,7931,NAmes,5,1960,1960,BrkFace,Wd Sdng,0.0,374.0,532.0,363.0,1269.0,1269,0,0,1269,6,1964.0,308.0,0,0,0,0,0,0,0,6,WD ,155000
1273,50,60.0,8064,NAmes,6,1948,1950,Wd Sdng,Wd Sdng,0.0,315.0,0.0,453.0,768.0,819,501,0,1320,5,1994.0,576.0,108,0,0,0,0,0,0,9,WD ,138000
1274,45,64.0,6390,NAmes,6,1954,1954,MetalSd,MetalSd,0.0,0.0,0.0,936.0,936.0,984,0,0,984,4,1954.0,280.0,0,0,0,0,0,0,0,6,WD ,112500
1275,45,59.0,7227,NAmes,6,1954,1954,MetalSd,MetalSd,0.0,0.0,0.0,832.0,832.0,832,0,0,832,4,1962.0,528.0,0,0,0,0,0,0,0,6,WD ,105500
1276,50,60.0,7200,NAmes,6,1954,1954,MetalSd,MetalSd,0.0,673.0,0.0,181.0,854.0,854,424,0,1278,6,1954.0,240.0,0,0,0,0,0,0,0,4,WD ,127500
1277,90,113.0,8513,NAmes,5,1961,1961,BrkFace,Wd Sdng,0.0,0.0,0.0,1800.0,1800.0,1800,0,0,1800,10,,0.0,0,0,0,0,0,0,0,11,WD ,130000
1278,50,60.0,7200,NAmes,5,1955,1967,MetalSd,MetalSd,0.0,370.0,0.0,398.0,768.0,1024,564,0,1588,6,1955.0,480.0,0,0,0,0,0,0,0,3,WD ,150000
1279,20,60.0,7200,NAmes,5,1954,1954,MetalSd,MetalSd,0.0,0.0,0.0,825.0,825.0,825,0,0,825,4,1954.0,350.0,0,0,0,0,0,0,0,7,WD ,109500
1280,60,71.0,7056,NAmes,6,1963,1963,HdBoard,HdBoard,415.0,400.0,0.0,380.0,780.0,983,813,0,1796,8,1963.0,483.0,0,50,0,0,0,0,0,10,WD ,140000
1281,60,80.0,9760,NAmes,6,1964,1964,HdBoard,HdBoard,360.0,674.0,106.0,0.0,780.0,798,813,0,1611,7,1964.0,442.0,328,128,0,0,189,0,0,6,WD ,167900
1282,20,69.0,7590,NAmes,5,1963,1963,Wd Sdng,Wd Sdng,0.0,0.0,0.0,1117.0,1117.0,1117,0,0,1117,6,1963.0,264.0,0,0,0,0,0,0,0,5,COD,136870
1283,20,56.0,9836,OldTown,6,2008,2008,VinylSd,VinylSd,0.0,96.0,0.0,96.0,192.0,1133,0,0,1133,7,2008.0,308.0,0,175,0,0,0,0,0,12,WD ,143000
1284,30,30.0,5232,OldTown,5,1925,2004,Wd Sdng,Wd Sdng,0.0,0.0,0.0,680.0,680.0,764,0,0,764,4,1965.0,504.0,0,0,0,0,0,0,0,6,WD ,73000
1285,70,60.0,10440,OldTown,5,1904,2002,MetalSd,MetalSd,0.0,0.0,0.0,650.0,650.0,958,581,0,1539,8,1983.0,686.0,70,78,68,0,0,0,0,6,WD ,157500
1286,50,57.0,9184,OldTown,5,1948,2005,WdShing,Wd Shng,0.0,0.0,0.0,780.0,780.0,948,375,0,1323,6,1948.0,400.0,0,0,0,0,0,0,0,7,WD ,122600
1287,70,80.0,4800,OldTown,5,1910,2003,AsbShng,AsbShng,0.0,0.0,0.0,680.0,680.0,680,680,0,1360,6,1910.0,330.0,192,50,0,0,0,0,0,1,WD ,111000
1288,50,60.0,10440,OldTown,6,1920,1950,BrkFace,Wd Sdng,0.0,493.0,0.0,1017.0,1510.0,1584,1208,0,2792,8,1920.0,520.0,0,547,0,0,480,0,1150,6,WD ,256000
1289,30,60.0,4800,OldTown,5,1940,1950,MetalSd,MetalSd,0.0,0.0,0.0,672.0,672.0,672,0,0,672,4,1950.0,256.0,0,0,0,0,0,0,0,8,WD ,64000
1290,75,60.0,6000,OldTown,6,1915,2005,Wd Sdng,Wd Sdng,0.0,0.0,0.0,728.0,728.0,728,728,0,1456,7,1915.0,308.0,0,0,248,0,0,0,0,6,WD ,139500
1291,190,63.0,11426,OldTown,4,1910,1996,Wd Sdng,Wd Sdng,0.0,0.0,0.0,828.0,828.0,828,658,108,1594,9,,0.0,0,172,109,0,0,0,0,6,WD ,118000
1292,50,63.0,11426,OldTown,7,2003,2003,VinylSd,VinylSd,0.0,0.0,0.0,1362.0,1362.0,1362,720,0,2082,6,2003.0,484.0,280,238,0,0,0,0,0,6,WD ,200000
1293,50,63.0,7628,OldTown,4,1940,1985,MetalSd,MetalSd,0.0,0.0,0.0,801.0,801.0,1095,561,0,1656,8,1958.0,440.0,187,0,0,0,0,0,0,5,WD ,119164
1294,50,81.0,7308,OldTown,5,1920,1950,WdShing,Wd Shng,0.0,360.0,0.0,576.0,936.0,960,780,0,1740,6,1920.0,225.0,0,0,236,0,0,0,0,6,WD ,122250
1295,30,60.0,5400,OldTown,7,1920,2006,Stucco,Stucco,0.0,0.0,0.0,931.0,931.0,1027,0,0,1027,5,,0.0,0,28,0,0,0,0,0,2,WD ,120000
1296,190,60.0,10800,OldTown,6,1940,1950,Wd Sdng,Wd Sdng,0.0,590.0,0.0,294.0,884.0,884,552,0,1436,8,1940.0,828.0,0,0,126,0,0,0,0,5,Con,155000
1297,30,60.0,6756,OldTown,5,1910,1950,MetalSd,MetalSd,0.0,0.0,0.0,481.0,481.0,899,0,0,899,5,1930.0,200.0,0,0,96,0,0,0,0,9,WD ,78000
1298,50,44.0,5914,OldTown,5,1890,1996,Wd Sdng,HdBoard,0.0,0.0,0.0,684.0,684.0,684,396,0,1080,5,,0.0,0,165,30,0,0,0,0,9,WD ,95000
1299,20,50.0,6000,OldTown,5,1948,1950,VinylSd,VinylSd,0.0,104.0,169.0,516.0,789.0,789,0,0,789,5,1948.0,250.0,0,0,0,0,0,0,0,4,WD ,115000
1300,20,100.0,12000,OldTown,5,1948,2005,MetalSd,MetalSd,0.0,144.0,608.0,172.0,924.0,1122,0,0,1122,6,1948.0,528.0,0,36,0,0,0,0,0,5,WD ,147000
1301,50,75.0,9000,OldTown,5,1946,1950,MetalSd,MetalSd,0.0,445.0,0.0,459.0,904.0,904,595,0,1499,5,1959.0,869.0,0,20,0,0,0,0,0,6,WD ,140000
1302,20,62.0,7311,OldTown,2,1946,1950,VinylSd,VinylSd,0.0,0.0,0.0,407.0,407.0,407,0,0,407,3,1949.0,297.0,76,0,120,0,0,0,0,3,WD ,46500
1303,20,50.0,6000,OldTown,5,1957,1957,BrkFace,BrkFace,0.0,308.0,0.0,620.0,928.0,928,0,0,928,5,1957.0,288.0,0,0,0,0,0,0,0,6,WD ,112500
1304,20,50.0,6000,OldTown,4,1954,2000,MetalSd,MetalSd,0.0,0.0,0.0,901.0,901.0,901,0,0,901,4,1954.0,281.0,0,0,0,0,0,0,0,8,WD ,107900
1305,20,103.0,12205,OldTown,3,1949,1992,MetalSd,MetalSd,0.0,0.0,0.0,448.0,448.0,1588,0,0,1588,6,,0.0,0,0,0,0,0,0,0,12,WD ,65000
1306,75,87.0,18386,OldTown,7,1880,2002,CemntBd,CmentBd,0.0,0.0,0.0,1470.0,1470.0,1675,1818,0,3493,10,2003.0,870.0,302,0,0,0,0,0,0,5,WD ,295000
1307,190,69.0,9142,OldTown,5,1900,2006,MetalSd,MetalSd,0.0,0.0,0.0,797.0,797.0,830,797,0,1627,10,1950.0,420.0,192,0,60,0,0,0,0,2,WD ,139500
1308,50,100.0,12665,OldTown,5,1915,1950,Wd Sdng,Wd Sdng,0.0,0.0,0.0,876.0,876.0,876,540,0,1416,7,1949.0,720.0,418,0,194,0,0,0,0,6,WD ,153900
1309,75,53.0,5350,OldTown,7,1920,1965,Wd Sdng,Wd Shng,0.0,116.0,0.0,508.0,624.0,730,720,0,1450,7,1935.0,288.0,0,192,0,0,0,0,0,3,WD ,132000
1310,70,34.0,4571,OldTown,5,1916,1950,AsbShng,AsbShng,0.0,0.0,0.0,624.0,624.0,624,720,0,1344,7,1916.0,513.0,0,0,96,0,0,0,0,5,COD,98000
1311,50,69.0,9143,OldTown,5,1900,2003,VinylSd,VinylSd,0.0,0.0,0.0,346.0,346.0,709,308,0,1017,5,1961.0,308.0,0,0,139,0,0,0,0,5,WD ,114000
1312,190,60.0,9600,OldTown,5,1920,1960,AsbShng,AsbShng,0.0,234.0,0.0,739.0,973.0,1377,973,0,2350,10,1930.0,393.0,0,0,219,0,0,0,0,4,WD ,130000
1313,75,60.0,9600,OldTown,6,1917,1950,AsbShng,AsbShng,0.0,319.0,0.0,416.0,735.0,1134,924,0,2058,8,1950.0,396.0,0,0,259,0,0,0,0,4,WD ,129500
1314,70,60.0,6000,OldTown,5,1905,2005,MetalSd,MetalSd,0.0,0.0,0.0,572.0,572.0,884,656,0,1540,7,,0.0,240,77,0,0,0,0,0,2,WD ,129400
1315,70,60.0,9600,OldTown,7,1928,2005,MetalSd,MetalSd,0.0,141.0,0.0,548.0,689.0,689,689,0,1378,7,1928.0,360.0,0,0,116,0,0,0,0,10,WD ,161000
1316,190,60.0,10800,OldTown,6,1905,2000,Wd Sdng,Wd Sdng,0.0,0.0,0.0,482.0,482.0,1221,691,0,1912,7,2003.0,672.0,0,25,212,0,0,0,0,4,WD ,163000
1317,75,35.0,6300,OldTown,6,1914,2001,Wd Sdng,Wd Shng,0.0,0.0,0.0,742.0,742.0,742,742,0,1484,9,,0.0,0,291,134,0,0,0,0,6,WD ,128000
1318,70,50.0,5250,OldTown,8,1872,1987,MetalSd,MetalSd,0.0,259.0,0.0,425.0,684.0,938,1215,205,2358,8,,0.0,0,54,20,0,0,0,0,12,WD ,122000
1319,50,,5700,OldTown,7,1926,1950,Wd Sdng,Wd Sdng,0.0,0.0,0.0,572.0,572.0,572,539,0,1111,5,1982.0,288.0,0,0,176,0,0,0,0,8,WD ,116900
1320,75,75.0,13500,OldTown,10,1893,2000,Wd Sdng,Wd Sdng,0.0,0.0,0.0,1237.0,1237.0,1521,1254,0,2775,9,1988.0,880.0,105,502,0,0,0,0,0,7,WD ,325000
1321,70,60.0,11340,OldTown,2,1920,1950,AsbShng,AsbShng,0.0,0.0,0.0,723.0,723.0,723,363,0,1086,5,1920.0,400.0,0,24,144,0,0,0,0,11,ConLD,55000
1322,70,60.0,10800,OldTown,7,1890,1999,Wd Sdng,Wd Shng,0.0,0.0,0.0,1313.0,1313.0,1313,1182,0,2495,10,1950.0,342.0,0,299,0,0,0,0,0,12,WD ,184000
1323,20,65.0,9750,OldTown,5,1959,1959,MetalSd,MetalSd,164.0,200.0,0.0,784.0,984.0,984,0,0,984,5,1959.0,308.0,0,0,0,0,0,0,0,6,WD ,110000
1324,50,81.0,12150,OldTown,5,1954,1954,MetalSd,MetalSd,335.0,0.0,0.0,1050.0,1050.0,1050,745,0,1795,7,1954.0,352.0,0,0,0,0,0,0,0,11,WD ,131500
1325,20,70.0,12702,OldTown,5,1956,1956,BrkFace,BrkFace,0.0,0.0,0.0,0.0,0.0,882,0,0,882,4,1956.0,308.0,0,45,0,0,0,0,0,12,WD ,97000
1326,20,52.0,8516,OldTown,4,1958,2006,MetalSd,MetalSd,0.0,0.0,0.0,869.0,869.0,1093,0,0,1093,5,1959.0,308.0,0,0,0,0,0,0,0,5,WD ,115500
1327,30,55.0,7111,BrkSide,5,1928,1983,WdShing,Wd Shng,0.0,406.0,273.0,329.0,1008.0,1143,0,0,1143,5,1992.0,288.0,265,0,0,0,0,0,0,7,WD ,138000
1328,50,,7425,BrkSide,7,1945,1950,Wd Sdng,Wd Sdng,0.0,0.0,0.0,672.0,672.0,1195,473,0,1668,8,1945.0,252.0,210,0,0,0,0,0,0,8,WD ,108000
1329,40,50.0,9100,BrkSide,5,1930,1960,VinylSd,VinylSd,0.0,0.0,0.0,742.0,742.0,779,0,156,935,4,1988.0,308.0,0,0,0,0,0,0,600,8,WD ,79500
1330,50,,7010,BrkSide,5,1935,1950,Wd Sdng,Wd Sdng,0.0,175.0,0.0,849.0,1024.0,1144,594,0,1738,6,1950.0,240.0,0,30,0,0,0,0,0,7,WD ,153000
1331,45,50.0,6130,BrkSide,5,1924,1950,MetalSd,MetalSd,0.0,784.0,0.0,0.0,784.0,784,0,0,784,5,,0.0,0,0,116,0,0,0,0,5,WD ,109500
1332,50,50.0,5000,BrkSide,5,1941,2006,Wd Sdng,Wd Sdng,0.0,600.0,0.0,72.0,672.0,832,378,0,1210,6,1941.0,240.0,0,0,0,0,0,0,0,5,WD ,124000
1333,70,59.0,5870,BrkSide,6,1900,2000,HdBoard,HdBoard,0.0,0.0,0.0,554.0,554.0,736,554,0,1290,6,1926.0,200.0,38,112,0,0,0,0,400,4,WD ,106900
1334,50,50.0,6000,BrkSide,6,1940,1989,Wd Sdng,Wd Sdng,0.0,521.0,0.0,460.0,981.0,1014,658,0,1672,6,1940.0,240.0,0,11,0,0,0,0,0,7,WD ,164900
1335,30,50.0,6000,BrkSide,5,1924,2003,Wd Sdng,Wd Sdng,0.0,0.0,0.0,949.0,949.0,949,0,0,949,5,1924.0,370.0,0,0,48,0,0,0,0,7,WD ,119000
1336,50,50.0,6000,BrkSide,6,1929,1950,WdShing,Wd Shng,0.0,0.0,0.0,862.0,862.0,950,208,0,1158,5,1929.0,208.0,0,0,112,0,0,0,0,7,WD ,120000
1337,50,50.0,6000,BrkSide,6,1937,2000,Wd Sdng,Wd Sdng,0.0,201.0,162.0,462.0,825.0,825,672,0,1497,5,2004.0,672.0,272,0,0,0,0,0,0,5,WD ,157000
1338,50,50.0,6000,BrkSide,6,1939,1950,Wd Sdng,Wd Sdng,0.0,264.0,0.0,475.0,739.0,874,468,0,1342,7,1939.0,240.0,0,0,0,0,0,0,0,4,WD ,105000
1339,45,50.0,5000,BrkSide,6,1926,1950,MetalSd,MetalSd,0.0,0.0,0.0,992.0,992.0,1013,0,0,1013,6,1926.0,160.0,0,0,101,0,0,0,0,4,WD ,113000
1340,50,60.0,5520,BrkSide,5,1920,1997,AsbShng,AsbShng,0.0,68.0,0.0,497.0,565.0,565,651,0,1216,6,1920.0,355.0,0,0,180,0,0,0,0,4,WD ,115000
1341,20,99.0,5940,BrkSide,4,1946,1950,MetalSd,CBlock,0.0,,,,,896,0,0,896,4,1946.0,280.0,0,0,0,0,0,0,0,4,ConLD,79000
1342,50,52.0,6240,BrkSide,4,1929,1950,MetalSd,MetalSd,0.0,80.0,0.0,624.0,704.0,624,512,0,1136,6,1990.0,336.0,0,365,80,0,0,0,0,8,WD ,123000
1343,30,,6120,BrkSide,5,1945,1995,Plywood,Plywood,0.0,0.0,0.0,0.0,0.0,808,0,0,808,6,1925.0,164.0,0,48,0,0,0,0,0,6,WD ,81300
1344,50,52.0,6240,BrkSide,5,1930,1992,MetalSd,MetalSd,0.0,0.0,0.0,1078.0,1078.0,1128,445,0,1573,8,1930.0,360.0,0,0,0,0,0,0,0,6,WD ,162900
1345,50,52.0,6240,BrkSide,7,1939,1950,Wd Sdng,Wd Sdng,0.0,300.0,240.0,449.0,989.0,1245,764,0,2009,7,1939.0,400.0,0,20,0,0,0,0,0,1,WD ,150000
1346,70,51.0,6120,OldTown,5,1923,1950,Wd Sdng,Wd Sdng,0.0,203.0,0.0,897.0,1100.0,1226,676,0,1902,7,1960.0,576.0,0,139,55,0,0,0,0,10,WD ,123500
1347,50,51.0,6120,OldTown,7,1931,1950,BrkFace,Wd Shng,0.0,0.0,0.0,952.0,952.0,1022,752,0,1774,8,1931.0,468.0,90,0,205,0,0,0,0,4,WD ,129900
1348,70,60.0,6155,BrkSide,6,1920,1999,Wd Sdng,Wd Sdng,0.0,0.0,0.0,611.0,611.0,751,611,0,1362,6,1920.0,502.0,0,0,84,0,0,0,0,6,WD ,128000
1349,30,60.0,6324,BrkSide,4,1927,1950,MetalSd,MetalSd,0.0,0.0,0.0,520.0,520.0,520,0,0,520,4,1920.0,240.0,49,0,87,0,0,0,0,5,WD ,68500
1350,50,50.0,8635,BrkSide,5,1948,2001,Wd Sdng,Wd Sdng,0.0,336.0,41.0,295.0,672.0,1072,213,0,1285,6,1948.0,240.0,0,0,0,0,0,0,0,1,WD ,127000
1351,50,64.0,13053,BrkSide,6,1923,2000,Wd Sdng,Wd Sdng,0.0,0.0,0.0,833.0,833.0,1053,795,0,1848,8,1922.0,370.0,0,0,0,0,220,0,0,6,WD ,207000
1352,50,60.0,9120,BrkSide,7,1925,1950,Wd Sdng,Wd Sdng,0.0,329.0,0.0,697.0,1026.0,1133,687,0,1820,8,1925.0,240.0,0,100,0,0,0,0,0,6,WD ,184000
1353,50,60.0,9144,BrkSide,6,1915,2004,VinylSd,VinylSd,0.0,0.0,0.0,810.0,810.0,1170,546,0,1716,8,1970.0,672.0,0,195,0,0,0,0,0,3,WD ,162500
1354,50,,9144,BrkSide,5,1940,1982,MetalSd,MetalSd,0.0,399.0,0.0,484.0,883.0,988,517,0,1505,8,1940.0,240.0,0,0,0,0,0,0,0,7,WD ,145000
1355,30,55.0,10267,BrkSide,6,1918,2000,Stucco,Wd Shng,0.0,210.0,606.0,0.0,816.0,838,0,0,838,5,1961.0,275.0,0,0,112,0,0,0,0,5,WD ,130000
1356,60,57.0,8094,OldTown,6,1910,1983,Wd Sdng,Wd Sdng,0.0,196.0,0.0,1046.0,1242.0,1242,742,0,1984,8,,360.0,64,0,180,0,0,0,1000,9,WD ,160000
1357,70,,5100,OldTown,8,1925,1996,Stucco,Wd Shng,0.0,0.0,0.0,588.0,588.0,833,833,0,1666,7,1925.0,228.0,192,63,0,0,0,0,0,6,WD ,161000
1358,50,63.0,4347,OldTown,6,1910,1950,MetalSd,MetalSd,0.0,0.0,0.0,796.0,796.0,825,784,0,1609,7,1910.0,228.0,0,182,0,0,0,0,0,6,WD ,127500
1359,30,,6291,IDOTRR,6,1930,1950,Stucco,Wd Shng,0.0,0.0,0.0,768.0,768.0,768,0,0,768,4,1930.0,440.0,0,0,84,0,0,0,0,7,WD ,93850
1360,70,60.0,10266,IDOTRR,6,1952,1952,MetalSd,MetalSd,0.0,372.0,0.0,396.0,768.0,768,768,0,1536,7,1952.0,308.0,0,216,80,0,0,0,0,5,COD,136000
1361,50,60.0,6876,IDOTRR,6,1938,1958,Wd Sdng,Wd Sdng,0.0,0.0,0.0,1272.0,1272.0,1272,0,697,1969,9,1938.0,400.0,0,34,0,0,0,0,0,11,COD,141000
1362,50,,10320,IDOTRR,5,1915,1978,HdBoard,HdBoard,0.0,0.0,0.0,880.0,880.0,880,428,0,1308,6,1950.0,400.0,0,0,117,0,0,0,0,4,WD ,120000
1363,30,60.0,7200,IDOTRR,6,1925,1992,VinylSd,VinylSd,0.0,0.0,0.0,1040.0,1040.0,1040,0,0,1040,5,1993.0,320.0,0,132,0,0,0,0,0,7,WD ,127500
1364,50,62.0,7006,IDOTRR,6,1925,1950,Stucco,Stucco,0.0,121.0,0.0,647.0,768.0,788,448,0,1236,6,1985.0,384.0,0,0,0,0,0,0,0,8,WD ,127000
1365,50,,7920,IDOTRR,6,1920,1950,MetalSd,MetalSd,0.0,0.0,0.0,319.0,319.0,1035,371,0,1406,6,,0.0,0,144,0,0,0,0,0,3,WD ,89500
1366,20,49.0,8235,OldTown,5,1955,1995,MetalSd,MetalSd,0.0,180.0,645.0,0.0,825.0,825,0,0,825,4,1963.0,720.0,140,50,0,0,0,0,0,6,WD ,125000
1367,50,60.0,5586,OldTown,6,1920,1998,MetalSd,MetalSd,0.0,0.0,0.0,901.0,901.0,1088,110,0,1198,7,,0.0,0,98,0,0,0,0,0,9,ConLD,79900
1368,30,60.0,10320,IDOTRR,5,1912,1991,Wd Sdng,Wd Sdng,0.0,0.0,0.0,451.0,451.0,759,0,0,759,5,1997.0,576.0,40,0,0,0,0,0,0,8,ConLD,85000
1369,190,60.0,10320,IDOTRR,3,1915,1950,AsphShn,AsphShn,0.0,0.0,0.0,536.0,536.0,808,536,0,1344,8,,0.0,42,0,204,0,0,0,0,5,WD ,82375
1370,50,60.0,10320,IDOTRR,6,1906,1995,MetalSd,MetalSd,0.0,0.0,0.0,756.0,756.0,756,713,0,1469,7,1906.0,216.0,57,0,239,0,0,0,0,6,WD ,135000
1371,20,82.0,9488,Sawyer,5,1947,1993,VinylSd,VinylSd,0.0,0.0,0.0,1046.0,1046.0,1054,0,0,1054,6,1947.0,240.0,0,60,122,0,0,0,0,9,WD ,124000
1372,20,55.0,8250,Sawyer,5,1968,1968,HdBoard,HdBoard,0.0,250.0,492.0,210.0,952.0,1211,0,0,1211,5,1968.0,322.0,0,63,0,0,0,0,0,8,WD ,134000
1373,50,115.0,21286,Sawyer,5,1948,1950,Wd Sdng,Wd Sdng,0.0,0.0,0.0,720.0,720.0,720,551,0,1271,7,1948.0,312.0,0,0,108,0,0,0,0,8,WD ,135000
1374,50,80.0,17120,ClearCr,4,1959,1959,WdShing,Plywood,0.0,0.0,0.0,0.0,0.0,1120,468,0,1588,7,1991.0,680.0,0,59,0,0,0,0,0,7,WD ,134432
1375,190,62.0,10106,Edwards,5,1940,1999,Wd Sdng,Wd Sdng,0.0,351.0,181.0,112.0,644.0,808,547,0,1355,6,,0.0,140,0,0,0,0,0,0,9,WD ,127500
1376,85,,11235,Sawyer,5,1963,1963,HdBoard,Wd Sdng,0.0,784.0,0.0,197.0,981.0,1075,0,0,1075,6,1996.0,440.0,64,0,0,0,64,0,0,5,WD ,148000
1377,20,70.0,11200,Sawyer,5,1965,1965,HdBoard,HdBoard,0.0,906.0,0.0,134.0,1040.0,1040,0,0,1040,5,1965.0,384.0,0,0,0,0,0,0,0,2,WD ,129500
1378,80,80.0,13014,Sawyer,6,1978,1978,HdBoard,Plywood,39.0,528.0,0.0,480.0,1008.0,1096,0,0,1096,6,1978.0,484.0,168,0,0,0,0,0,0,12,WD ,157500
1379,20,,7162,Sawyer,5,1966,1966,HdBoard,HdBoard,41.0,0.0,0.0,876.0,876.0,904,0,0,904,6,1966.0,408.0,0,0,0,0,0,0,0,12,WD ,109900
1380,20,68.0,10265,Sawyer,5,1967,2005,HdBoard,HdBoard,0.0,758.0,0.0,234.0,992.0,992,0,0,992,6,1967.0,294.0,204,0,0,0,0,0,600,7,WD ,145000
1381,20,57.0,9764,Sawyer,5,1967,2003,VinylSd,VinylSd,0.0,702.0,0.0,192.0,894.0,894,0,0,894,5,1967.0,450.0,0,0,0,0,0,0,0,5,WD ,130000
1382,85,,7703,Sawyer,6,1978,1978,HdBoard,HdBoard,40.0,450.0,0.0,0.0,450.0,1034,0,0,1034,6,1978.0,504.0,311,0,0,0,0,0,0,5,WD ,153000
1383,20,,9981,Sawyer,5,1967,1967,MetalSd,MetalSd,340.0,221.0,0.0,852.0,1073.0,1073,0,0,1073,6,1967.0,270.0,0,90,0,0,0,0,0,3,WD ,120000
1384,85,,7400,Sawyer,5,1984,1984,VinylSd,VinylSd,0.0,104.0,956.0,0.0,1060.0,1126,0,0,1126,5,1984.0,506.0,178,0,0,0,0,0,0,3,WD ,152000
1385,90,60.0,12900,Sawyer,4,1969,1969,Plywood,Plywood,0.0,1198.0,0.0,0.0,1198.0,1258,0,0,1258,6,1969.0,400.0,120,0,0,0,0,0,0,1,WD ,108959
1386,190,60.0,12900,Sawyer,5,1920,1950,BrkFace,Stucco,0.0,1300.0,0.0,0.0,1300.0,1140,0,0,1140,6,1920.0,400.0,0,0,190,0,0,0,0,1,WD ,95541
1387,20,,9000,Sawyer,5,1959,1959,Wd Sdng,Plywood,0.0,288.0,0.0,718.0,1006.0,1006,0,0,1006,5,,0.0,0,24,0,0,0,0,0,7,WD ,80000
1388,20,,8544,Sawyer,5,1966,2006,HdBoard,HdBoard,0.0,0.0,0.0,1228.0,1228.0,1228,0,0,1228,6,1966.0,271.0,0,65,0,0,0,0,0,6,WD ,149350
1389,20,94.0,9239,Sawyer,5,1963,2003,VinylSd,VinylSd,0.0,634.0,0.0,326.0,960.0,960,0,0,960,6,1963.0,300.0,168,0,0,0,0,0,0,5,WD ,144900
1390,20,88.0,14175,Sawyer,6,1956,1956,HdBoard,HdBoard,0.0,776.0,0.0,212.0,988.0,1188,0,0,1188,4,1956.0,621.0,102,89,231,0,0,0,0,6,WD ,185000
1391,20,,13284,Sawyer,5,1954,1954,Wd Sdng,Plywood,0.0,1064.0,0.0,319.0,1383.0,1383,0,0,1383,6,1954.0,354.0,511,116,0,0,0,0,0,6,WD ,165000
1392,20,,13500,ClearCr,6,1960,1975,BrkFace,Plywood,0.0,429.0,1080.0,93.0,1602.0,1252,0,0,1252,4,1960.0,564.0,409,0,0,0,0,0,0,3,WD ,235000
1393,80,85.0,13825,Sawyer,5,1958,1987,MetalSd,MetalSd,0.0,0.0,0.0,533.0,533.0,1021,580,0,1601,6,1958.0,300.0,280,34,0,0,0,0,0,12,WD ,140000
1394,30,60.0,10200,Sawyer,5,1940,1997,Wd Sdng,Wd Sdng,0.0,0.0,0.0,672.0,672.0,672,0,0,672,4,1940.0,240.0,168,0,0,0,0,0,0,8,WD ,108000
1395,190,,10532,ClearCr,5,1960,1960,Plywood,Plywood,275.0,988.0,0.0,0.0,988.0,1721,0,0,1721,7,1960.0,626.0,50,84,0,0,0,0,0,12,WD ,145000
1396,50,63.0,8375,Sawyer,5,1941,1973,Wd Sdng,Wd Sdng,0.0,336.0,0.0,240.0,576.0,864,486,0,1350,6,1973.0,627.0,0,0,0,0,0,0,0,6,WD ,152400
1397,80,,10200,Sawyer,5,1970,1970,HdBoard,HdBoard,0.0,704.0,0.0,160.0,864.0,904,0,0,904,5,1979.0,912.0,143,0,0,0,0,0,0,6,WD ,144000
1398,120,,2887,ClearCr,6,1996,1997,Wd Sdng,Wd Sdng,0.0,1003.0,0.0,288.0,1291.0,1291,0,0,1291,6,1996.0,431.0,307,0,0,0,0,0,0,11,WD ,173000
1399,60,83.0,10005,ClearCr,7,1977,1977,Plywood,Plywood,299.0,392.0,0.0,768.0,1160.0,1156,866,0,2022,8,1977.0,505.0,288,117,0,0,0,0,0,3,WD ,192000
1400,20,82.0,20270,ClearCr,7,1979,1979,Plywood,Plywood,0.0,599.0,0.0,925.0,1524.0,1524,0,0,1524,7,1979.0,478.0,140,0,0,0,0,0,0,4,WD ,245000
1401,20,73.0,39104,ClearCr,7,1954,2005,Plywood,Plywood,0.0,226.0,1063.0,96.0,1385.0,1363,0,0,1363,5,1954.0,439.0,81,0,0,0,0,0,0,4,WD ,241500
1402,20,,53227,ClearCr,4,1954,1994,Plywood,Plywood,0.0,1116.0,0.0,248.0,1364.0,1663,0,0,1663,6,1954.0,529.0,224,137,0,0,0,0,0,3,WD ,256000
1403,80,124.0,11512,Edwards,6,1959,2006,Plywood,Plywood,84.0,719.0,0.0,300.0,1019.0,1357,0,0,1357,5,1959.0,312.0,0,0,0,0,163,0,0,5,WD ,177000
1404,50,50.0,5190,Edwards,7,1948,1950,BrkFace,Plywood,0.0,0.0,0.0,570.0,570.0,617,462,0,1079,5,1948.0,249.0,135,0,0,0,0,0,0,1,WD ,125600
1405,20,85.0,10452,Edwards,6,1953,1953,Wd Sdng,Wd Sdng,216.0,500.0,0.0,594.0,1094.0,1094,0,0,1094,5,1953.0,495.0,0,0,0,0,287,0,0,6,WD ,155000
1406,50,75.0,45600,ClearCr,6,1908,1997,Wd Sdng,Wd Sdng,0.0,0.0,0.0,907.0,907.0,1307,1051,0,2358,10,1908.0,360.0,486,40,0,0,175,0,0,9,WD ,240000
1407,30,85.0,19550,Edwards,5,1940,2007,PreCast,PreCast,0.0,1035.0,0.0,545.0,1580.0,1518,0,0,1518,5,,0.0,0,39,0,0,0,0,0,1,WD ,260000
1408,50,66.0,21780,Edwards,6,1918,1950,Wd Sdng,Wd Sdng,0.0,0.0,0.0,1163.0,1163.0,1163,511,0,1674,8,1955.0,396.0,72,36,0,0,144,0,0,7,WD ,185000
1409,70,120.0,13728,Edwards,6,1935,1986,Stucco,Stucco,0.0,626.0,0.0,501.0,1127.0,1236,872,0,2108,7,1935.0,540.0,0,0,0,0,90,0,0,7,WD ,235000
1410,20,68.0,9571,Edwards,5,1956,1956,Wd Sdng,Wd Sdng,0.0,870.0,0.0,639.0,1509.0,1509,0,0,1509,6,1956.0,322.0,158,0,0,0,576,0,0,7,WD ,159900
1411,90,50.0,9350,Edwards,5,1975,1975,HdBoard,HdBoard,0.0,864.0,0.0,0.0,864.0,864,0,0,864,4,,0.0,0,0,0,0,0,0,0,4,WD ,99600
1412,60,50.0,9360,Edwards,6,1962,2001,VinylSd,VinylSd,216.0,324.0,0.0,297.0,621.0,621,648,0,1269,7,1962.0,280.0,0,236,0,0,0,0,0,11,WD ,134500
1413,50,50.0,8405,Edwards,5,1900,1950,MetalSd,MetalSd,0.0,241.0,391.0,229.0,861.0,961,406,0,1367,7,1978.0,384.0,0,130,112,0,0,0,0,4,WD ,119000
1414,190,70.0,7000,Edwards,5,1910,1991,MetalSd,MetalSd,0.0,969.0,0.0,148.0,1117.0,820,527,0,1347,5,,0.0,85,0,148,0,0,0,0,1,WD ,107500
1415,190,68.0,10880,Edwards,5,1950,1950,MetalSd,MetalSd,0.0,1040.0,0.0,124.0,1164.0,1164,0,0,1164,5,1950.0,240.0,0,48,0,0,0,0,0,8,ConLD,125000
1416,50,60.0,9600,Edwards,6,1924,1950,Wd Sdng,Wd Sdng,0.0,0.0,0.0,572.0,572.0,572,524,0,1096,5,,0.0,0,8,128,0,0,0,0,4,WD ,79000
1417,50,60.0,9084,Edwards,5,1941,1950,VinylSd,VinylSd,0.0,236.0,380.0,0.0,616.0,616,495,0,1111,5,1941.0,200.0,48,0,0,0,0,0,0,3,ConLw,95000
1418,60,86.0,11839,SawyerW,7,1990,1990,HdBoard,HdBoard,99.0,1085.0,0.0,390.0,1475.0,1532,797,0,2329,10,1990.0,514.0,192,121,0,0,0,0,0,5,WD ,262280
1419,60,,9771,SawyerW,6,1995,2002,HdBoard,HdBoard,190.0,779.0,0.0,298.0,1077.0,1093,1721,0,2814,9,1995.0,614.0,48,32,0,0,216,0,0,6,WD ,260000
1420,20,80.0,9938,SawyerW,7,1994,1994,HdBoard,HdBoard,251.0,1271.0,0.0,331.0,1602.0,1626,0,0,1626,7,1994.0,534.0,424,40,0,0,0,0,0,4,WD ,226500
1421,60,,14171,SawyerW,7,1993,1994,VinylSd,VinylSd,0.0,355.0,0.0,457.0,812.0,1101,1099,0,2200,9,1993.0,453.0,168,98,0,0,0,0,0,12,WD ,225000
1422,80,85.0,10541,SawyerW,7,1996,1996,VinylSd,VinylSd,0.0,0.0,0.0,672.0,672.0,1302,735,0,2037,8,1996.0,472.0,100,33,0,0,0,0,0,2,WD ,229000
1423,60,65.0,10616,CollgCr,7,2007,2007,VinylSd,VinylSd,0.0,0.0,0.0,628.0,628.0,628,728,0,1356,6,2007.0,484.0,100,24,0,0,0,0,0,3,New,177439
1424,20,65.0,9345,CollgCr,8,2007,2007,VinylSd,VinylSd,156.0,0.0,0.0,1615.0,1615.0,1615,0,0,1615,7,2007.0,864.0,168,30,0,0,0,0,0,5,WD ,248500
1425,20,91.0,11778,CollgCr,9,2008,2008,VinylSd,VinylSd,554.0,2085.0,0.0,186.0,2271.0,2276,0,0,2276,7,2008.0,1348.0,0,0,70,0,255,0,0,6,WD ,475000
1426,20,91.0,11778,CollgCr,9,2008,2008,VinylSd,VinylSd,402.0,1153.0,0.0,598.0,1751.0,1766,0,0,1766,8,2008.0,874.0,216,36,0,0,0,0,0,12,New,395039
1427,60,59.0,11228,SawyerW,7,1993,1993,VinylSd,VinylSd,0.0,50.0,531.0,499.0,1080.0,1080,1017,0,2097,9,1993.0,678.0,196,187,0,0,0,0,0,12,WD ,228000
1428,80,,11454,SawyerW,8,1995,1995,VinylSd,VinylSd,302.0,770.0,0.0,631.0,1401.0,1511,0,0,1511,6,1995.0,811.0,168,42,0,0,0,0,0,2,WD ,225000
1429,20,,11500,ClearCr,6,1966,1966,Plywood,Plywood,0.0,262.0,723.0,197.0,1182.0,1643,0,0,1643,6,1966.0,438.0,339,0,0,0,0,0,0,3,WD ,195000
1430,60,79.0,12798,ClearCr,6,1997,1997,VinylSd,VinylSd,0.0,462.0,0.0,154.0,616.0,616,1072,0,1688,8,1997.0,603.0,403,114,185,0,0,0,400,5,WD ,200000
1431,20,65.0,9750,CollgCr,5,1994,1994,VinylSd,VinylSd,0.0,722.0,0.0,268.0,990.0,990,0,0,990,5,1997.0,528.0,168,0,0,0,0,0,0,8,WD ,155000
1432,20,75.0,9525,CollgCr,5,1995,2006,VinylSd,VinylSd,0.0,0.0,0.0,1099.0,1099.0,1099,0,0,1099,6,1999.0,352.0,278,0,0,0,0,0,0,6,WD ,144000
1433,20,57.0,9245,CollgCr,5,1994,1995,VinylSd,VinylSd,0.0,686.0,0.0,304.0,990.0,990,0,0,990,5,1996.0,672.0,0,0,0,0,0,0,0,2,WD ,145000
1434,20,,8696,CollgCr,7,1997,1998,VinylSd,VinylSd,150.0,1308.0,0.0,110.0,1418.0,1418,0,0,1418,5,1997.0,558.0,208,110,0,0,0,0,0,5,WD ,226001
1435,60,,13142,CollgCr,6,1997,1997,VinylSd,VinylSd,128.0,688.0,0.0,176.0,864.0,872,899,0,1771,6,1997.0,600.0,0,96,0,0,0,0,0,7,WD ,215700
1436,60,68.0,8998,CollgCr,7,2000,2000,VinylSd,VinylSd,120.0,527.0,0.0,255.0,782.0,782,870,0,1652,6,2000.0,532.0,0,70,0,0,0,0,0,6,WD ,207500
1437,60,68.0,9179,CollgCr,7,1999,1999,VinylSd,VinylSd,158.0,633.0,0.0,240.0,873.0,882,908,0,1790,7,1999.0,588.0,0,88,0,0,0,0,0,6,WD ,193000
1438,60,57.0,8924,CollgCr,7,1998,1999,VinylSd,VinylSd,0.0,0.0,0.0,880.0,880.0,880,844,0,1724,8,1998.0,527.0,120,155,0,0,0,0,0,7,WD ,188000
1439,20,93.0,9382,CollgCr,7,1999,2000,VinylSd,VinylSd,125.0,0.0,0.0,1468.0,1468.0,1479,0,0,1479,6,1999.0,577.0,120,25,0,0,0,0,0,7,WD ,191000
1440,20,88.0,12803,CollgCr,7,2002,2002,VinylSd,VinylSd,99.0,922.0,0.0,572.0,1494.0,1494,0,0,1494,6,2002.0,530.0,192,36,0,0,0,0,0,9,WD ,221000
1441,60,80.0,12435,CollgCr,7,2001,2001,VinylSd,VinylSd,172.0,361.0,0.0,602.0,963.0,963,829,0,1792,7,2001.0,564.0,0,96,0,245,0,0,0,5,WD ,231500
1442,60,75.0,12192,CollgCr,7,2000,2001,VinylSd,VinylSd,0.0,663.0,0.0,265.0,928.0,928,895,0,1823,6,2000.0,626.0,192,36,0,0,0,0,4500,5,WD ,235000
1443,60,68.0,11250,CollgCr,7,2001,2002,VinylSd,VinylSd,162.0,486.0,0.0,434.0,920.0,920,866,0,1786,6,2001.0,608.0,0,42,0,0,0,0,0,9,WD ,223500
1444,20,,9200,CollgCr,5,1975,1980,VinylSd,VinylSd,0.0,280.0,491.0,167.0,938.0,938,0,0,938,5,1977.0,308.0,145,0,0,0,0,0,0,7,WD ,130250
1445,80,65.0,8385,CollgCr,5,1977,1977,HdBoard,HdBoard,220.0,595.0,0.0,390.0,985.0,985,0,0,985,6,1977.0,328.0,210,0,0,0,0,0,0,11,WD ,149900
1446,20,,12250,CollgCr,5,1978,1978,HdBoard,HdBoard,180.0,781.0,0.0,83.0,864.0,1174,0,0,1174,5,1978.0,528.0,211,0,280,0,0,0,0,5,WD ,158000
1447,80,,10970,CollgCr,6,1978,1978,Plywood,HdBoard,0.0,505.0,435.0,0.0,940.0,1026,0,0,1026,5,1981.0,576.0,0,0,34,0,0,0,0,10,WD ,147000
1448,20,,9216,CollgCr,5,1975,1975,HdBoard,HdBoard,176.0,294.0,0.0,782.0,1076.0,1076,0,0,1076,5,1985.0,576.0,0,0,0,0,0,0,0,9,WD ,143195
1449,20,40.0,14330,CollgCr,5,1975,2001,Plywood,Wd Sdng,0.0,88.0,596.0,180.0,864.0,1558,0,0,1558,5,1975.0,440.0,140,0,239,0,227,0,0,8,WD ,163000
1450,20,88.0,7990,CollgCr,5,1975,1975,HdBoard,HdBoard,0.0,0.0,0.0,924.0,924.0,924,0,0,924,5,1981.0,280.0,0,0,0,0,0,0,0,4,WD ,110000
1451,20,60.0,7180,CollgCr,5,1972,1972,HdBoard,HdBoard,0.0,390.0,0.0,474.0,864.0,864,0,0,864,5,1989.0,352.0,0,0,0,0,0,0,0,5,WD ,127000
1452,20,60.0,7200,CollgCr,5,1972,1972,HdBoard,HdBoard,0.0,632.0,0.0,148.0,780.0,780,0,0,780,4,1973.0,352.0,196,0,0,0,0,0,0,1,WD ,124900
1453,20,75.0,9742,CollgCr,8,2002,2002,VinylSd,VinylSd,281.0,0.0,0.0,1777.0,1777.0,1795,0,0,1795,7,2002.0,534.0,171,159,0,0,0,0,0,9,WD ,230000
1454,60,75.0,9473,CollgCr,8,2002,2002,VinylSd,VinylSd,,804.0,0.0,324.0,1128.0,1128,903,0,2031,7,2002.0,577.0,0,211,0,0,0,0,0,3,WD ,237000
1455,60,,10316,CollgCr,7,2000,2000,VinylSd,VinylSd,0.0,735.0,0.0,257.0,992.0,992,873,0,1865,7,2000.0,839.0,0,184,0,0,0,0,0,6,WD ,235000
1456,60,,10400,CollgCr,7,2001,2001,VinylSd,VinylSd,227.0,0.0,0.0,1257.0,1257.0,1290,871,0,2161,8,2001.0,570.0,0,84,0,0,0,0,0,6,WD ,230500
1457,60,73.0,9066,CollgCr,8,1999,2000,VinylSd,VinylSd,320.0,668.0,0.0,336.0,1004.0,1004,848,0,1852,7,1999.0,660.0,224,106,0,0,0,0,0,12,WD ,230000
1458,60,75.0,11404,CollgCr,7,1998,1999,VinylSd,VinylSd,202.0,252.0,0.0,901.0,1153.0,1153,878,0,2031,8,1998.0,541.0,192,84,0,0,0,0,0,7,WD ,222500
1459,60,,9240,CollgCr,8,2001,2002,VinylSd,VinylSd,396.0,0.0,0.0,1055.0,1055.0,1055,1208,0,2263,7,2001.0,905.0,0,45,0,0,189,0,0,9,WD ,287000
1460,60,,9720,CollgCr,9,2001,2002,VinylSd,VinylSd,134.0,1194.0,0.0,163.0,1357.0,1366,581,0,1947,7,2001.0,725.0,168,116,0,0,0,0,0,1,WD ,274000
1461,20,,14860,CollgCr,8,2002,2003,VinylSd,VinylSd,240.0,1538.0,0.0,240.0,1778.0,1786,0,0,1786,6,2002.0,715.0,182,35,0,0,0,0,0,6,WD ,300000
1462,60,,11250,CollgCr,8,2002,2002,CemntBd,CmentBd,0.0,0.0,0.0,1128.0,1128.0,1149,1141,0,2290,9,2002.0,779.0,0,0,0,0,0,0,0,5,WD ,255900
1463,60,65.0,8158,CollgCr,7,2003,2003,VinylSd,VinylSd,252.0,550.0,0.0,334.0,884.0,884,884,0,1768,8,2003.0,543.0,0,63,0,0,0,0,0,7,WD ,224900
1464,60,41.0,10905,CollgCr,7,2003,2003,VinylSd,VinylSd,0.0,0.0,0.0,1129.0,1129.0,1129,1198,0,2327,9,2003.0,596.0,0,57,0,0,0,0,0,8,WD ,240000
1465,60,72.0,7226,CollgCr,7,2003,2003,VinylSd,VinylSd,0.0,0.0,0.0,798.0,798.0,798,842,0,1640,6,2003.0,595.0,0,45,0,0,0,0,0,6,WD ,183000
1466,60,96.0,11690,CollgCr,8,1999,2000,VinylSd,VinylSd,192.0,0.0,0.0,850.0,850.0,886,878,0,1764,7,1999.0,560.0,120,29,0,0,0,0,0,6,WD ,207000
1467,60,70.0,8750,CollgCr,7,1994,1995,VinylSd,VinylSd,0.0,642.0,0.0,273.0,915.0,933,975,0,1908,8,1994.0,493.0,144,133,0,0,0,0,0,7,WD ,210000
1468,120,37.0,4435,CollgCr,6,2003,2003,VinylSd,VinylSd,170.0,686.0,0.0,162.0,848.0,848,0,0,848,3,2003.0,420.0,140,0,0,0,0,0,0,3,WD ,136500
1469,120,,4426,CollgCr,6,2004,2004,VinylSd,VinylSd,205.0,662.0,0.0,186.0,848.0,848,0,0,848,3,2004.0,420.0,140,0,0,0,0,0,0,2,WD ,145000
1470,20,75.0,13125,CollgCr,6,1997,1998,VinylSd,VinylSd,215.0,994.0,0.0,484.0,1478.0,1493,0,0,1493,7,1997.0,508.0,140,39,0,0,0,0,0,4,WD ,208900
1471,90,83.0,10126,CollgCr,6,1997,1998,VinylSd,VinylSd,0.0,1593.0,162.0,83.0,1838.0,1838,0,0,1838,8,1998.0,721.0,160,67,0,0,0,0,0,7,WD ,185000
1472,20,70.0,9135,CollgCr,7,2002,2003,VinylSd,VinylSd,113.0,810.0,0.0,726.0,1536.0,1536,0,0,1536,7,2002.0,532.0,192,74,0,0,0,0,0,12,WD ,214000
1473,60,65.0,8450,CollgCr,7,2003,2003,VinylSd,VinylSd,196.0,706.0,0.0,150.0,856.0,856,854,0,1710,8,2003.0,548.0,0,61,0,0,0,0,0,2,WD ,208500
1474,20,75.0,9750,CollgCr,7,2004,2004,VinylSd,VinylSd,50.0,24.0,0.0,1421.0,1445.0,1445,0,0,1445,6,2004.0,470.0,0,35,0,0,0,0,0,6,WD ,186500
1475,20,65.0,8450,CollgCr,7,2004,2004,VinylSd,VinylSd,266.0,946.0,0.0,490.0,1436.0,1436,0,0,1436,8,2004.0,484.0,139,98,0,0,0,0,0,4,WD ,210000
1476,60,64.0,8320,CollgCr,7,2004,2004,VinylSd,VinylSd,0.0,490.0,0.0,280.0,770.0,770,812,0,1582,6,2004.0,520.0,0,45,0,0,0,0,0,9,WD ,185900
1477,20,85.0,11049,CollgCr,8,2007,2007,VinylSd,VinylSd,0.0,0.0,0.0,1234.0,1234.0,1234,0,0,1234,7,2007.0,484.0,0,30,0,0,0,0,0,1,WD ,179900
1478,20,85.0,11058,CollgCr,7,2007,2007,VinylSd,VinylSd,212.0,56.0,0.0,1508.0,1564.0,1564,0,0,1564,6,2007.0,814.0,0,24,0,0,0,0,0,2,WD ,218836
1479,20,74.0,9627,CollgCr,7,2007,2007,VinylSd,VinylSd,0.0,24.0,0.0,1327.0,1351.0,1361,0,0,1361,6,2007.0,610.0,0,50,0,0,0,0,0,6,WD ,193000
1480,60,63.0,8199,CollgCr,7,2005,2005,WdShing,Wd Shng,0.0,648.0,0.0,80.0,728.0,728,728,0,1456,7,2005.0,410.0,36,18,0,0,0,0,0,10,WD ,189000
1481,120,,4426,CollgCr,6,2004,2004,VinylSd,VinylSd,147.0,697.0,0.0,151.0,848.0,848,0,0,848,3,2004.0,420.0,149,0,0,0,0,0,0,5,WD ,149300
1482,120,,4426,CollgCr,6,2004,2004,VinylSd,VinylSd,147.0,697.0,0.0,151.0,848.0,848,0,0,848,3,2004.0,420.0,149,0,0,0,0,0,0,5,WD ,141000
1483,120,,4438,CollgCr,6,2004,2004,VinylSd,VinylSd,205.0,662.0,0.0,186.0,848.0,848,0,0,848,3,2004.0,420.0,149,0,0,0,0,0,0,1,WD ,149000
1484,120,,4438,CollgCr,6,2004,2004,VinylSd,VinylSd,169.0,662.0,0.0,186.0,848.0,848,0,0,848,4,2004.0,420.0,140,0,0,0,0,0,0,6,ConLD,144500
1485,30,67.0,8777,Edwards,5,1910,1950,MetalSd,Wd Sdng,0.0,0.0,0.0,796.0,796.0,796,0,0,796,4,,0.0,328,0,164,0,0,0,0,5,WD ,85000
1486,90,67.0,8777,Edwards,5,1900,2003,MetalSd,MetalSd,0.0,1084.0,0.0,188.0,1272.0,1272,928,0,2200,9,,0.0,0,70,0,0,0,0,0,9,WD ,145900
1487,20,75.0,9825,Edwards,5,1966,1966,HdBoard,HdBoard,0.0,609.0,0.0,483.0,1092.0,1092,0,0,1092,6,1966.0,264.0,259,0,0,0,161,0,0,4,COD,123000
1488,20,75.0,9937,Edwards,5,1965,1965,HdBoard,HdBoard,0.0,830.0,290.0,136.0,1256.0,1256,0,0,1256,6,1965.0,276.0,736,68,0,0,0,0,0,6,WD ,147500
1489,85,64.0,12102,Edwards,5,1976,1976,HdBoard,Plywood,222.0,456.0,0.0,0.0,456.0,1033,0,0,1033,6,1976.0,504.0,224,0,0,0,0,0,0,4,WD ,165000
1490,20,65.0,6500,Edwards,6,1976,1976,HdBoard,Plywood,84.0,1033.0,0.0,94.0,1127.0,1127,0,0,1127,6,1991.0,480.0,0,0,138,0,0,0,0,5,WD ,135000
1491,30,63.0,13907,Edwards,5,1940,1969,WdShing,Wd Shng,0.0,290.0,0.0,706.0,996.0,996,0,0,996,6,,0.0,144,0,0,0,0,0,0,7,WD ,108000
1492,85,90.0,10012,Edwards,4,1972,1972,Plywood,Plywood,0.0,920.0,180.0,38.0,1138.0,1181,0,0,1181,6,1974.0,588.0,0,0,180,0,0,0,0,4,WD ,137500
1493,60,60.0,6931,Edwards,7,2003,2004,VinylSd,VinylSd,92.0,0.0,0.0,746.0,746.0,760,896,0,1656,7,2003.0,397.0,178,128,0,0,0,0,0,7,WD ,165400
1494,80,,9638,Edwards,6,1977,1977,Plywood,Plywood,0.0,368.0,120.0,541.0,1029.0,1117,0,0,1117,6,1977.0,542.0,292,0,0,0,0,0,0,11,WD ,147000
1495,60,72.0,7200,Edwards,6,1976,2001,Plywood,Plywood,0.0,288.0,0.0,396.0,684.0,684,714,0,1398,6,1976.0,440.0,0,0,0,0,0,0,0,2,WD ,160500
1496,20,60.0,7024,Edwards,4,2005,2005,VinylSd,VinylSd,0.0,1024.0,0.0,108.0,1132.0,1132,0,0,1132,5,2005.0,451.0,252,64,0,0,0,0,0,6,WD ,176000
1497,20,123.0,47007,Edwards,5,1959,1996,Plywood,Plywood,0.0,0.0,0.0,0.0,0.0,3820,0,0,3820,11,1959.0,624.0,0,372,0,0,0,0,0,7,WD ,284700
1498,60,313.0,63887,Edwards,10,2008,2008,Stucco,Stucco,796.0,5644.0,0.0,466.0,6110.0,4692,950,0,5642,12,2008.0,1418.0,214,292,0,0,0,480,0,1,New,160000
1499,180,35.0,3675,Edwards,6,2005,2005,VinylSd,VinylSd,80.0,459.0,0.0,88.0,547.0,1072,0,0,1072,5,2005.0,525.0,0,28,0,0,0,0,0,6,WD ,148000
1500,90,65.0,6040,Edwards,4,1955,1955,AsbShng,Plywood,0.0,0.0,0.0,0.0,0.0,1152,0,0,1152,6,,0.0,0,0,0,0,0,0,0,6,WD ,82000
1501,90,65.0,6012,Edwards,4,1955,1955,AsbShng,Plywood,0.0,0.0,0.0,0.0,0.0,1152,0,0,1152,6,,0.0,0,0,0,0,0,0,0,6,WD ,82000
1502,90,92.0,12108,Edwards,4,1955,1955,VinylSd,VinylSd,270.0,133.0,0.0,1307.0,1440.0,1440,0,0,1440,8,,0.0,0,0,0,0,0,0,0,9,WD ,118000
1503,90,74.0,6845,Edwards,4,1955,1955,WdShing,Wd Shng,58.0,0.0,0.0,0.0,0.0,1152,0,0,1152,6,,0.0,0,0,0,0,0,0,0,7,WD ,82500
1504,190,56.0,6931,Edwards,4,1955,1955,Wd Sdng,Wd Sdng,0.0,784.0,0.0,0.0,784.0,784,0,0,784,4,,0.0,112,0,0,0,0,0,0,5,WD ,91900
1505,50,60.0,12180,Edwards,5,1938,2007,Wd Sdng,Wd Sdng,0.0,0.0,0.0,585.0,585.0,585,468,0,1053,5,,0.0,42,0,0,0,0,0,0,1,WD ,120000
1506,50,57.0,8050,Edwards,5,1947,1993,MetalSd,MetalSd,0.0,0.0,0.0,0.0,0.0,929,208,0,1137,8,,0.0,0,0,0,0,0,0,0,4,WD ,96000
1507,20,68.0,9520,Edwards,4,1953,1953,MetalSd,MetalSd,115.0,767.0,0.0,144.0,911.0,930,0,0,930,5,1953.0,286.0,134,0,0,0,0,0,3000,5,WD ,99000
1508,50,70.0,11767,Edwards,5,1946,1995,MetalSd,MetalSd,0.0,352.0,0.0,416.0,768.0,768,432,0,1200,6,1946.0,240.0,0,0,0,0,0,0,0,5,WD ,130500
1509,50,60.0,8172,Edwards,4,1954,1972,MetalSd,MetalSd,0.0,0.0,0.0,941.0,941.0,997,473,0,1470,7,1958.0,548.0,0,0,0,0,156,0,0,5,WD ,135000
1510,50,59.0,16466,Edwards,5,1955,1955,MetalSd,MetalSd,0.0,0.0,0.0,816.0,816.0,872,521,0,1393,8,1955.0,300.0,121,0,0,0,265,0,0,4,WD ,135500
1511,80,62.0,7692,Edwards,4,1954,1954,Wd Sdng,Wd Sdng,0.0,0.0,0.0,416.0,416.0,1204,0,0,1204,6,1954.0,312.0,0,0,0,0,0,0,0,11,WD ,100000
1512,30,67.0,5142,Edwards,4,1923,2008,Wd Sdng,Wd Sdng,0.0,224.0,0.0,725.0,949.0,949,343,0,1292,6,1923.0,205.0,0,0,183,0,0,0,0,6,WD ,108000
1513,30,67.0,5604,Edwards,5,1925,1950,Stucco,Stucco,0.0,468.0,0.0,396.0,864.0,864,0,0,864,5,,0.0,0,0,96,0,0,0,0,4,WD ,98000
1514,30,45.0,8248,Edwards,3,1914,1950,Stucco,Stucco,0.0,41.0,0.0,823.0,864.0,864,0,0,864,5,,0.0,0,0,100,0,0,0,0,9,WD ,67000
1515,190,55.0,5687,SWISU,5,1912,2000,VinylSd,VinylSd,0.0,210.0,0.0,570.0,780.0,936,780,0,1716,9,,0.0,0,184,0,0,0,0,0,3,WD ,135900
1516,70,,12155,SWISU,6,1925,1950,Wd Sdng,Wd Sdng,0.0,156.0,0.0,516.0,672.0,810,672,0,1482,7,1934.0,400.0,0,0,254,0,0,0,0,3,WD ,140000
1517,75,60.0,8400,SWISU,5,1939,1997,Wd Sdng,Wd Sdng,0.0,378.0,0.0,342.0,720.0,1052,720,420,2192,8,1939.0,240.0,262,24,0,0,0,0,0,7,WD ,179500
1518,50,60.0,8400,SWISU,6,1925,1950,MetalSd,MetalSd,0.0,423.0,0.0,758.0,1181.0,1390,304,0,1694,7,1925.0,576.0,342,0,128,0,0,0,0,6,WD ,136500
1519,30,60.0,7290,SWISU,7,1921,1950,WdShing,Wd Shng,174.0,0.0,0.0,1228.0,1228.0,1424,0,0,1424,7,1921.0,312.0,0,0,90,0,0,0,0,4,WD ,168000
1520,70,55.0,8525,SWISU,5,1911,1950,MetalSd,MetalSd,0.0,0.0,0.0,940.0,940.0,1024,940,0,1964,7,,0.0,0,192,0,0,0,0,0,11,WD ,130000
1521,70,51.0,9842,SWISU,5,1921,1998,MetalSd,Wd Sdng,0.0,0.0,0.0,612.0,612.0,990,1611,0,2601,8,1998.0,621.0,183,0,301,0,0,0,0,5,WD ,189000
1522,90,64.0,7804,SWISU,6,1930,1950,Stucco,Stucco,0.0,281.0,679.0,0.0,960.0,960,960,0,1920,10,1930.0,480.0,248,0,121,0,0,0,0,7,WD ,161900
1523,70,66.0,8969,Crawfor,6,1926,1950,Wd Sdng,Wd Sdng,0.0,379.0,0.0,265.0,644.0,672,644,0,1316,6,2001.0,369.0,0,0,0,0,192,0,0,7,WD ,145000
1524,70,79.0,11526,Crawfor,6,1922,1994,MetalSd,MetalSd,0.0,0.0,0.0,588.0,588.0,1423,748,384,2555,11,1993.0,672.0,431,0,0,0,0,0,0,9,WD ,191000
1525,70,63.0,15576,Crawfor,6,1915,1976,Wd Sdng,Plywood,0.0,0.0,0.0,840.0,840.0,840,840,0,1680,8,1960.0,308.0,0,0,160,0,0,0,0,3,WD ,177000
1526,50,63.0,15564,Crawfor,6,1914,1995,Wd Sdng,Wd Shng,0.0,0.0,0.0,676.0,676.0,676,588,0,1264,6,1994.0,400.0,424,0,0,0,0,0,400,1,WD ,147500
1527,30,52.0,6292,SWISU,6,1930,1950,Wd Sdng,Wd Sdng,0.0,384.0,0.0,384.0,768.0,790,0,0,790,4,1925.0,160.0,0,141,0,0,0,0,0,4,WD ,91000
1528,70,54.0,7609,Crawfor,8,1925,1997,Stucco,Stucco,0.0,406.0,0.0,392.0,798.0,798,714,0,1512,7,1925.0,180.0,85,16,41,0,0,0,0,6,WD ,231000
1529,50,51.0,10480,SWISU,6,1936,1950,MetalSd,MetalSd,0.0,0.0,0.0,1064.0,1064.0,1166,0,473,1639,6,1936.0,240.0,0,0,0,0,0,0,0,3,WD ,115000
1530,70,,9650,Crawfor,6,1923,1950,Wd Sdng,Plywood,0.0,0.0,0.0,784.0,784.0,819,784,0,1603,7,1980.0,599.0,0,217,0,0,0,0,0,6,WD ,138000
1531,70,60.0,7200,Crawfor,7,1931,2000,Stucco,Wd Shng,0.0,0.0,0.0,776.0,776.0,851,651,0,1502,6,1931.0,270.0,0,0,112,0,0,0,0,2,WD ,149000
1532,70,74.0,11988,Crawfor,6,1934,1995,Stucco,Stucco,0.0,326.0,0.0,389.0,715.0,849,811,0,1660,6,1939.0,240.0,0,0,0,0,0,0,0,8,WD ,188700
1533,50,,11700,Crawfor,5,1937,1995,WdShing,Wd Shng,0.0,606.0,0.0,336.0,942.0,1265,673,0,1938,7,1937.0,240.0,0,40,0,0,0,0,0,7,WD ,198000
1534,50,,9260,Crawfor,5,1938,1950,Wd Sdng,Wd Sdng,0.0,0.0,0.0,884.0,884.0,932,442,0,1374,6,1938.0,225.0,64,0,0,0,100,0,0,3,WD ,110000
1535,20,79.0,7801,Crawfor,6,1951,1951,WdShing,Plywood,88.0,500.0,0.0,591.0,1091.0,1091,0,0,1091,5,1951.0,344.0,66,105,0,0,221,0,0,5,WD ,104000
1536,70,100.0,9670,Crawfor,8,1935,1950,BrkFace,Stucco,40.0,210.0,0.0,398.0,608.0,983,890,0,1873,9,1935.0,786.0,0,0,207,0,0,0,0,6,WD ,257076
1537,50,,14100,Crawfor,8,1935,1997,Stucco,Stucco,632.0,192.0,0.0,536.0,728.0,1968,1479,0,3447,11,1982.0,1014.0,314,12,0,0,0,0,0,5,WD ,381000
1538,50,,15660,Crawfor,7,1939,2006,VinylSd,VinylSd,312.0,341.0,0.0,457.0,798.0,1137,817,0,1954,8,1939.0,431.0,0,119,150,0,0,0,0,5,WD ,311500
1539,50,70.0,12392,Crawfor,7,1950,2000,VinylSd,VinylSd,0.0,435.0,0.0,397.0,832.0,1218,943,0,2161,8,1994.0,506.0,0,96,0,0,0,0,0,4,WD ,263400
1540,20,56.0,26073,Crawfor,5,1956,1956,BrkFace,MetalSd,0.0,1116.0,0.0,782.0,1898.0,1898,0,0,1898,7,1956.0,484.0,0,51,224,0,0,0,0,4,WD ,236500
1541,20,,14778,Crawfor,6,1954,2006,HdBoard,HdBoard,72.0,728.0,0.0,568.0,1296.0,1640,0,0,1640,7,1993.0,924.0,108,0,0,216,0,0,0,11,WD ,224000
1542,160,24.0,1879,Blueste,6,1980,1980,MetalSd,MetalSd,0.0,366.0,0.0,150.0,516.0,516,516,0,1032,5,1980.0,462.0,213,0,0,0,0,0,0,12,WD ,116500
1543,160,24.0,1950,Blueste,6,1980,1980,MetalSd,MetalSd,0.0,81.0,612.0,23.0,716.0,716,840,0,1556,6,1980.0,452.0,161,0,0,0,0,0,0,7,COD,151000
1544,30,50.0,7000,IDOTRR,6,1926,1998,VinylSd,VinylSd,0.0,299.0,40.0,555.0,894.0,919,0,0,919,5,1926.0,195.0,0,0,116,0,0,0,0,7,WD ,126000
1545,50,60.0,6000,IDOTRR,6,1940,2006,VinylSd,VinylSd,0.0,0.0,0.0,720.0,720.0,760,330,0,1090,5,1940.0,240.0,0,0,0,0,0,0,0,7,WD ,120000
1546,30,40.0,3636,IDOTRR,4,1922,1950,AsbShng,AsbShng,0.0,0.0,0.0,796.0,796.0,796,0,0,796,5,,0.0,0,0,100,0,0,0,0,1,WD ,55000
1547,30,,5890,IDOTRR,6,1930,2007,Wd Sdng,Wd Sdng,0.0,538.0,0.0,278.0,816.0,816,0,0,816,5,2002.0,432.0,0,0,96,0,0,0,0,6,WD ,120500
1548,30,71.0,6900,IDOTRR,5,1940,1955,VinylSd,VinylSd,0.0,403.0,125.0,212.0,740.0,778,0,0,778,4,1966.0,924.0,0,25,0,0,0,0,0,2,WD ,120500
1549,50,58.0,8155,IDOTRR,5,1930,1950,Wd Sdng,Wd Sdng,0.0,0.0,0.0,780.0,780.0,780,420,0,1200,7,,0.0,0,0,96,0,0,0,0,7,WD ,119000
1550,80,75.0,6000,IDOTRR,5,1967,1967,HdBoard,Plywood,0.0,257.0,0.0,367.0,624.0,1092,564,0,1656,7,1967.0,288.0,0,180,0,0,100,0,0,7,WD ,126000
1551,30,60.0,7392,IDOTRR,5,1930,1995,Wd Sdng,Wd Sdng,0.0,0.0,0.0,520.0,520.0,912,0,0,912,5,1934.0,360.0,0,90,0,0,0,0,0,5,WD ,99500
1552,50,75.0,9000,IDOTRR,5,1958,1958,WdShing,Wd Shng,162.0,330.0,0.0,821.0,1151.0,1151,804,0,1955,7,1958.0,356.0,0,0,0,0,0,0,0,1,WD ,165500
1553,20,80.0,14584,IDOTRR,1,1952,1952,AsbShng,VinylSd,0.0,0.0,0.0,0.0,0.0,733,0,0,733,4,1952.0,487.0,0,0,0,0,0,0,0,2,WD ,13100
1554,70,60.0,5280,IDOTRR,4,1895,1950,Wd Sdng,Wd Sdng,0.0,0.0,0.0,173.0,173.0,825,536,0,1361,6,1895.0,185.0,0,123,0,0,0,0,0,7,WD ,89000
1555,70,50.0,8500,IDOTRR,4,1920,1950,BrkFace,BrkFace,0.0,0.0,0.0,649.0,649.0,649,668,0,1317,6,1920.0,250.0,0,54,172,0,0,0,0,7,WD ,40000
1556,50,52.0,5150,IDOTRR,4,1910,2000,Plywood,Plywood,0.0,0.0,0.0,356.0,356.0,671,378,0,1049,5,1910.0,195.0,0,0,0,0,0,0,0,5,WD ,80900
1557,30,120.0,18000,IDOTRR,3,1935,1950,MetalSd,MetalSd,0.0,0.0,0.0,894.0,894.0,894,0,0,894,6,1994.0,1248.0,0,20,0,0,0,0,560,8,ConLD,81000
1558,70,60.0,9000,IDOTRR,4,1920,1950,MetalSd,MetalSd,0.0,0.0,0.0,592.0,592.0,432,432,0,864,5,1920.0,216.0,0,30,160,0,0,0,0,6,WD ,65000
1559,120,64.0,5587,Crawfor,8,2008,2008,CemntBd,CmentBd,186.0,1480.0,0.0,120.0,1600.0,1652,0,0,1652,5,2008.0,482.0,162,53,0,153,0,0,0,11,New,392500
1560,120,44.0,3843,Crawfor,8,2007,2008,CemntBd,CmentBd,186.0,1476.0,0.0,120.0,1596.0,1648,0,0,1648,5,2007.0,525.0,162,53,0,153,0,0,0,8,New,294464
1561,120,44.0,3811,Crawfor,7,2004,2005,CemntBd,CmentBd,174.0,1474.0,0.0,120.0,1594.0,1646,0,0,1646,5,2004.0,482.0,128,53,0,0,155,0,0,7,WD ,250000
1562,120,44.0,3842,Crawfor,8,2004,2005,CemntBd,CmentBd,174.0,1373.0,0.0,221.0,1594.0,1646,0,0,1646,5,2004.0,482.0,128,53,0,0,155,0,0,1,WD ,275000
1563,20,,23730,Mitchel,7,1996,1997,MetalSd,MetalSd,668.0,700.0,0.0,1140.0,1840.0,2032,0,0,2032,7,1996.0,786.0,0,46,192,0,0,0,0,9,WD ,300000
1564,20,,13265,Mitchel,8,2002,2002,CemntBd,CmentBd,148.0,1218.0,0.0,350.0,1568.0,1689,0,0,1689,7,2002.0,857.0,150,59,0,0,0,0,0,7,WD ,271000
1565,60,,11050,Mitchel,7,1996,1997,VinylSd,VinylSd,0.0,0.0,0.0,910.0,910.0,910,910,0,1820,8,1996.0,816.0,318,32,0,0,0,0,0,9,WD ,213000
1566,80,76.0,9880,Mitchel,6,1977,1977,Plywood,Plywood,0.0,522.0,0.0,574.0,1096.0,1118,0,0,1118,6,1977.0,358.0,203,0,0,0,0,576,0,7,WD ,171000
1567,20,75.0,10125,Mitchel,6,1977,1977,Plywood,Plywood,0.0,641.0,279.0,276.0,1196.0,1279,0,0,1279,6,1980.0,473.0,238,83,0,0,0,0,0,2,WD ,171500
1568,90,76.0,10260,Mitchel,5,1976,1976,Plywood,Plywood,0.0,0.0,0.0,0.0,0.0,936,936,0,1872,8,1976.0,484.0,0,0,0,0,0,0,0,11,WD ,100000
1569,20,74.0,9990,Mitchel,4,1991,1991,HdBoard,HdBoard,0.0,1383.0,0.0,297.0,1680.0,1689,0,0,1689,6,1991.0,432.0,428,120,0,0,0,0,0,7,WD ,228500
1570,190,,164660,Timber,5,1965,1965,Plywood,Plywood,0.0,1249.0,147.0,103.0,1499.0,1619,167,0,1786,7,1965.0,529.0,670,0,0,0,0,0,700,8,WD ,228950
1571,120,42.0,4084,Timber,7,1986,1986,VinylSd,VinylSd,340.0,893.0,0.0,384.0,1277.0,1501,0,0,1501,6,1986.0,512.0,240,0,0,0,0,0,0,7,WD ,241500
1572,20,,15498,Timber,8,1976,1976,Stone,HdBoard,0.0,1165.0,400.0,0.0,1565.0,2898,0,0,2898,10,1976.0,665.0,0,72,174,0,0,0,0,5,COD,287000
1573,20,74.0,11563,Timber,8,2006,2007,VinylSd,VinylSd,258.0,1036.0,0.0,482.0,1518.0,1537,0,0,1537,8,2007.0,788.0,0,26,0,0,0,0,0,4,WD ,294000
1574,20,71.0,9520,Timber,8,2007,2008,VinylSd,VinylSd,338.0,1513.0,0.0,125.0,1638.0,1646,0,0,1646,7,2008.0,800.0,192,44,0,0,0,0,0,4,New,293077
1575,60,107.0,12852,Timber,8,2007,2007,VinylSd,VinylSd,0.0,770.0,0.0,150.0,920.0,920,860,0,1780,6,2007.0,612.0,0,192,0,0,0,0,0,1,New,264966
1576,80,73.0,9802,Timber,5,2006,2007,VinylSd,VinylSd,0.0,0.0,0.0,352.0,352.0,712,730,0,1442,6,2007.0,400.0,100,0,0,0,0,0,0,4,WD ,172500
1577,80,73.0,9735,Timber,5,2006,2007,VinylSd,VinylSd,0.0,0.0,0.0,384.0,384.0,754,640,0,1394,7,2007.0,400.0,100,0,0,0,0,0,0,5,WD ,167500
1578,60,81.0,12018,Timber,7,2008,2008,VinylSd,VinylSd,60.0,0.0,0.0,796.0,796.0,796,816,0,1612,6,2008.0,666.0,0,64,0,0,0,0,0,10,New,218689
1579,20,75.0,12890,Timber,6,1989,1989,Wd Sdng,Wd Sdng,128.0,0.0,0.0,1495.0,1495.0,1495,0,0,1495,8,1989.0,438.0,252,0,192,0,0,0,0,7,WD ,150000
1580,20,47.0,12416,Timber,6,1986,1986,VinylSd,Plywood,132.0,1398.0,208.0,0.0,1606.0,1651,0,0,1651,7,1986.0,616.0,192,0,0,0,0,0,0,11,WD ,184000
1581,20,93.0,18265,Timber,6,1986,1986,Plywood,HdBoard,228.0,920.0,60.0,276.0,1256.0,1256,0,0,1256,6,1986.0,578.0,282,0,0,0,0,0,0,3,WD ,180000
1582,80,85.0,10200,Timber,6,1988,1989,HdBoard,HdBoard,219.0,783.0,0.0,678.0,1461.0,1509,0,0,1509,5,1988.0,600.0,224,0,0,0,0,0,0,8,WD ,175000
1583,20,82.0,11202,Timber,8,2003,2003,VinylSd,VinylSd,206.0,1029.0,0.0,403.0,1432.0,1440,0,0,1440,7,2003.0,467.0,185,95,0,0,0,0,0,6,WD ,232500
1584,20,,7915,Timber,6,1999,2000,VinylSd,VinylSd,0.0,1223.0,0.0,443.0,1666.0,1675,0,0,1675,6,1999.0,435.0,165,52,0,0,0,0,0,12,WD ,195000
1585,60,85.0,12244,Timber,8,2003,2003,VinylSd,VinylSd,226.0,871.0,0.0,611.0,1482.0,1482,780,0,2262,10,2003.0,749.0,168,0,0,0,0,0,0,8,WD ,305000
1586,20,79.0,11449,Timber,8,2007,2007,VinylSd,VinylSd,0.0,1011.0,0.0,873.0,1884.0,1728,0,0,1728,7,2007.0,520.0,0,276,0,0,0,0,0,1,WD ,298751
1587,20,85.0,11447,Timber,8,2005,2006,VinylSd,VinylSd,674.0,1571.0,0.0,393.0,1964.0,1964,0,0,1964,7,2005.0,892.0,0,265,0,0,0,0,0,6,WD ,370000
1588,90,97.0,8940,Mitchel,7,1997,1998,VinylSd,VinylSd,200.0,1309.0,0.0,35.0,1344.0,1344,0,0,1344,8,1997.0,784.0,0,0,0,0,0,0,0,11,WD ,209200
1589,90,78.0,7060,Mitchel,7,1997,1998,VinylSd,VinylSd,200.0,1309.0,0.0,35.0,1344.0,1344,0,0,1344,8,1997.0,784.0,0,0,0,0,0,0,0,11,WD ,206300
1590,20,77.0,9278,Mitchel,5,2007,2008,VinylSd,VinylSd,0.0,0.0,0.0,1092.0,1092.0,1092,0,0,1092,5,,0.0,0,52,0,0,0,0,0,2,WD ,146000
1591,120,32.0,4500,Mitchel,6,1997,1997,VinylSd,VinylSd,197.0,864.0,0.0,325.0,1189.0,1189,0,0,1189,4,1997.0,392.0,0,122,0,0,0,0,0,4,WD ,160500
1592,85,150.0,14137,Mitchel,4,1964,1964,HdBoard,HdBoard,98.0,865.0,247.0,88.0,1200.0,1200,0,0,1200,6,1964.0,850.0,0,119,0,0,171,0,0,11,ConLD,173000
1593,120,,4224,MeadowV,5,1975,1975,CemntBd,CmentBd,0.0,769.0,0.0,271.0,1040.0,1040,0,0,1040,6,1975.0,499.0,0,100,0,0,0,0,0,6,WD ,124000
1594,160,,2665,MeadowV,5,1976,1976,CemntBd,CmentBd,0.0,0.0,0.0,264.0,264.0,616,688,0,1304,4,1976.0,336.0,141,24,0,0,0,0,0,6,WD ,115000
1595,160,41.0,2665,MeadowV,5,1976,1976,CemntBd,CmentBd,0.0,318.0,0.0,232.0,550.0,925,550,0,1475,6,1976.0,336.0,92,26,0,0,0,0,0,5,WD ,129500
1596,180,21.0,1974,MeadowV,4,1973,2006,CemntBd,CmentBd,0.0,501.0,0.0,25.0,526.0,526,462,0,988,5,1973.0,297.0,120,101,0,0,0,0,0,6,WD ,105000
1597,180,21.0,1596,MeadowV,4,1973,1973,CemntBd,CmentBd,0.0,437.0,0.0,25.0,462.0,526,462,0,988,4,1973.0,297.0,0,101,0,120,0,0,0,7,WD ,94900
1598,20,,17979,Mitchel,5,1968,1968,Plywood,Plywood,0.0,785.0,0.0,328.0,1113.0,1160,0,0,1160,6,1968.0,257.0,81,0,0,0,0,0,500,2,WD ,152500
1599,160,21.0,1477,MeadowV,6,1970,2007,CemntBd,CmentBd,0.0,358.0,0.0,188.0,546.0,546,546,0,1092,6,,0.0,187,0,0,0,0,0,0,3,WD ,98000
1600,180,21.0,1890,MeadowV,4,1972,1972,CemntBd,CmentBd,0.0,495.0,0.0,135.0,630.0,630,0,0,630,3,,0.0,88,0,0,0,0,0,0,6,WD ,81000
1601,20,100.0,21750,Mitchel,5,1954,1954,HdBoard,HdBoard,0.0,0.0,0.0,988.0,988.0,988,0,0,988,4,1954.0,520.0,0,0,0,0,0,0,0,2,WD ,113000
1602,20,59.0,6490,Mitchel,5,1983,1983,VinylSd,VinylSd,0.0,534.0,0.0,282.0,816.0,816,0,0,816,4,1983.0,264.0,315,0,0,0,0,0,0,4,WD ,128500
1603,20,37.0,6951,Mitchel,5,1984,1985,HdBoard,Plywood,0.0,658.0,0.0,218.0,876.0,923,0,0,923,5,1984.0,264.0,362,0,0,0,0,0,0,10,WD ,119500
1604,20,60.0,6600,Mitchel,5,1982,2008,VinylSd,VinylSd,0.0,641.0,0.0,175.0,816.0,816,0,0,816,5,1982.0,264.0,0,0,0,0,0,0,0,10,WD ,130500
1605,20,60.0,6600,Mitchel,5,1982,2003,HdBoard,HdBoard,0.0,816.0,0.0,0.0,816.0,816,0,0,816,4,1985.0,816.0,0,0,0,0,0,0,0,6,WD ,138000
1606,20,60.0,6600,Mitchel,5,1982,2005,HdBoard,Plywood,0.0,638.0,0.0,207.0,845.0,845,0,0,845,6,1982.0,264.0,0,0,0,0,0,0,0,7,WD ,134500
1607,50,75.0,12508,Mitchel,6,1940,1985,VinylSd,VinylSd,0.0,660.0,0.0,323.0,983.0,983,767,0,1750,7,1989.0,423.0,245,0,156,0,0,0,1300,7,WD ,160000
1608,20,74.0,12395,Mitchel,5,1984,1984,HdBoard,Plywood,0.0,647.0,0.0,217.0,864.0,889,0,0,889,6,1984.0,484.0,0,0,0,0,0,0,0,4,WD ,137500
1609,60,,11075,Mitchel,5,1969,1969,HdBoard,HdBoard,232.0,562.0,193.0,29.0,784.0,1168,800,0,1968,7,1969.0,530.0,305,189,0,0,0,0,400,9,WD ,172000
1610,70,,56600,IDOTRR,5,1900,1950,Wd Sdng,Wd Sdng,0.0,0.0,0.0,686.0,686.0,1150,686,0,1836,7,1900.0,288.0,0,0,0,0,0,0,0,1,WD ,103000
1611,20,85.0,10667,NAmes,6,1971,1971,MetalSd,MetalSd,302.0,838.0,0.0,749.0,1587.0,1587,0,0,1587,7,1971.0,525.0,0,44,0,0,0,0,0,3,WD ,167300
1612,20,85.0,10628,NAmes,7,1970,1970,Plywood,Plywood,0.0,778.0,0.0,499.0,1277.0,1277,0,0,1277,5,1970.0,526.0,0,0,0,0,176,0,0,4,WD ,167000
1613,20,95.0,13651,NAmes,7,1973,1973,Plywood,Plywood,1115.0,1880.0,0.0,343.0,2223.0,2223,0,0,2223,8,1973.0,516.0,300,0,0,0,0,0,0,2,WD ,244000
1614,20,95.0,15865,NAmes,8,1970,1970,Wd Sdng,Wd Sdng,0.0,351.0,823.0,1043.0,2217.0,2217,0,0,2217,8,1970.0,621.0,81,207,0,0,224,0,0,10,WD ,268000
1615,60,,12394,Gilbert,7,2003,2003,VinylSd,VinylSd,0.0,0.0,0.0,847.0,847.0,847,886,0,1733,7,2003.0,433.0,100,48,0,0,0,0,0,10,WD ,225000
1616,60,,10364,Gilbert,6,1995,1996,MetalSd,MetalSd,0.0,0.0,0.0,806.0,806.0,806,766,0,1572,7,1995.0,373.0,0,40,0,0,0,0,0,5,WD ,168000
1617,60,,13869,Gilbert,6,1997,1997,VinylSd,VinylSd,0.0,182.0,0.0,612.0,794.0,794,676,0,1470,6,1997.0,388.0,0,75,0,0,0,0,0,7,WD ,177000
1618,60,57.0,8773,Gilbert,6,1997,1997,VinylSd,VinylSd,0.0,0.0,0.0,916.0,916.0,916,684,0,1600,7,1997.0,460.0,100,38,0,0,0,0,0,8,WD ,169000
1619,80,56.0,8872,Gilbert,6,1997,1997,VinylSd,VinylSd,0.0,0.0,0.0,384.0,384.0,754,630,0,1384,7,1997.0,390.0,0,0,0,0,0,0,0,3,WD ,161500
1620,120,41.0,5330,StoneBr,8,2000,2000,CemntBd,CmentBd,0.0,1196.0,0.0,298.0,1494.0,1652,0,0,1652,6,2000.0,499.0,96,48,0,0,0,0,0,8,WD ,251000
1621,80,,10147,Gilbert,6,1994,1994,HdBoard,HdBoard,32.0,186.0,0.0,206.0,392.0,924,770,0,1694,7,1994.0,398.0,256,64,0,0,0,0,0,3,WD ,160000
1622,60,,8637,Gilbert,6,1999,2000,VinylSd,VinylSd,0.0,871.0,0.0,52.0,923.0,947,767,0,1714,7,2000.0,451.0,256,48,0,0,0,0,0,4,WD ,180000
1623,60,63.0,7875,Gilbert,7,1996,1996,HdBoard,HdBoard,0.0,414.0,0.0,277.0,691.0,691,862,0,1553,6,1996.0,420.0,0,44,0,0,0,0,0,8,WD ,178750
1624,20,63.0,7875,Gilbert,7,1995,1996,HdBoard,HdBoard,38.0,0.0,0.0,1237.0,1237.0,1253,0,0,1253,6,1995.0,402.0,220,21,0,0,0,0,0,6,WD ,176000
1625,60,60.0,7500,Gilbert,6,1999,2003,VinylSd,VinylSd,0.0,0.0,0.0,938.0,938.0,957,1342,0,2299,7,1999.0,482.0,188,30,0,0,0,0,0,8,WD ,204000
1626,20,,9556,Gilbert,7,1992,1993,HdBoard,HdBoard,52.0,0.0,0.0,1168.0,1168.0,1187,0,0,1187,6,1992.0,420.0,0,21,0,0,0,0,0,8,WD ,160000
1627,80,,10784,Gilbert,7,1991,1992,HdBoard,HdBoard,76.0,0.0,0.0,384.0,384.0,802,670,0,1472,7,1991.0,402.0,164,0,0,0,0,0,0,5,WD ,160000
1628,80,,9125,Gilbert,7,1992,1992,HdBoard,HdBoard,170.0,0.0,0.0,384.0,384.0,812,670,0,1482,7,1992.0,392.0,100,25,0,0,0,0,0,7,WD ,163900
1629,60,,7655,Gilbert,6,1993,1994,HdBoard,HdBoard,0.0,0.0,0.0,903.0,903.0,910,732,0,1642,7,1993.0,392.0,290,84,0,0,0,0,0,7,WD ,168000
1630,20,160.0,18160,Gilbert,6,1964,1964,HdBoard,HdBoard,138.0,550.0,0.0,752.0,1302.0,1128,0,0,1128,6,1964.0,480.0,0,108,246,0,0,0,0,3,WD ,154204
1631,120,,3696,StoneBr,8,1986,1986,HdBoard,HdBoard,0.0,0.0,0.0,1074.0,1074.0,1088,0,0,1088,5,1987.0,461.0,0,74,137,0,0,0,0,10,WD ,170000
1632,160,,5062,StoneBr,7,1984,1984,HdBoard,HdBoard,0.0,828.0,182.0,180.0,1190.0,1190,900,0,2090,6,1984.0,577.0,219,0,0,0,0,0,0,9,WD ,207500
1633,120,38.0,4740,StoneBr,8,1988,1988,CemntBd,CmentBd,0.0,248.0,0.0,918.0,1166.0,1179,0,0,1179,5,1988.0,480.0,0,108,0,0,135,0,0,10,WD ,182000
1634,120,35.0,5118,StoneBr,8,1990,1990,CemntBd,CmentBd,0.0,926.0,0.0,386.0,1312.0,1321,0,0,1321,4,1990.0,484.0,0,64,140,0,0,0,0,8,WD ,212000
1635,20,86.0,14157,StoneBr,9,2005,2006,VinylSd,VinylSd,200.0,1249.0,0.0,673.0,1922.0,1922,0,0,1922,8,2005.0,676.0,178,51,0,0,0,0,0,7,WD ,377426
1636,60,98.0,12328,StoneBr,8,2005,2005,VinylSd,VinylSd,146.0,986.0,0.0,163.0,1149.0,1164,1377,0,2541,10,2005.0,729.0,120,32,0,0,0,0,0,7,WD ,349265
1637,20,52.0,51974,StoneBr,9,2006,2007,VinylSd,VinylSd,710.0,1101.0,0.0,1559.0,2660.0,2338,0,0,2338,8,2005.0,1110.0,0,135,0,0,322,0,0,6,New,591587
1638,190,195.0,41600,Gilbert,5,1969,1990,HdBoard,HdBoard,0.0,1047.0,0.0,53.0,1100.0,1424,0,0,1424,7,1969.0,828.0,144,0,0,0,0,0,0,11,WD ,155000
1639,120,61.0,8035,StoneBr,9,2006,2006,MetalSd,MetalSd,165.0,797.0,0.0,815.0,1612.0,1612,0,0,1612,6,2006.0,556.0,0,164,0,0,0,0,0,3,WD ,319900
1640,20,60.0,8089,StoneBr,8,2007,2007,MetalSd,MetalSd,0.0,945.0,0.0,474.0,1419.0,1419,0,0,1419,7,2007.0,567.0,140,0,0,0,0,0,0,10,New,392000
1641,20,85.0,14082,StoneBr,8,2006,2006,VinylSd,VinylSd,945.0,1558.0,0.0,662.0,2220.0,2234,0,0,2234,7,2006.0,724.0,390,80,0,0,0,0,0,1,WD ,441929
1642,20,81.0,13870,StoneBr,10,2006,2007,CemntBd,CmentBd,250.0,1152.0,0.0,590.0,1742.0,2042,0,0,2042,8,2007.0,724.0,240,52,0,0,174,0,0,10,New,455000
1643,20,,12546,NWAmes,6,1981,1981,MetalSd,MetalSd,310.0,678.0,0.0,762.0,1440.0,1440,0,0,1440,7,1981.0,467.0,0,0,99,0,0,0,0,4,WD ,182900
1644,20,,10960,NWAmes,6,1984,1984,HdBoard,HdBoard,0.0,256.0,0.0,1028.0,1284.0,1284,0,0,1284,5,1984.0,480.0,0,0,192,0,0,0,0,4,COD,174000
1645,80,78.0,12090,NWAmes,6,1984,2003,VinylSd,VinylSd,74.0,0.0,0.0,585.0,585.0,1140,728,0,1868,7,1984.0,477.0,268,112,0,0,147,0,0,1,WD ,178000
1646,60,78.0,12090,NWAmes,7,1981,2003,MetalSd,MetalSd,306.0,321.0,0.0,404.0,725.0,725,754,0,1479,6,1981.0,484.0,167,72,0,0,0,0,0,3,WD ,176000
1647,20,93.0,12299,NWAmes,7,1978,1985,Plywood,Plywood,67.0,1328.0,0.0,201.0,1529.0,1664,0,0,1664,7,1978.0,663.0,0,0,0,0,0,0,0,9,WD ,213000
1648,60,61.0,11339,NWAmes,7,1979,1979,HdBoard,Plywood,549.0,758.0,0.0,22.0,780.0,1085,845,0,1930,9,1979.0,481.0,192,72,0,0,0,0,0,3,WD ,192000
1649,60,92.0,11952,NWAmes,7,1977,1977,WdShing,Plywood,0.0,0.0,0.0,808.0,808.0,1161,808,0,1969,8,1977.0,534.0,0,0,0,0,276,0,0,11,WD ,190000
1650,60,,12046,NWAmes,6,1976,1976,Plywood,Plywood,298.0,156.0,0.0,692.0,848.0,1118,912,0,2030,8,1976.0,551.0,0,224,0,0,0,0,0,6,WD ,195000
1651,80,,10395,NWAmes,6,1978,1978,HdBoard,HdBoard,233.0,605.0,0.0,427.0,1032.0,1032,0,0,1032,6,1978.0,564.0,0,0,0,0,0,0,500,7,WD ,148000
1652,20,79.0,11850,NWAmes,6,1984,1984,Plywood,Plywood,98.0,781.0,0.0,372.0,1153.0,1177,0,0,1177,6,1984.0,495.0,204,103,0,0,0,0,0,8,WD ,151500
1653,60,80.0,11584,NWAmes,7,1979,1979,HdBoard,HdBoard,96.0,315.0,110.0,114.0,539.0,1040,685,0,1725,6,1979.0,550.0,0,88,216,0,0,0,0,11,WD ,197000
1654,20,80.0,10400,NWAmes,6,1979,1999,MetalSd,MetalSd,253.0,903.0,0.0,356.0,1259.0,1353,0,0,1353,5,1979.0,478.0,240,141,0,0,0,0,0,8,WD ,192350
1655,60,80.0,10793,NWAmes,5,1969,1969,WdShing,HdBoard,263.0,493.0,287.0,0.0,780.0,780,840,0,1620,7,1969.0,462.0,208,0,0,0,0,0,0,4,WD ,152000
1656,20,128.0,13001,NWAmes,6,1971,1971,HdBoard,HdBoard,176.0,492.0,121.0,1012.0,1625.0,1220,0,0,1220,6,1971.0,944.0,0,0,249,0,0,0,0,9,WD ,170000
1657,20,70.0,12243,NWAmes,5,1971,1971,Plywood,Plywood,0.0,998.0,0.0,486.0,1484.0,1484,0,0,1484,7,1971.0,487.0,224,0,0,0,180,0,0,2,WD ,175000
1658,60,90.0,11700,NWAmes,6,1968,1968,HdBoard,AsphShn,365.0,384.0,175.0,143.0,702.0,1041,702,0,1743,7,1968.0,539.0,224,0,0,0,0,0,0,6,WD ,175000
1659,60,,12384,NWAmes,7,1976,1976,Plywood,Plywood,233.0,0.0,0.0,793.0,793.0,1142,793,0,1935,7,1976.0,550.0,0,113,252,0,0,0,0,11,WD ,197900
1660,80,64.0,8991,NWAmes,7,1976,1976,Plywood,Plywood,130.0,624.0,604.0,0.0,1228.0,1324,0,0,1324,5,1976.0,585.0,407,36,0,0,0,0,0,2,WD ,174000
1661,60,80.0,8000,NWAmes,6,1974,1974,HdBoard,HdBoard,0.0,931.0,153.0,0.0,1084.0,1084,793,0,1877,8,1974.0,488.0,0,96,0,0,0,0,0,11,WD ,178900
1662,80,70.0,10500,NAmes,5,1971,2005,MetalSd,AsphShn,82.0,349.0,0.0,23.0,372.0,576,533,0,1109,5,1971.0,288.0,35,0,0,0,0,0,0,12,WD ,139000
1663,20,,10530,NAmes,6,1971,1971,Plywood,Plywood,0.0,282.0,35.0,664.0,981.0,981,0,0,981,5,1979.0,576.0,0,312,40,0,0,0,0,3,WD ,143250
1664,60,,7472,NAmes,7,1972,2004,HdBoard,HdBoard,138.0,626.0,0.0,99.0,725.0,725,754,0,1479,7,1972.0,484.0,0,32,0,0,0,0,0,6,WD ,184000
1665,20,63.0,9457,NAmes,5,1970,1990,MetalSd,MetalSd,0.0,566.0,0.0,359.0,925.0,1422,0,0,1422,7,1988.0,576.0,252,0,0,0,0,0,0,9,WD ,155000
1666,20,66.0,7920,NAmes,5,1970,2002,HdBoard,HdBoard,32.0,81.0,619.0,214.0,914.0,914,0,0,914,5,1970.0,368.0,120,0,0,0,0,0,0,10,WD ,133000
1667,20,61.0,9758,NAmes,5,1971,1971,HdBoard,MetalSd,0.0,412.0,287.0,251.0,950.0,950,0,0,950,5,1981.0,280.0,0,0,0,0,0,0,0,7,WD ,119500
1668,20,70.0,8294,NAmes,4,1971,1971,MetalSd,MetalSd,0.0,0.0,0.0,858.0,858.0,872,0,0,872,5,1974.0,480.0,0,0,0,0,0,0,0,6,WD ,123000
1669,20,,7340,NAmes,4,1971,1971,HdBoard,HdBoard,0.0,322.0,0.0,536.0,858.0,858,0,0,858,4,1979.0,684.0,0,0,0,0,0,0,0,6,WD ,110000
1670,20,,17199,NAmes,4,1961,1961,MetalSd,MetalSd,0.0,314.0,0.0,600.0,914.0,914,0,0,914,4,1961.0,270.0,140,0,0,0,0,0,0,7,WD ,128000
1671,20,60.0,9000,NAmes,4,1971,1971,HdBoard,HdBoard,0.0,616.0,0.0,248.0,864.0,864,0,0,864,5,1974.0,528.0,0,0,0,0,0,0,0,5,WD ,120500
1672,120,34.0,4058,NAmes,7,1998,1998,MetalSd,MetalSd,182.0,584.0,139.0,0.0,723.0,767,0,0,767,4,1998.0,367.0,120,40,0,0,0,0,0,6,WD ,133000
1673,120,33.0,4113,NAmes,6,2001,2001,MetalSd,MetalSd,0.0,0.0,0.0,1337.0,1337.0,1337,0,0,1337,5,2001.0,511.0,136,68,0,0,0,0,0,7,WD ,155000
1674,120,26.0,10943,NAmes,6,1997,1998,MetalSd,MetalSd,0.0,930.0,0.0,475.0,1405.0,1337,0,0,1337,5,1997.0,522.0,0,68,0,0,0,0,0,10,WD ,177000
1675,160,21.0,2205,BrDale,6,1973,1973,HdBoard,HdBoard,567.0,312.0,0.0,213.0,525.0,525,567,0,1092,6,1973.0,264.0,144,0,0,0,0,0,0,2,WD ,113500
1676,160,21.0,1890,BrDale,6,1973,1973,HdBoard,HdBoard,285.0,356.0,0.0,316.0,672.0,672,546,0,1218,7,1973.0,264.0,144,28,0,0,0,0,0,5,WD ,113000
1677,160,21.0,2058,BrDale,6,1973,1973,HdBoard,HdBoard,265.0,0.0,0.0,672.0,672.0,672,546,0,1218,7,1973.0,264.0,0,28,0,0,0,0,0,12,WD ,113700
1678,160,24.0,2016,BrDale,5,1970,1970,HdBoard,HdBoard,304.0,0.0,0.0,630.0,630.0,630,672,0,1302,6,1970.0,440.0,0,0,0,0,0,0,0,4,WD ,106000
1679,160,24.0,1920,BrDale,5,1971,1971,HdBoard,HdBoard,376.0,471.0,0.0,294.0,765.0,765,600,0,1365,6,1971.0,440.0,240,36,0,0,0,0,0,8,WD ,122500
1680,120,,4928,NPkVill,6,1976,1976,Plywood,Plywood,0.0,120.0,0.0,958.0,1078.0,958,0,0,958,5,1977.0,440.0,0,205,0,0,0,0,0,2,WD ,128000
1681,160,24.0,2308,NPkVill,6,1976,1976,Plywood,Brk Cmn,0.0,556.0,0.0,248.0,804.0,804,744,0,1548,7,1976.0,440.0,48,0,0,0,0,0,0,7,WD ,155000
1682,120,24.0,2304,NPkVill,7,1978,1978,Plywood,Brk Cmn,0.0,632.0,6.0,423.0,1061.0,1055,0,0,1055,4,1978.0,319.0,108,32,0,0,0,0,0,4,WD ,142500
1683,20,65.0,7150,NAmes,5,1966,1966,HdBoard,HdBoard,52.0,725.0,0.0,263.0,988.0,988,0,0,988,5,1974.0,360.0,0,0,0,0,0,0,0,11,WD ,129250
1684,20,96.0,12469,NridgHt,9,2006,2007,VinylSd,VinylSd,378.0,1151.0,0.0,639.0,1790.0,1816,0,0,1816,7,2007.0,730.0,186,36,0,0,0,0,0,8,New,356000
1685,20,90.0,11694,NridgHt,9,2007,2007,CemntBd,CmentBd,452.0,48.0,0.0,1774.0,1822.0,1828,0,0,1828,9,2007.0,774.0,0,108,0,0,260,0,0,7,New,314813
1686,20,93.0,12030,NridgHt,8,2007,2007,VinylSd,VinylSd,254.0,0.0,0.0,1694.0,1694.0,1694,0,0,1694,7,2007.0,818.0,168,228,0,0,0,0,0,12,New,318000
1687,20,91.0,11825,NridgHt,8,2006,2007,CemntBd,CmentBd,302.0,0.0,0.0,1694.0,1694.0,1694,0,0,1694,7,2006.0,856.0,0,112,0,0,0,0,0,6,New,322400
1688,20,93.0,12085,NridgHt,8,2007,2007,VinylSd,VinylSd,328.0,1004.0,0.0,730.0,1734.0,1734,0,0,1734,7,2007.0,928.0,0,0,0,0,0,0,0,11,New,318000
1689,20,110.0,14333,NridgHt,8,2007,2007,VinylSd,VinylSd,0.0,1518.0,0.0,590.0,2108.0,2122,0,0,2122,7,2007.0,938.0,130,142,0,0,0,0,0,11,New,345474
1690,20,107.0,14450,NridgHt,9,2006,2007,CemntBd,CmentBd,315.0,0.0,0.0,2121.0,2121.0,2121,0,0,2121,8,2007.0,732.0,124,98,0,0,142,0,0,5,New,415298
1691,60,107.0,13641,NridgHt,9,2007,2007,CemntBd,CmentBd,456.0,1304.0,0.0,630.0,1934.0,1943,713,0,2656,8,2007.0,1040.0,268,58,0,0,0,0,0,12,New,492000
1692,60,110.0,13440,NridgHt,8,2006,2007,VinylSd,VinylSd,190.0,0.0,0.0,1108.0,1108.0,1148,1402,0,2550,11,2006.0,670.0,120,39,0,0,0,0,0,3,New,338931
1693,20,105.0,15431,NridgHt,10,2005,2006,VinylSd,VinylSd,400.0,1430.0,0.0,564.0,1994.0,2046,0,0,2046,7,2005.0,878.0,188,65,0,0,175,0,0,8,WD ,450000
1694,60,109.0,14154,NridgHt,7,2006,2006,VinylSd,VinylSd,350.0,0.0,0.0,1063.0,1063.0,1071,1101,0,2172,9,2006.0,947.0,192,62,0,0,0,0,0,8,New,280000
1695,20,107.0,13891,NridgHt,9,2007,2007,VinylSd,VinylSd,456.0,1812.0,0.0,740.0,2552.0,2552,0,0,2552,8,2007.0,932.0,130,28,0,0,0,0,0,10,New,479069
1696,20,110.0,14226,NridgHt,8,2006,2006,VinylSd,VinylSd,375.0,0.0,0.0,1935.0,1935.0,1973,0,0,1973,9,2006.0,895.0,315,45,0,0,0,0,0,7,New,395000
1697,60,105.0,13693,NridgHt,9,2006,2006,VinylSd,VinylSd,772.0,0.0,0.0,2153.0,2153.0,2069,574,0,2643,9,2006.0,694.0,414,84,0,0,0,0,0,3,WD ,380000
1698,20,98.0,11428,NridgHt,8,2006,2006,VinylSd,VinylSd,248.0,0.0,0.0,1626.0,1626.0,1634,0,0,1634,7,2006.0,866.0,0,44,0,0,0,0,0,5,WD ,250000
1699,20,110.0,14977,NridgHt,8,2006,2007,VinylSd,VinylSd,304.0,1350.0,0.0,626.0,1976.0,1976,0,0,1976,7,2006.0,908.0,250,63,0,0,0,0,0,7,New,440000
1700,60,118.0,13654,NridgHt,9,2005,2006,MetalSd,MetalSd,365.0,0.0,0.0,1704.0,1704.0,1722,1036,0,2758,9,2005.0,814.0,282,55,0,0,0,0,0,5,WD ,418000
1701,20,59.0,17169,NridgHt,10,2007,2007,CemntBd,CmentBd,970.0,1684.0,0.0,636.0,2320.0,2290,0,0,2290,7,2007.0,1174.0,192,30,0,0,0,0,0,8,New,500067
1702,60,134.0,16659,NridgHt,8,2007,2008,VinylSd,VinylSd,0.0,0.0,0.0,1582.0,1582.0,1582,570,0,2152,7,2007.0,728.0,0,368,0,0,0,0,0,6,New,260116
1703,60,76.0,9591,NridgHt,8,2004,2005,VinylSd,VinylSd,344.0,0.0,0.0,1143.0,1143.0,1143,1330,0,2473,9,2004.0,852.0,192,151,0,0,0,0,0,10,WD ,317000
1704,60,82.0,9709,NridgHt,8,2007,2007,VinylSd,VinylSd,120.0,778.0,0.0,140.0,918.0,958,1142,0,2100,8,2007.0,786.0,172,104,0,0,0,0,0,9,New,319500
1705,60,86.0,10562,NridgHt,8,2007,2007,VinylSd,VinylSd,300.0,1288.0,0.0,294.0,1582.0,1610,551,0,2161,8,2007.0,789.0,178,120,0,0,0,0,0,11,New,325624
1706,20,94.0,13615,NridgHt,9,2006,2006,MetalSd,MetalSd,510.0,0.0,0.0,1802.0,1802.0,1802,0,0,1802,7,2006.0,843.0,158,105,0,0,0,0,0,6,WD ,372000
1707,60,99.0,13069,NridgHt,8,2004,2004,VinylSd,VinylSd,502.0,0.0,0.0,1706.0,1706.0,1718,1238,0,2956,11,2004.0,916.0,194,50,0,0,0,0,0,8,WD ,342000
1708,60,99.0,12099,NridgHt,8,2004,2004,VinylSd,VinylSd,388.0,970.0,0.0,166.0,1136.0,1136,1332,0,2468,10,2004.0,872.0,184,154,0,0,0,0,0,6,WD ,354000
1709,60,110.0,14277,NridgHt,8,2003,2003,VinylSd,VinylSd,280.0,938.0,0.0,379.0,1317.0,1217,1168,0,2385,7,2003.0,818.0,192,228,0,0,0,0,0,1,WD ,350000
1710,60,93.0,11999,NridgHt,8,2003,2004,VinylSd,VinylSd,340.0,0.0,0.0,1181.0,1181.0,1234,1140,0,2374,10,2003.0,656.0,104,100,0,0,0,0,0,5,WD ,285000
1711,60,,12568,NridgHt,8,2007,2007,VinylSd,VinylSd,246.0,669.0,0.0,226.0,895.0,895,923,0,1818,8,2007.0,774.0,196,104,0,0,0,0,0,8,New,281500
1712,20,70.0,9926,NridgHt,7,2005,2006,VinylSd,VinylSd,210.0,1178.0,0.0,436.0,1614.0,1614,0,0,1614,7,2005.0,878.0,100,38,0,0,0,0,0,5,WD ,245700
1713,20,71.0,9254,NridgHt,8,2005,2005,VinylSd,VinylSd,210.0,119.0,0.0,1602.0,1721.0,1721,0,0,1721,7,2005.0,554.0,168,27,0,0,0,0,0,1,WD ,232698
1714,60,92.0,10732,NridgHt,8,2006,2007,VinylSd,VinylSd,0.0,0.0,0.0,1298.0,1298.0,1298,530,0,1828,7,2006.0,876.0,0,40,0,0,0,0,0,2,New,250000
1715,120,61.0,7577,NridgHt,6,2005,2006,VinylSd,VinylSd,256.0,20.0,0.0,1342.0,1362.0,1362,0,0,1362,6,2005.0,460.0,192,28,0,0,0,0,0,6,WD ,194700
1716,120,34.0,3901,NridgHt,6,2005,2006,VinylSd,VinylSd,182.0,866.0,0.0,436.0,1302.0,1302,0,0,1302,5,2005.0,631.0,110,50,0,0,0,0,0,8,New,204000
1717,120,34.0,3903,NridgHt,6,2005,2006,VinylSd,VinylSd,182.0,1030.0,0.0,272.0,1302.0,1302,0,0,1302,5,2005.0,631.0,110,50,0,0,0,0,0,5,WD ,200000
1718,120,41.0,6289,NridgHt,6,2005,2006,VinylSd,VinylSd,256.0,762.0,0.0,600.0,1362.0,1362,0,0,1362,6,2005.0,460.0,192,28,0,0,0,0,0,6,WD ,207000
1719,120,34.0,4590,NridgHt,8,2006,2006,VinylSd,VinylSd,108.0,24.0,0.0,1530.0,1554.0,1554,0,0,1554,6,2006.0,627.0,156,73,0,0,0,0,0,8,WD ,209500
1720,120,34.0,4590,NridgHt,8,2006,2006,VinylSd,VinylSd,108.0,24.0,0.0,1530.0,1554.0,1554,0,0,1554,6,2006.0,627.0,156,73,0,0,0,0,0,5,CWD,209500
1721,120,44.0,6442,NridgHt,8,2006,2006,VinylSd,VinylSd,178.0,24.0,0.0,1346.0,1370.0,1370,0,0,1370,6,2006.0,484.0,120,49,0,0,0,0,0,10,WD ,202500
1722,120,48.0,7841,NridgHt,9,2005,2005,MetalSd,MetalSd,394.0,848.0,0.0,729.0,1577.0,1577,0,0,1577,6,2005.0,564.0,203,39,0,0,0,0,0,5,WD ,280000
1723,120,60.0,7313,NridgHt,9,2005,2005,MetalSd,MetalSd,246.0,1153.0,0.0,408.0,1561.0,1561,0,0,1561,6,2005.0,556.0,203,47,0,0,0,0,0,8,WD ,277500
1724,120,68.0,7820,NridgHt,9,2007,2007,MetalSd,MetalSd,362.0,0.0,0.0,1869.0,1869.0,1869,0,0,1869,6,2007.0,617.0,210,54,0,0,0,0,0,12,New,318061
1725,120,48.0,6240,NridgHt,8,2006,2006,MetalSd,MetalSd,176.0,24.0,0.0,1300.0,1324.0,1324,0,0,1324,6,2006.0,550.0,0,38,0,0,0,0,0,9,New,221370
1726,120,48.0,3242,NridgHt,7,2003,2003,VinylSd,Wd Shng,235.0,1000.0,0.0,405.0,1405.0,1405,0,0,1405,6,2003.0,478.0,136,36,0,0,0,0,0,3,WD ,200000
1727,60,59.0,15810,Gilbert,6,2007,2007,VinylSd,VinylSd,,0.0,0.0,768.0,768.0,768,728,0,1496,7,2007.0,572.0,100,0,0,0,0,0,0,5,New,181755
1728,60,65.0,10237,Gilbert,6,2005,2006,VinylSd,VinylSd,0.0,0.0,0.0,768.0,768.0,768,768,0,1536,6,2005.0,400.0,100,38,0,0,0,0,0,6,WD ,176000
1729,60,65.0,10237,Gilbert,6,2005,2007,VinylSd,VinylSd,0.0,0.0,0.0,783.0,783.0,783,701,0,1484,8,2005.0,393.0,0,72,0,0,0,0,0,7,New,178900
1730,60,58.0,13204,Gilbert,7,2006,2007,VinylSd,VinylSd,44.0,0.0,0.0,608.0,608.0,608,850,0,1458,6,2007.0,454.0,100,33,0,0,0,0,0,5,New,168165
1731,60,62.0,8857,Gilbert,6,2006,2006,VinylSd,VinylSd,0.0,0.0,0.0,738.0,738.0,738,757,0,1495,7,2006.0,440.0,100,30,0,0,0,0,0,3,New,171925
1732,60,63.0,9729,Gilbert,6,2006,2007,VinylSd,VinylSd,0.0,0.0,0.0,698.0,698.0,698,1048,0,1746,6,2007.0,350.0,0,34,0,0,0,0,0,6,New,198444
1733,20,88.0,12216,Gilbert,6,2005,2005,VinylSd,VinylSd,0.0,918.0,0.0,408.0,1326.0,1326,0,0,1326,6,2005.0,388.0,120,23,0,0,0,0,2000,6,WD ,203000
1734,60,65.0,9018,Gilbert,7,2007,2007,VinylSd,VinylSd,0.0,0.0,0.0,728.0,728.0,728,728,0,1456,8,2007.0,400.0,100,24,0,0,0,0,0,7,New,179540
1735,20,73.0,8993,Gilbert,7,2007,2007,VinylSd,VinylSd,0.0,0.0,0.0,1302.0,1302.0,1302,0,0,1302,6,2007.0,436.0,0,22,0,0,0,0,0,8,New,176485
1736,20,73.0,8899,Gilbert,7,2007,2007,VinylSd,VinylSd,0.0,24.0,0.0,1316.0,1340.0,1340,0,0,1340,6,2007.0,396.0,100,30,0,0,0,0,0,8,New,181134
1737,60,73.0,8499,Gilbert,6,2006,2007,VinylSd,VinylSd,0.0,0.0,0.0,616.0,616.0,616,796,0,1412,6,2007.0,432.0,0,36,0,0,0,0,0,3,New,156932
1738,60,72.0,8229,Gilbert,6,2007,2007,VinylSd,VinylSd,22.0,0.0,0.0,752.0,752.0,752,752,0,1504,6,2007.0,440.0,100,32,0,0,0,0,0,12,New,166000
1739,60,64.0,7713,Gilbert,7,2007,2007,VinylSd,VinylSd,16.0,0.0,0.0,728.0,728.0,728,728,0,1456,7,2007.0,400.0,100,24,0,0,0,0,0,7,New,177594
1740,20,64.0,7697,Gilbert,7,2007,2007,VinylSd,VinylSd,0.0,0.0,0.0,1246.0,1246.0,1258,0,0,1258,6,2007.0,462.0,0,0,0,0,0,0,0,8,New,173500
1741,120,53.0,3922,Blmngtn,7,2006,2007,WdShing,Wd Shng,72.0,0.0,0.0,1258.0,1258.0,1258,0,0,1258,6,2007.0,648.0,144,16,0,0,0,0,0,6,New,172500
1742,120,53.0,3922,Blmngtn,7,2006,2007,VinylSd,VinylSd,72.0,0.0,0.0,1258.0,1258.0,1402,0,0,1402,7,2006.0,648.0,120,16,0,0,0,0,0,2,New,194201
1743,120,,3621,Blmngtn,8,2003,2003,VinylSd,VinylSd,72.0,1084.0,0.0,322.0,1406.0,1589,0,0,1589,7,2003.0,630.0,143,20,0,0,0,0,0,11,WD ,226500
1744,20,53.0,3710,Blmngtn,7,2007,2007,VinylSd,VinylSd,16.0,0.0,0.0,1266.0,1266.0,1266,0,0,1266,6,2007.0,388.0,100,16,0,0,0,0,0,8,New,185485
1745,20,182.0,14572,Gilbert,7,2004,2004,VinylSd,VinylSd,0.0,1300.0,0.0,230.0,1530.0,1530,0,0,1530,7,2004.0,630.0,144,36,0,0,0,0,0,11,WD ,259000
1746,80,65.0,16219,Gilbert,7,2004,2005,VinylSd,VinylSd,0.0,779.0,0.0,56.0,835.0,1119,0,0,1119,5,2004.0,437.0,100,24,0,0,0,0,0,4,WD ,188500
1747,80,87.0,11084,Gilbert,7,2004,2004,VinylSd,VinylSd,0.0,192.0,0.0,192.0,384.0,744,630,0,1374,8,2004.0,400.0,100,0,0,0,0,0,0,6,WD ,175000
1748,60,59.0,11796,Gilbert,7,2004,2005,VinylSd,VinylSd,0.0,0.0,0.0,847.0,847.0,847,1112,0,1959,8,2004.0,434.0,100,48,0,0,0,0,0,7,WD ,215000
1749,20,59.0,10936,Gilbert,7,2006,2006,VinylSd,VinylSd,0.0,0.0,0.0,1510.0,1510.0,1525,0,0,1525,6,2006.0,534.0,100,18,0,0,0,0,0,4,New,206580
1750,60,62.0,8244,Gilbert,7,2004,2004,VinylSd,VinylSd,0.0,0.0,0.0,840.0,840.0,840,880,0,1720,7,2004.0,440.0,100,48,0,0,0,0,0,5,WD ,183500
1751,80,,11950,Gilbert,7,2003,2003,VinylSd,VinylSd,,0.0,0.0,384.0,384.0,754,640,0,1394,7,2003.0,400.0,100,0,0,0,0,0,0,10,WD ,165500
1752,60,63.0,7875,Gilbert,7,2003,2003,VinylSd,VinylSd,16.0,0.0,0.0,847.0,847.0,847,1101,0,1948,8,2003.0,434.0,0,48,0,0,0,0,0,7,WD ,211000
1753,60,,8063,Gilbert,6,2000,2000,VinylSd,VinylSd,0.0,0.0,0.0,924.0,924.0,948,742,0,1690,7,2000.0,463.0,100,48,0,0,0,0,0,11,WD ,181000
1754,60,,8740,Gilbert,7,2002,2002,VinylSd,VinylSd,0.0,574.0,0.0,280.0,854.0,864,1131,0,1995,8,2002.0,435.0,264,48,0,0,0,0,0,7,WD ,219500
1755,60,62.0,7917,Gilbert,6,1999,2000,VinylSd,VinylSd,0.0,0.0,0.0,953.0,953.0,953,694,0,1647,7,1999.0,460.0,0,40,0,0,0,0,0,8,WD ,175000
1756,80,76.0,9967,Gilbert,7,2000,2000,VinylSd,VinylSd,0.0,0.0,0.0,384.0,384.0,774,656,0,1430,8,2000.0,400.0,100,0,0,0,0,0,0,12,WD ,170000
1757,60,,7750,Gilbert,7,2003,2003,VinylSd,VinylSd,0.0,0.0,0.0,660.0,660.0,660,660,0,1320,6,2003.0,400.0,0,48,0,0,0,0,0,8,WD ,162000
1758,60,58.0,9487,Gilbert,6,2000,2000,VinylSd,VinylSd,0.0,520.0,0.0,395.0,915.0,940,750,0,1690,7,2000.0,442.0,0,50,0,0,0,0,0,6,WD ,187000
1759,60,59.0,9649,Gilbert,6,1999,2000,VinylSd,VinylSd,0.0,0.0,0.0,941.0,941.0,961,683,0,1644,7,1999.0,460.0,460,42,0,0,0,0,0,5,WD ,185000
1760,60,160.0,15623,NoRidge,10,1996,1996,Wd Sdng,ImStucc,0.0,2096.0,0.0,300.0,2396.0,2411,2065,0,4476,10,1996.0,813.0,171,78,0,0,0,555,0,7,WD ,745000
1761,60,100.0,12191,NoRidge,8,1997,1998,VinylSd,VinylSd,515.0,1181.0,0.0,598.0,1779.0,1779,772,0,2551,8,1998.0,925.0,76,61,0,0,0,0,0,6,WD ,384500
1762,60,,11000,NoRidge,8,2000,2000,VinylSd,VinylSd,72.0,0.0,0.0,969.0,969.0,997,1288,0,2285,8,2000.0,648.0,0,56,0,0,0,0,0,6,WD ,248000
1763,20,,11400,NoRidge,10,2001,2002,VinylSd,VinylSd,705.0,1282.0,0.0,1351.0,2633.0,2633,0,0,2633,8,2001.0,804.0,314,140,0,0,0,0,0,3,WD ,466500
1764,60,89.0,10557,NoRidge,9,1998,1998,MetalSd,MetalSd,422.0,672.0,0.0,736.0,1408.0,1671,1407,0,3078,9,1998.0,806.0,108,87,0,0,0,0,0,7,WD ,410000
1765,60,74.0,11002,NoRidge,8,1998,1999,VinylSd,VinylSd,0.0,1048.0,0.0,341.0,1389.0,1411,1171,0,2582,9,1998.0,758.0,286,60,0,0,0,0,0,1,WD ,322500
1766,60,83.0,10790,NoRidge,7,1998,1998,VinylSd,VinylSd,275.0,0.0,0.0,1066.0,1066.0,1108,1277,0,2385,8,1998.0,600.0,120,38,0,0,0,0,0,5,WD ,252000
1767,60,104.0,21535,NoRidge,10,1994,1995,HdBoard,HdBoard,1170.0,1455.0,0.0,989.0,2444.0,2444,1872,0,4316,10,1994.0,832.0,382,50,0,0,0,0,0,1,WD ,755000
1768,60,92.0,9920,NoRidge,7,1996,1997,MetalSd,MetalSd,0.0,862.0,0.0,255.0,1117.0,1127,886,0,2013,8,1997.0,455.0,180,130,0,0,0,0,0,6,WD ,269790
1769,60,95.0,11787,NoRidge,7,1996,1997,VinylSd,VinylSd,594.0,719.0,0.0,660.0,1379.0,1383,1015,0,2398,8,1996.0,834.0,239,60,0,0,0,0,0,8,WD ,315750
1770,60,82.0,9950,NoRidge,7,1995,1995,VinylSd,VinylSd,290.0,565.0,0.0,638.0,1203.0,1214,1306,0,2520,9,1995.0,721.0,224,114,0,0,0,0,0,6,WD ,290000
1771,60,65.0,12257,NoRidge,8,1995,1995,VinylSd,VinylSd,513.0,56.0,64.0,1198.0,1318.0,1328,1203,0,2531,9,1995.0,752.0,222,98,0,0,0,0,0,11,WD ,290000
1772,20,,12692,NoRidge,8,1992,1993,BrkFace,BrkFace,0.0,1231.0,0.0,1969.0,3200.0,3228,0,0,3228,10,1992.0,546.0,264,75,291,0,0,0,0,5,WD ,430000
1773,60,88.0,11762,NoRidge,8,1992,1993,VinylSd,VinylSd,309.0,335.0,0.0,770.0,1105.0,1105,1097,0,2202,9,1992.0,517.0,0,65,0,0,144,0,0,9,WD ,263000
1774,60,82.0,9044,NoRidge,8,1996,1997,VinylSd,VinylSd,526.0,1225.0,0.0,100.0,1325.0,1335,1203,0,2538,8,1996.0,933.0,198,92,0,0,0,0,0,5,WD ,330000
1775,20,75.0,9910,Somerst,7,2007,2007,VinylSd,VinylSd,0.0,0.0,0.0,1369.0,1369.0,1369,0,0,1369,5,2007.0,605.0,0,203,0,0,0,0,0,9,New,213133
1776,20,91.0,11830,Somerst,8,2007,2007,VinylSd,VinylSd,164.0,1220.0,0.0,322.0,1542.0,1542,0,0,1542,6,2007.0,852.0,168,110,0,0,0,0,0,7,New,260261
1777,20,84.0,11670,Somerst,9,2006,2006,VinylSd,ImStucc,302.0,0.0,0.0,1905.0,1905.0,1905,0,0,1905,8,2006.0,788.0,0,191,0,0,0,0,0,3,WD ,320000
1778,20,49.0,15256,Somerst,8,2007,2007,VinylSd,VinylSd,84.0,929.0,0.0,556.0,1485.0,1464,0,0,1464,6,2007.0,754.0,168,160,0,0,0,0,0,8,WD ,282922
1779,20,76.0,10612,Somerst,8,2006,2006,VinylSd,VinylSd,248.0,28.0,0.0,1496.0,1524.0,1534,0,0,1534,7,2006.0,484.0,168,46,0,0,0,0,0,1,WD ,215000
1780,20,98.0,12291,Somerst,10,2007,2007,CemntBd,CmentBd,754.0,1572.0,0.0,394.0,1966.0,1966,0,0,1966,6,2007.0,1092.0,76,52,0,0,0,0,0,10,New,419005
1781,20,116.0,13501,Somerst,8,2006,2006,VinylSd,VinylSd,208.0,63.0,0.0,1560.0,1623.0,1636,0,0,1636,8,2006.0,865.0,0,60,0,0,0,0,0,6,WD ,255000
1782,20,75.0,9986,Somerst,8,2006,2007,VinylSd,VinylSd,428.0,0.0,0.0,1795.0,1795.0,1795,0,0,1795,7,2007.0,895.0,0,49,0,0,0,0,0,2,New,147000
1783,20,85.0,9965,Somerst,7,2007,2007,VinylSd,VinylSd,,0.0,0.0,1528.0,1528.0,1528,0,0,1528,6,2007.0,480.0,0,228,0,0,0,0,0,9,New,235876
1784,20,79.0,9416,Somerst,7,2007,2007,CemntBd,CmentBd,205.0,1126.0,0.0,600.0,1726.0,1726,0,0,1726,8,2007.0,786.0,171,138,0,0,266,0,0,9,New,311872
1785,20,83.0,9849,Somerst,7,2007,2007,VinylSd,VinylSd,0.0,0.0,0.0,1689.0,1689.0,1689,0,0,1689,7,2007.0,954.0,0,56,0,0,0,0,0,6,New,248328
1786,20,85.0,10000,Somerst,8,2006,2006,VinylSd,VinylSd,410.0,0.0,0.0,1588.0,1588.0,1588,0,0,1588,7,2006.0,825.0,144,45,0,0,0,0,0,12,WD ,227000
1787,20,74.0,8847,Somerst,8,2005,2005,VinylSd,VinylSd,148.0,769.0,0.0,769.0,1538.0,1538,0,0,1538,7,2005.0,484.0,146,40,0,0,0,0,0,12,WD ,260000
1788,20,76.0,9158,Somerst,8,2007,2007,CemntBd,CmentBd,140.0,0.0,0.0,1496.0,1496.0,1496,0,0,1496,7,2007.0,474.0,168,130,0,0,0,0,0,6,New,225000
1789,20,70.0,8251,Somerst,7,2005,2006,VinylSd,VinylSd,143.0,778.0,0.0,716.0,1494.0,1506,0,0,1506,7,2005.0,672.0,192,35,0,0,0,0,0,4,WD ,249000
1790,20,75.0,10084,Somerst,8,2004,2005,VinylSd,VinylSd,186.0,1369.0,0.0,317.0,1686.0,1694,0,0,1694,7,2004.0,636.0,255,57,0,0,0,0,0,8,WD ,307000
1791,60,70.0,9605,Somerst,7,2006,2006,VinylSd,VinylSd,0.0,0.0,0.0,982.0,982.0,982,995,0,1977,7,2006.0,574.0,240,53,0,0,0,0,0,7,WD ,250000
1792,60,75.0,8778,Somerst,8,2006,2006,VinylSd,VinylSd,0.0,0.0,0.0,1302.0,1302.0,1302,528,0,1830,7,2006.0,859.0,0,40,0,0,0,0,0,3,WD ,221300
1793,20,72.0,8640,Somerst,8,2007,2007,VinylSd,VinylSd,0.0,24.0,0.0,1314.0,1338.0,1338,0,0,1338,6,2007.0,598.0,0,141,0,0,0,0,0,11,New,208900
1794,20,75.0,9000,Somerst,7,2006,2007,VinylSd,VinylSd,0.0,0.0,0.0,1335.0,1335.0,1335,0,0,1335,6,2007.0,575.0,0,210,0,0,0,0,0,6,New,210400
1795,60,72.0,8640,Somerst,8,2007,2007,VinylSd,VinylSd,0.0,350.0,0.0,546.0,896.0,896,896,0,1792,8,2007.0,590.0,184,96,0,0,0,0,0,11,New,255000
1796,60,81.0,10411,Somerst,5,2007,2007,VinylSd,VinylSd,0.0,0.0,0.0,725.0,725.0,725,863,0,1588,8,2007.0,561.0,0,0,0,0,0,0,0,7,New,212109
1797,60,75.0,9000,Somerst,8,2006,2006,VinylSd,VinylSd,0.0,0.0,0.0,1088.0,1088.0,1088,871,0,1959,8,2006.0,1025.0,208,46,0,0,0,0,0,12,WD ,270000
1798,60,75.0,9000,Somerst,8,2007,2007,CemntBd,CmentBd,0.0,64.0,0.0,1120.0,1184.0,1184,1426,0,2610,11,2007.0,550.0,208,364,0,0,0,0,0,8,New,303477
1799,60,112.0,12217,Somerst,8,2007,2007,WdShing,Wd Shng,,745.0,0.0,210.0,955.0,955,925,0,1880,8,2007.0,880.0,168,127,0,0,0,0,0,12,New,310013
1800,20,84.0,11096,Somerst,8,2006,2006,VinylSd,VinylSd,0.0,24.0,0.0,1632.0,1656.0,1656,0,0,1656,7,2006.0,826.0,0,146,0,0,0,0,0,7,WD ,249700
1801,60,84.0,10207,Somerst,7,2007,2007,VinylSd,VinylSd,0.0,0.0,0.0,874.0,874.0,874,887,0,1761,7,2007.0,578.0,144,105,0,0,0,0,0,8,New,227875
1802,20,84.0,10440,Somerst,8,2007,2007,CemntBd,CmentBd,0.0,0.0,0.0,1574.0,1574.0,1584,0,0,1584,6,2007.0,594.0,0,256,0,0,0,0,0,5,New,261329
1803,20,100.0,11824,Somerst,8,2006,2006,VinylSd,VinylSd,298.0,0.0,0.0,1685.0,1685.0,1685,0,0,1685,5,2006.0,658.0,112,63,0,0,0,0,0,4,WD ,253000
1804,60,85.0,10625,Somerst,6,2004,2004,VinylSd,VinylSd,353.0,0.0,0.0,1158.0,1158.0,1158,1285,0,2443,9,2004.0,744.0,193,127,0,0,0,0,0,6,WD ,265000
1805,60,102.0,11143,Somerst,8,2004,2005,CemntBd,CmentBd,0.0,0.0,0.0,1580.0,1580.0,1580,886,0,2466,8,2004.0,610.0,159,214,0,0,0,0,0,12,WD ,340000
1806,20,63.0,7500,SawyerW,6,2006,2007,VinylSd,VinylSd,0.0,0.0,0.0,1100.0,1100.0,1100,0,0,1100,6,,0.0,0,136,0,0,0,0,0,6,New,146000
1807,20,63.0,7500,SawyerW,7,2006,2006,VinylSd,VinylSd,0.0,0.0,0.0,1143.0,1143.0,1143,0,0,1143,5,,0.0,0,55,0,0,0,0,0,10,WD ,147000
1808,20,60.0,12450,SawyerW,5,2003,2004,VinylSd,VinylSd,126.0,729.0,0.0,365.0,1094.0,1094,0,0,1094,6,2004.0,576.0,0,0,0,0,0,0,0,5,WD ,149000
1809,20,65.0,7441,SawyerW,7,2006,2006,VinylSd,VinylSd,170.0,0.0,0.0,1461.0,1461.0,1486,0,0,1486,7,2006.0,566.0,0,32,0,0,0,0,0,6,WD ,181000
1810,60,70.0,8462,SawyerW,6,1994,1994,HdBoard,HdBoard,105.0,814.0,0.0,114.0,928.0,936,785,0,1721,7,1994.0,471.0,300,87,0,0,0,0,0,7,WD ,201000
1811,60,,11613,SawyerW,6,1993,1997,VinylSd,VinylSd,0.0,480.0,0.0,384.0,864.0,920,900,0,1820,7,1993.0,492.0,144,85,0,0,0,0,0,5,WD ,191750
1812,20,65.0,8450,SawyerW,7,2000,2001,VinylSd,VinylSd,108.0,0.0,0.0,1349.0,1349.0,1349,0,0,1349,6,2000.0,539.0,120,55,0,0,0,0,0,12,WD ,179000
1813,20,,16196,SawyerW,7,1998,1998,VinylSd,VinylSd,0.0,1443.0,0.0,39.0,1482.0,1494,0,0,1494,5,1998.0,514.0,402,25,0,0,0,0,0,8,WD ,215000
1814,120,50.0,8012,SawyerW,6,1992,1992,Plywood,ImStucc,0.0,430.0,0.0,1145.0,1575.0,1575,0,0,1575,5,1992.0,529.0,0,0,52,0,0,0,0,7,WD ,179200
1815,160,50.0,8012,SawyerW,6,1980,1980,Plywood,Plywood,0.0,0.0,0.0,630.0,630.0,630,636,0,1266,5,1980.0,283.0,340,0,0,0,0,0,0,7,WD ,128000
1816,85,,9180,SawyerW,5,1983,1983,HdBoard,HdBoard,0.0,747.0,93.0,0.0,840.0,884,0,0,884,5,1983.0,504.0,240,0,0,0,0,0,0,12,WD ,144000
1817,90,60.0,8400,SawyerW,5,1977,1977,Plywood,Plywood,320.0,0.0,0.0,0.0,0.0,2020,0,0,2020,10,1977.0,630.0,0,0,0,0,0,0,0,10,WD ,144000
1818,20,64.0,6285,Sawyer,5,1977,1977,Plywood,Plywood,0.0,138.0,351.0,405.0,894.0,894,0,0,894,5,1979.0,308.0,192,0,0,0,0,0,0,3,WD ,120750
1819,20,80.0,8480,Sawyer,5,1963,1963,HdBoard,HdBoard,0.0,630.0,0.0,340.0,970.0,970,0,0,970,5,1996.0,624.0,0,24,0,0,192,0,0,7,WD ,132500
1820,20,70.0,7420,Sawyer,5,1962,1962,MetalSd,MetalSd,0.0,417.0,0.0,640.0,1057.0,1057,0,0,1057,6,1977.0,576.0,0,0,0,0,0,0,0,4,WD ,132000
1821,20,,7758,Sawyer,5,1962,2001,HdBoard,Plywood,0.0,588.0,0.0,411.0,999.0,999,0,0,999,6,1963.0,264.0,0,132,0,0,0,0,0,3,WD ,132500
1822,20,85.0,6970,Sawyer,4,1961,1961,VinylSd,VinylSd,0.0,932.0,0.0,108.0,1040.0,1120,0,0,1120,5,1961.0,544.0,168,0,0,0,0,0,400,5,WD ,129000
1823,20,40.0,13673,Sawyer,5,1962,1962,HdBoard,HdBoard,0.0,0.0,0.0,1140.0,1140.0,1696,0,0,1696,8,1962.0,349.0,0,30,0,0,0,0,0,3,WD ,143900
1824,20,84.0,7476,Sawyer,5,1968,1968,HdBoard,HdBoard,0.0,812.0,0.0,228.0,1040.0,1040,0,0,1040,5,1991.0,686.0,188,0,0,0,0,0,0,6,WD ,145000
1825,20,,9945,Sawyer,5,1961,1961,Wd Sdng,Wd Sdng,57.0,827.0,0.0,161.0,988.0,988,0,0,988,5,1963.0,572.0,0,0,0,0,0,0,0,10,WD ,128500
1826,20,,6173,Sawyer,5,1967,1967,HdBoard,Wd Sdng,75.0,599.0,0.0,277.0,876.0,902,0,0,902,6,1967.0,288.0,0,0,0,0,0,0,0,8,WD ,125500
1827,60,,19522,Veenker,7,1990,1990,HdBoard,HdBoard,272.0,727.0,0.0,496.0,1223.0,1271,1232,0,2503,7,1990.0,564.0,0,99,0,0,182,0,0,2,WD ,300000
1828,60,,17542,Veenker,7,1974,2003,Wd Sdng,Wd Sdng,0.0,125.0,1031.0,36.0,1192.0,1516,651,0,2167,9,1974.0,518.0,220,47,0,0,0,0,0,7,WD ,294000
1829,20,44.0,10751,Sawyer,5,1974,1974,Plywood,Plywood,44.0,787.0,0.0,250.0,1037.0,1037,0,0,1037,5,1974.0,431.0,136,47,0,0,0,0,0,8,WD ,129000
1830,85,,16647,Sawyer,5,1975,1981,HdBoard,HdBoard,0.0,1390.0,0.0,0.0,1390.0,1701,0,0,1701,6,1975.0,611.0,0,0,0,0,0,0,0,1,WD ,171000
1831,20,43.0,12712,Sawyer,6,1973,2006,CemntBd,CmentBd,0.0,968.0,0.0,76.0,1044.0,1055,0,0,1055,5,1973.0,542.0,455,0,0,0,0,0,0,1,WD ,147000
1832,60,,9572,NoRidge,8,1990,1990,Wd Sdng,Wd Sdng,336.0,482.0,0.0,971.0,1453.0,1453,1357,0,2810,9,1990.0,750.0,500,0,0,0,0,0,0,6,WD ,302000
1833,50,85.0,10678,NoRidge,8,1992,2000,HdBoard,HdBoard,337.0,700.0,0.0,983.0,1683.0,2129,743,0,2872,9,1992.0,541.0,0,33,0,0,0,0,0,4,WD ,285000
1834,120,45.0,4379,Somerst,8,2004,2004,MetalSd,MetalSd,0.0,851.0,0.0,527.0,1378.0,1378,0,0,1378,6,2004.0,540.0,160,56,0,0,0,0,0,7,WD ,214000
1835,120,80.0,3523,Somerst,8,2006,2007,VinylSd,VinylSd,30.0,60.0,0.0,1081.0,1141.0,1151,0,0,1151,5,2006.0,484.0,0,60,0,0,0,0,0,2,New,166000
1836,120,32.0,3784,Somerst,8,2006,2007,VinylSd,VinylSd,36.0,60.0,0.0,1451.0,1511.0,1565,0,0,1565,5,2006.0,476.0,0,120,0,0,0,0,0,2,New,193800
1837,120,47.0,4230,Somerst,7,2006,2007,VinylSd,VinylSd,0.0,0.0,0.0,1352.0,1352.0,1352,0,0,1352,5,2006.0,466.0,0,241,0,0,0,0,0,4,New,208900
1838,120,40.0,3606,Somerst,7,2006,2007,VinylSd,VinylSd,0.0,937.0,0.0,415.0,1352.0,1352,0,0,1352,5,2006.0,466.0,0,241,0,0,0,0,0,8,New,194000
1839,120,30.0,5330,Somerst,8,2006,2007,VinylSd,VinylSd,,0.0,0.0,1550.0,1550.0,1550,0,0,1550,5,2007.0,528.0,0,102,0,0,0,0,0,7,New,207500
1840,120,35.0,4274,Somerst,7,2006,2007,VinylSd,VinylSd,,1106.0,0.0,135.0,1241.0,1241,0,0,1241,4,2007.0,569.0,0,116,0,0,0,0,0,11,New,199900
1841,160,35.0,4251,Somerst,7,2006,2007,MetalSd,MetalSd,0.0,0.0,0.0,625.0,625.0,625,625,0,1250,5,2006.0,528.0,0,54,0,0,0,0,0,6,New,164700
1842,160,24.0,2280,Somerst,6,1999,1999,MetalSd,MetalSd,342.0,565.0,0.0,179.0,744.0,757,744,0,1501,6,1999.0,440.0,0,0,0,0,0,0,0,9,WD ,176500
1843,160,34.0,3230,Somerst,6,1999,1999,MetalSd,MetalSd,1129.0,419.0,0.0,310.0,729.0,729,729,0,1458,5,1999.0,440.0,0,32,0,0,0,0,0,6,WD ,176000
1844,160,,2117,Somerst,6,2000,2000,MetalSd,MetalSd,513.0,420.0,0.0,336.0,756.0,756,756,0,1512,4,2000.0,440.0,0,32,0,0,0,0,0,6,WD ,168500
1845,160,24.0,2117,Somerst,6,2000,2000,MetalSd,MetalSd,216.0,417.0,0.0,339.0,756.0,769,804,0,1573,4,2000.0,440.0,0,32,0,0,0,0,0,9,WD ,177000
1846,160,,2117,Somerst,6,2000,2000,MetalSd,MetalSd,456.0,436.0,0.0,320.0,756.0,769,756,0,1525,5,2000.0,440.0,0,0,0,0,0,0,0,6,WD ,177000
1847,160,,5105,Somerst,7,2004,2004,MetalSd,MetalSd,0.0,239.0,0.0,312.0,551.0,551,551,0,1102,4,2004.0,480.0,0,60,0,0,0,0,0,3,WD ,148800
1848,160,24.0,2645,Somerst,8,1999,2000,MetalSd,MetalSd,456.0,0.0,0.0,776.0,776.0,764,677,0,1441,5,1999.0,492.0,206,0,0,0,0,0,0,11,WD ,174000
1849,60,66.0,7399,Somerst,7,1997,1998,VinylSd,VinylSd,1600.0,649.0,0.0,326.0,975.0,975,975,0,1950,7,1997.0,576.0,0,10,0,0,198,0,0,6,WD ,239000
1850,20,73.0,7321,Somerst,7,1999,2000,CemntBd,CmentBd,0.0,0.0,0.0,1339.0,1339.0,1358,0,0,1358,5,1999.0,625.0,176,174,0,0,0,0,0,12,COD,204000
1851,60,,8010,Somerst,8,2003,2004,CemntBd,CmentBd,0.0,964.0,0.0,90.0,1054.0,1072,976,0,2048,8,2003.0,552.0,0,48,0,0,180,0,0,8,WD ,301000
1852,60,106.0,8413,Somerst,8,1998,1998,VinylSd,VinylSd,0.0,901.0,0.0,319.0,1220.0,1220,1142,0,2362,8,1998.0,1105.0,147,0,36,0,144,0,0,6,WD ,312500
1853,120,50.0,9466,Veenker,8,1994,1995,BrkFace,BrkFace,0.0,457.0,1037.0,0.0,1494.0,1494,0,0,1494,5,1994.0,478.0,0,30,0,0,217,0,0,5,WD ,279700
1854,20,80.0,12000,Veenker,7,1980,1980,VinylSd,MetalSd,600.0,1732.0,0.0,270.0,2002.0,2362,0,0,2362,8,1980.0,546.0,180,16,0,0,0,0,0,3,WD ,255000
1855,80,,16157,Veenker,5,1978,1978,Plywood,Plywood,0.0,680.0,391.0,289.0,1360.0,1432,0,0,1432,5,1978.0,588.0,168,180,0,0,0,0,0,6,WD ,194000
1856,20,90.0,10768,Veenker,5,1976,2004,Plywood,Plywood,0.0,1157.0,0.0,280.0,1437.0,1437,0,0,1437,6,1976.0,528.0,0,21,0,0,180,0,0,7,WD ,218000
1857,120,40.0,3840,Greens,8,1978,1998,Wd Sdng,Plywood,0.0,881.0,176.0,0.0,1057.0,1295,0,0,1295,4,1978.0,571.0,133,89,0,0,0,0,0,7,WD ,213750
1858,80,80.0,9600,Veenker,6,1976,1994,Plywood,Plywood,360.0,0.0,0.0,528.0,528.0,1094,761,0,1855,7,1976.0,512.0,113,100,0,0,0,0,0,8,WD ,187000
1859,20,80.0,9600,Veenker,6,1976,1976,MetalSd,MetalSd,0.0,978.0,0.0,284.0,1262.0,1262,0,0,1262,6,1976.0,460.0,298,0,0,0,0,0,0,5,WD ,181500
1860,20,94.0,17778,Veenker,8,1981,1981,BrkFace,BrkFace,0.0,1632.0,829.0,0.0,2461.0,2497,0,0,2497,7,1981.0,676.0,266,0,0,0,0,0,0,3,WD ,373000
1861,90,,18890,Sawyer,5,1977,1977,Plywood,Plywood,1.0,498.0,211.0,652.0,1361.0,1361,1259,0,2620,12,1977.0,600.0,155,24,145,0,0,0,8300,8,WD ,190000
1862,60,,7050,Somerst,7,2001,2001,VinylSd,VinylSd,0.0,738.0,0.0,319.0,1057.0,1057,872,0,1929,7,2001.0,650.0,0,235,0,0,0,0,0,5,WD ,226000
1863,20,78.0,11700,NWAmes,6,1968,1968,MetalSd,MetalSd,41.0,0.0,0.0,912.0,912.0,1152,0,0,1152,7,1968.0,412.0,0,126,0,0,0,0,0,9,CWD,143450
1864,60,80.0,8000,NWAmes,6,1970,1970,VinylSd,VinylSd,525.0,915.0,0.0,93.0,1008.0,1403,1008,0,2411,8,1970.0,570.0,0,192,0,0,0,0,0,6,WD ,240050
1865,85,,8723,NWAmes,6,1969,1969,HdBoard,HdBoard,0.0,973.0,0.0,0.0,973.0,1082,0,0,1082,6,1969.0,480.0,160,0,0,0,0,0,0,1,WD ,162500
1866,20,130.0,11700,NWAmes,6,1968,1968,HdBoard,HdBoard,196.0,910.0,0.0,385.0,1295.0,1295,0,0,1295,6,1968.0,528.0,0,194,0,0,200,0,0,4,WD ,164000
1867,20,108.0,11358,NWAmes,7,1972,1987,Wd Sdng,Wd Sdng,0.0,346.0,0.0,778.0,1124.0,1610,0,0,1610,8,1972.0,515.0,202,0,0,0,256,0,0,5,WD ,185000
1868,20,80.0,9547,NWAmes,7,1993,1993,VinylSd,VinylSd,112.0,0.0,0.0,1594.0,1594.0,1594,0,0,1594,6,1993.0,472.0,190,80,0,0,0,0,0,7,WD ,188500
1869,60,78.0,10530,NWAmes,7,1993,1993,MetalSd,MetalSd,194.0,819.0,0.0,329.0,1148.0,1091,984,0,2075,8,1993.0,473.0,235,86,0,0,0,0,0,8,WD ,255000
1870,90,,11500,NWAmes,5,1976,1976,VinylSd,VinylSd,164.0,0.0,0.0,1680.0,1680.0,1680,0,0,1680,8,1976.0,528.0,0,0,0,0,0,0,0,6,WD ,136905
1871,20,88.0,10738,NWAmes,6,1966,1966,HdBoard,HdBoard,0.0,792.0,0.0,301.0,1093.0,1093,0,0,1093,6,1966.0,484.0,224,0,0,0,0,0,400,11,WD ,158500
1872,20,80.0,9600,NWAmes,7,1973,1973,HdBoard,HdBoard,320.0,916.0,0.0,326.0,1242.0,1242,0,0,1242,6,1973.0,528.0,0,0,0,0,0,0,0,9,WD ,175500
1873,20,80.0,10800,NWAmes,6,1963,1963,HdBoard,HdBoard,203.0,617.0,264.0,171.0,1052.0,1052,0,0,1052,6,1963.0,311.0,0,133,0,0,0,0,0,2,COD,127000
1874,20,70.0,8050,NAmes,5,1967,1993,MetalSd,MetalSd,0.0,474.0,38.0,437.0,949.0,1107,0,0,1107,5,1967.0,308.0,88,64,0,0,0,0,0,3,WD ,127000
1875,20,,10355,NAmes,5,1967,1967,MetalSd,MetalSd,196.0,695.0,0.0,519.0,1214.0,1214,0,0,1214,5,1967.0,318.0,0,111,0,0,0,0,0,7,WD ,143000
1876,20,79.0,10289,NAmes,5,1965,1965,MetalSd,MetalSd,168.0,836.0,0.0,237.0,1073.0,1073,0,0,1073,6,1965.0,515.0,0,0,0,0,0,0,0,6,WD ,156000
1877,20,,9503,NAmes,5,1958,1983,HdBoard,HdBoard,0.0,457.0,374.0,193.0,1024.0,1344,0,0,1344,6,1970.0,484.0,316,28,0,0,0,0,0,6,WD ,144000
1878,90,,10624,NAmes,5,1964,1964,HdBoard,HdBoard,84.0,40.0,264.0,1424.0,1728.0,1728,0,0,1728,10,2002.0,352.0,155,0,0,0,0,0,0,11,WD ,119000
1879,90,,10899,NAmes,4,1964,1964,HdBoard,HdBoard,0.0,0.0,0.0,0.0,0.0,1224,0,0,1224,8,1964.0,530.0,0,0,0,0,0,0,0,4,WD ,103000
1880,20,,12342,NAmes,5,1960,1978,Wd Sdng,Wd Sdng,0.0,0.0,0.0,978.0,978.0,1422,0,0,1422,6,1960.0,286.0,0,0,36,0,0,0,600,8,WD ,139900
1881,20,,12772,NAmes,6,1960,1998,MetalSd,MetalSd,0.0,498.0,0.0,460.0,958.0,958,0,0,958,5,1960.0,301.0,0,0,0,0,0,0,15500,4,WD ,151500
1882,20,80.0,8892,NAmes,5,1960,1960,MetalSd,MetalSd,66.0,0.0,0.0,1065.0,1065.0,1065,0,0,1065,6,1974.0,461.0,74,0,0,0,0,0,0,7,COD,126500
1883,80,65.0,10482,NAmes,6,1958,1958,VinylSd,VinylSd,63.0,507.0,0.0,81.0,588.0,1138,0,0,1138,6,1958.0,264.0,224,0,0,0,0,0,0,6,WD ,145000
1884,20,70.0,7535,NAmes,5,1958,1985,MetalSd,MetalSd,0.0,111.0,279.0,522.0,912.0,912,0,0,912,5,1958.0,297.0,12,285,0,0,0,0,480,6,WD ,120000
1885,20,74.0,7450,NAmes,5,1956,1956,Wd Sdng,Wd Sdng,0.0,438.0,206.0,250.0,894.0,1074,0,0,1074,6,1966.0,396.0,0,72,0,0,0,0,0,1,WD ,124000
1886,20,,8339,NAmes,5,1959,1959,MetalSd,MetalSd,0.0,0.0,0.0,0.0,0.0,882,0,0,882,5,1959.0,294.0,0,0,0,0,0,0,1200,7,WD ,106500
1887,20,,14357,NAmes,5,1961,1961,Wd Sdng,Wd Sdng,0.0,311.0,167.0,386.0,864.0,1187,0,0,1187,6,1961.0,440.0,128,0,0,0,0,0,0,8,CWD,140500
1888,20,76.0,8243,NAmes,5,1961,1961,VinylSd,VinylSd,56.0,700.0,0.0,264.0,964.0,964,0,0,964,5,1985.0,784.0,170,0,0,0,0,0,0,2,WD ,137500
1889,20,70.0,8680,NAmes,5,1960,1960,CemntBd,CmentBd,0.0,0.0,0.0,894.0,894.0,894,0,0,894,5,1965.0,312.0,0,0,0,0,0,0,0,1,WD ,117600
1890,20,80.0,8800,NAmes,7,1966,1966,HdBoard,Plywood,202.0,654.0,0.0,520.0,1174.0,1200,0,0,1200,6,1966.0,440.0,0,0,0,0,0,0,0,10,CWD,163500
1891,80,80.0,9200,NAmes,6,1965,1965,HdBoard,HdBoard,98.0,494.0,0.0,548.0,1042.0,1042,0,0,1042,5,1965.0,440.0,192,0,0,0,0,0,0,5,WD ,161000
1892,80,85.0,9350,NAmes,6,1964,1991,HdBoard,HdBoard,108.0,270.0,580.0,452.0,1302.0,1302,0,0,1302,7,1964.0,309.0,333,0,0,0,0,0,0,10,CWD,158000
1893,60,80.0,8800,NAmes,6,1964,1997,MetalSd,MetalSd,306.0,414.0,0.0,431.0,845.0,845,1309,0,2154,8,1964.0,539.0,0,0,0,0,161,0,0,7,WD ,224500
1894,20,,11382,NAmes,6,1964,1964,Wd Sdng,Plywood,212.0,54.0,543.0,533.0,1130.0,1374,0,0,1374,7,1964.0,286.0,0,28,84,0,0,0,0,8,WD ,147000
1895,20,,22002,NAmes,6,1959,1991,MetalSd,MetalSd,136.0,1386.0,0.0,206.0,1592.0,1652,0,0,1652,6,1959.0,510.0,0,0,0,0,201,0,0,7,WD ,200000
1896,20,,14585,NAmes,6,1960,1987,Wd Sdng,Wd Sdng,85.0,594.0,219.0,331.0,1144.0,1429,0,0,1429,7,1960.0,572.0,216,110,0,0,0,0,0,6,WD ,181900
1897,20,75.0,7388,NAmes,5,1959,2002,MetalSd,MetalSd,0.0,405.0,0.0,658.0,1063.0,1327,0,0,1327,7,1974.0,624.0,0,0,0,0,0,0,0,7,WD ,150750
1898,90,70.0,9842,NAmes,4,1962,1962,HdBoard,HdBoard,0.0,0.0,0.0,0.0,0.0,1224,0,0,1224,6,1962.0,462.0,0,0,0,0,0,0,0,3,WD ,101800
1899,20,57.0,8280,NAmes,6,1950,1950,BrkFace,BrkFace,0.0,0.0,0.0,932.0,932.0,932,0,0,932,4,1950.0,306.0,0,0,214,0,0,0,0,11,WD ,124000
1900,45,85.0,12172,NAmes,5,1940,1996,Wd Sdng,HdBoard,0.0,130.0,259.0,433.0,822.0,908,0,0,908,4,1975.0,512.0,284,24,0,0,192,0,0,10,WD ,138500
1901,20,50.0,5000,BrkSide,1,1946,1950,VinylSd,VinylSd,0.0,0.0,0.0,0.0,0.0,334,0,0,334,2,,0.0,0,0,0,0,0,0,0,1,WD ,39300
1902,20,50.0,5000,BrkSide,3,1946,1950,WdShing,Wd Shng,0.0,299.0,0.0,367.0,666.0,666,0,0,666,4,,0.0,0,52,0,0,0,0,0,4,WD ,64500
1903,50,51.0,3500,BrkSide,3,1945,1950,MetalSd,MetalSd,0.0,144.0,0.0,226.0,370.0,442,228,0,670,4,,0.0,0,21,0,0,0,0,2000,7,WD ,64000
1904,20,50.0,5175,BrkSide,5,1958,2000,VinylSd,VinylSd,0.0,150.0,404.0,254.0,808.0,808,0,0,808,5,1963.0,308.0,143,0,0,0,0,0,0,7,COD,112000
1905,60,100.0,9500,NAmes,6,1964,1978,VinylSd,VinylSd,272.0,442.0,0.0,374.0,816.0,1127,850,0,1977,9,1964.0,540.0,0,52,0,0,0,0,0,6,WD ,165000
1906,20,80.0,9600,NAmes,5,1955,1955,HdBoard,HdBoard,176.0,368.0,0.0,710.0,1078.0,1150,0,0,1150,6,1955.0,288.0,0,0,0,0,175,0,0,10,WD ,144000
1907,90,95.0,11345,NAmes,5,1948,1950,AsbShng,AsbShng,567.0,220.0,0.0,708.0,928.0,928,992,0,1920,10,1948.0,400.0,0,0,0,0,0,0,0,7,WD ,137000
1908,50,79.0,9492,NAmes,5,1941,1950,WdShing,Wd Shng,0.0,368.0,41.0,359.0,768.0,968,408,0,1376,6,1941.0,240.0,0,0,0,0,0,0,0,4,WD ,105000
1909,70,79.0,9480,NAmes,5,1942,1995,MetalSd,MetalSd,224.0,386.0,0.0,342.0,728.0,888,756,0,1644,7,1942.0,312.0,168,0,0,0,0,0,0,6,WD ,146500
1910,90,63.0,8668,NAmes,5,1968,1968,MetalSd,MetalSd,0.0,0.0,0.0,1560.0,1560.0,1560,0,0,1560,8,1968.0,792.0,0,0,0,0,0,0,0,5,WD ,126000
1911,85,,10050,NAmes,5,1966,1966,HdBoard,HdBoard,87.0,602.0,0.0,191.0,793.0,1280,0,0,1280,6,1966.0,432.0,140,40,0,0,0,0,0,6,WD ,175000
1912,80,100.0,9600,NAmes,6,1961,1961,WdShing,Wd Shng,291.0,600.0,0.0,618.0,1218.0,1254,0,0,1254,6,1961.0,525.0,0,0,0,0,168,0,0,5,WD ,158500
1913,20,70.0,10150,NAmes,5,1958,1958,Wd Sdng,Wd Sdng,1.0,456.0,0.0,456.0,912.0,912,0,0,912,5,1958.0,275.0,0,0,0,0,0,0,0,7,COD,114500
1914,50,78.0,11344,NAmes,5,1958,1958,MetalSd,MetalSd,180.0,460.0,0.0,414.0,874.0,874,650,0,1524,7,1958.0,315.0,0,0,0,0,0,0,0,7,WD ,144000
1915,60,,18450,NAmes,6,1965,1979,Plywood,Plywood,113.0,187.0,723.0,111.0,1021.0,1465,915,0,2380,7,1965.0,596.0,0,265,0,0,0,0,0,8,WD ,129000
1916,20,73.0,8760,NAmes,6,1957,1999,VinylSd,VinylSd,0.0,873.0,0.0,63.0,936.0,936,0,0,936,4,1957.0,315.0,0,0,0,219,0,0,0,9,WD ,141000
1917,20,65.0,6860,NAmes,5,1956,1956,Wd Sdng,Wd Sdng,54.0,908.0,0.0,100.0,1008.0,1008,0,0,1008,6,1964.0,308.0,0,0,0,0,0,0,0,12,WD ,131000
1918,20,60.0,8250,NAmes,5,1963,1963,MetalSd,MetalSd,0.0,288.0,0.0,765.0,1053.0,1053,0,0,1053,6,1994.0,692.0,240,0,0,0,109,0,0,7,WD ,142100
1919,20,70.0,8176,NAmes,5,1958,1992,Wd Sdng,Wd Sdng,0.0,846.0,0.0,210.0,1056.0,1056,0,0,1056,6,1958.0,308.0,0,0,0,0,0,0,0,8,WD ,139000
1920,20,75.0,9750,NAmes,6,1958,1958,MetalSd,MetalSd,243.0,608.0,0.0,834.0,1442.0,1442,0,0,1442,7,1958.0,301.0,0,0,275,0,0,0,500,4,COD,157900
1921,20,80.0,9250,NAmes,5,1954,2005,Wd Sdng,Wd Sdng,0.0,480.0,468.0,108.0,1056.0,1056,0,0,1056,6,1954.0,260.0,390,0,0,0,0,0,0,7,WD ,139400
1922,20,90.0,11988,NAmes,6,1957,1957,VinylSd,VinylSd,0.0,777.0,0.0,467.0,1244.0,1244,0,0,1244,6,1957.0,336.0,0,40,0,0,0,0,0,5,WD ,150000
1923,20,70.0,9100,NAmes,5,1960,1960,HdBoard,HdBoard,69.0,0.0,0.0,1144.0,1144.0,1144,0,0,1144,6,1960.0,336.0,0,0,0,0,0,0,0,6,WD ,120000
1924,20,80.0,9736,NAmes,6,1957,1969,Wd Sdng,Wd Sdng,289.0,668.0,138.0,525.0,1331.0,1721,0,0,1721,8,1957.0,464.0,0,0,0,0,0,0,0,4,WD ,174850
1925,20,72.0,9770,NAmes,5,1957,1957,Wd Sdng,Wd Sdng,0.0,512.0,0.0,410.0,922.0,922,0,0,922,5,1957.0,308.0,0,34,0,0,0,0,0,4,WD ,116000
1926,20,72.0,10152,NAmes,5,1956,1956,MetalSd,MetalSd,120.0,586.0,0.0,462.0,1048.0,1048,0,0,1048,6,1956.0,286.0,0,20,0,0,192,0,0,6,WD ,135000
1927,20,,12155,NAmes,6,1970,1970,Plywood,Plywood,0.0,1237.0,0.0,420.0,1657.0,1657,0,0,1657,7,1970.0,484.0,0,0,0,0,147,0,0,3,WD ,163500
1928,20,70.0,12198,NAmes,5,1955,1975,VinylSd,VinylSd,0.0,780.0,0.0,424.0,1204.0,1411,0,0,1411,7,1955.0,310.0,278,82,0,0,0,0,0,6,COD,130000
1929,20,75.0,10050,NAmes,5,1955,1955,MetalSd,MetalSd,0.0,288.0,0.0,928.0,1216.0,1216,0,0,1216,5,1955.0,336.0,0,0,0,0,0,0,0,8,WD ,129500
1930,20,60.0,11556,NAmes,5,1953,2006,VinylSd,MetalSd,0.0,408.0,0.0,456.0,864.0,1154,0,0,1154,6,1962.0,336.0,63,0,0,0,0,0,0,7,WD ,142000
1931,90,70.0,8078,NAmes,5,1958,1958,Wd Sdng,Wd Sdng,260.0,0.0,0.0,1560.0,1560.0,1560,0,0,1560,8,1958.0,484.0,0,0,0,0,0,0,0,12,WD ,128600
1932,20,60.0,10950,NAmes,6,1952,1952,Wd Sdng,Wd Sdng,0.0,441.0,0.0,507.0,948.0,948,0,0,948,5,1952.0,410.0,0,48,0,0,0,0,0,4,WD ,125000
1933,20,68.0,7942,NAmes,6,1953,1953,Wd Sdng,Wd Sdng,0.0,85.0,955.0,0.0,1040.0,1040,0,0,1040,6,1953.0,293.0,0,0,0,0,0,0,0,6,WD ,136000
1934,20,66.0,8923,NAmes,5,1953,2006,Wd Sdng,Wd Sdng,0.0,643.0,0.0,365.0,1008.0,1008,0,0,1008,6,1953.0,240.0,0,18,0,0,0,0,0,5,WD ,134500
1935,20,71.0,8540,NAmes,5,1956,2003,VinylSd,VinylSd,0.0,114.0,691.0,120.0,925.0,925,0,0,925,5,1956.0,252.0,152,0,0,0,0,0,0,6,WD ,127000
1936,80,60.0,7134,NAmes,5,1955,1955,MetalSd,MetalSd,0.0,384.0,0.0,0.0,384.0,1360,0,0,1360,6,1962.0,572.0,0,50,0,0,0,0,0,2,WD ,130000
1937,50,55.0,7150,NAmes,4,1955,1955,MetalSd,MetalSd,0.0,150.0,0.0,1040.0,1190.0,1040,500,0,1540,7,2002.0,352.0,0,0,0,0,0,0,0,8,WD ,115000
1938,20,70.0,8400,NAmes,5,1955,1955,MetalSd,MetalSd,0.0,793.0,0.0,130.0,923.0,925,0,0,925,5,1955.0,390.0,81,0,0,0,0,0,0,3,WD ,116900
1939,20,70.0,13300,NAmes,5,1956,2000,Wd Sdng,Wd Sdng,0.0,377.0,0.0,551.0,928.0,928,0,0,928,4,1956.0,252.0,261,0,156,0,0,0,0,6,WD ,132000
1940,20,75.0,9532,NAmes,4,1953,1953,VinylSd,VinylSd,0.0,595.0,354.0,156.0,1105.0,1647,0,0,1647,6,1953.0,280.0,225,0,0,0,0,368,0,2,WD ,153000
1941,20,,15783,OldTown,5,1952,1952,Wd Sdng,Wd Sdng,0.0,292.0,0.0,632.0,924.0,924,0,0,924,6,1952.0,420.0,0,324,0,0,0,0,400,6,WD ,112500
1942,50,60.0,14190,OldTown,4,1890,2006,VinylSd,VinylSd,0.0,0.0,0.0,925.0,925.0,1000,544,0,1544,7,,0.0,231,0,0,0,0,0,0,4,WD ,138000
1943,45,60.0,9600,NAmes,5,1949,2003,MetalSd,MetalSd,0.0,220.0,0.0,625.0,845.0,893,0,0,893,4,1985.0,576.0,0,0,0,0,0,0,0,5,WD ,135000
1944,50,,12099,NAmes,5,1953,2004,MetalSd,MetalSd,0.0,198.0,0.0,1018.0,1216.0,1216,0,512,1728,7,1953.0,371.0,200,0,0,0,0,0,0,6,WD ,156000
1945,70,113.0,21281,NAmes,5,1935,2007,Wd Sdng,MetalSd,0.0,0.0,0.0,666.0,666.0,1308,1778,0,3086,9,2007.0,1200.0,0,208,290,0,156,0,0,11,WD ,301600
1946,50,60.0,10134,OldTown,5,1940,1950,MetalSd,MetalSd,0.0,0.0,0.0,735.0,735.0,735,299,0,1034,5,1940.0,240.0,0,39,0,0,0,0,0,7,WD ,109000
1947,45,55.0,5500,OldTown,4,1956,1956,MetalSd,MetalSd,0.0,0.0,0.0,882.0,882.0,882,0,0,882,4,,0.0,0,0,0,0,0,0,0,4,WD ,103200
1948,50,60.0,10284,OldTown,4,1925,1993,MetalSd,MetalSd,0.0,1030.0,66.0,55.0,1151.0,845,436,0,1281,6,1978.0,580.0,0,0,0,0,0,0,0,8,WD ,128500
1949,30,60.0,10800,OldTown,4,1927,2007,Wd Sdng,Wd Sdng,0.0,0.0,0.0,656.0,656.0,968,0,0,968,5,1928.0,216.0,0,0,0,0,0,0,0,8,WD ,64500
1950,70,60.0,10800,OldTown,5,1895,1999,Wd Sdng,HdBoard,0.0,0.0,0.0,736.0,736.0,751,783,0,1534,6,,0.0,0,112,0,0,0,0,0,7,WD ,148000
1951,30,60.0,5400,OldTown,5,1920,1950,Wd Sdng,Wd Sdng,0.0,0.0,0.0,691.0,691.0,691,0,0,691,4,1920.0,216.0,0,20,94,0,0,0,0,1,WD ,86000
1952,80,93.0,10090,NAmes,7,1963,1999,Plywood,Plywood,364.0,242.0,483.0,0.0,725.0,1035,616,0,1651,6,1963.0,276.0,460,46,0,0,165,0,0,10,WD ,172000
1953,20,75.0,8700,NAmes,5,1961,1961,HdBoard,HdBoard,53.0,192.0,0.0,728.0,920.0,888,0,0,888,5,1961.0,240.0,0,0,0,0,0,0,0,2,COD,120000
1954,20,66.0,8300,NAmes,6,1968,1968,Wd Sdng,Wd Sdng,86.0,952.0,0.0,0.0,952.0,952,0,0,952,5,1968.0,288.0,0,0,0,0,0,0,0,8,WD ,128500
1955,60,70.0,11606,NAmes,5,1969,1969,Plywood,Plywood,192.0,650.0,0.0,390.0,1040.0,1040,1040,0,2080,9,1969.0,504.0,335,0,0,0,0,0,0,9,WD ,135000
1956,50,60.0,8064,NAmes,5,1949,2006,MetalSd,MetalSd,0.0,0.0,0.0,672.0,672.0,672,252,0,924,6,2003.0,576.0,0,0,0,0,0,0,2000,7,WD ,122900
1957,20,60.0,11664,NAmes,6,1948,1950,MetalSd,MetalSd,206.0,336.0,0.0,746.0,1082.0,1082,0,0,1082,5,1948.0,240.0,0,130,0,0,0,0,0,11,WD ,119200
1958,50,78.0,10496,NAmes,6,1949,1950,Wd Sdng,Wd Sdng,320.0,196.0,0.0,844.0,1040.0,1168,678,0,1846,7,1949.0,315.0,0,0,0,0,0,0,0,1,WD ,143000
1959,20,60.0,7200,NAmes,5,1950,1950,MetalSd,MetalSd,0.0,534.0,96.0,246.0,876.0,988,0,0,988,6,1950.0,276.0,0,80,0,0,0,0,0,5,WD ,119000
1960,20,60.0,7200,NAmes,5,1950,1950,WdShing,Wd Shng,0.0,432.0,0.0,432.0,864.0,1238,0,0,1238,6,1950.0,357.0,0,171,0,0,0,0,0,11,WD ,102000
1961,20,60.0,7200,NAmes,5,1950,2002,VinylSd,VinylSd,0.0,398.0,149.0,317.0,864.0,864,0,0,864,5,1980.0,720.0,194,0,0,0,0,0,0,7,WD ,129000
1962,20,70.0,7000,NAmes,5,1960,2002,Wd Sdng,Wd Sdng,45.0,588.0,0.0,422.0,1010.0,1134,0,0,1134,6,1960.0,254.0,0,16,0,0,0,0,0,4,WD ,135000
1963,20,,7500,NAmes,5,1959,2003,BrkFace,BrkFace,0.0,574.0,0.0,466.0,1040.0,1040,0,0,1040,6,1959.0,286.0,0,0,0,0,0,0,0,7,WD ,152000
1964,20,70.0,7315,NAmes,5,1958,1958,BrkFace,BrkFace,0.0,625.0,0.0,545.0,1170.0,1170,0,0,1170,6,1958.0,338.0,0,0,0,0,225,0,0,3,WD ,140000
1965,20,70.0,7903,NAmes,5,1960,1960,BrkFace,BrkFace,0.0,739.0,0.0,503.0,1242.0,1242,0,0,1242,6,1960.0,324.0,0,0,0,0,0,0,0,5,WD ,152000
1966,20,80.0,8000,NAmes,5,1960,1960,BrkFace,BrkFace,0.0,1098.0,154.0,125.0,1377.0,1377,0,0,1377,6,1965.0,351.0,0,0,0,0,0,0,0,11,WD ,156500
1967,90,80.0,8000,NAmes,5,1961,1961,BrkFace,BrkFace,0.0,0.0,0.0,1800.0,1800.0,1800,0,0,1800,10,,0.0,0,0,0,0,0,0,0,7,WD ,141000
1968,20,70.0,7000,NAmes,5,1961,1961,BrkFace,Wd Sdng,0.0,0.0,0.0,0.0,0.0,925,0,0,925,7,1961.0,300.0,0,0,0,0,0,0,0,7,WD ,99000
1969,60,80.0,9760,NAmes,6,1964,1993,Wd Sdng,Wd Sdng,340.0,536.0,117.0,169.0,822.0,1020,831,0,1851,7,1964.0,440.0,239,42,0,0,0,0,0,7,WD ,187000
1970,60,69.0,7590,NAmes,5,1962,1962,VinylSd,VinylSd,288.0,540.0,0.0,324.0,864.0,876,936,0,1812,8,1962.0,264.0,0,168,0,0,0,0,0,7,WD ,169500
1971,20,60.0,6600,NAmes,5,1962,1962,Wd Sdng,Wd Sdng,0.0,110.0,442.0,312.0,864.0,864,0,0,864,5,1962.0,294.0,58,0,0,0,0,0,0,12,WD ,125500
1972,85,66.0,6760,NAmes,5,1962,1962,HdBoard,HdBoard,0.0,734.0,0.0,162.0,896.0,936,0,0,936,6,1962.0,288.0,24,90,160,0,0,0,0,10,WD ,130000
1973,30,60.0,6978,OldTown,5,1926,1980,MetalSd,MetalSd,0.0,0.0,0.0,850.0,850.0,960,0,0,960,5,1981.0,576.0,0,0,116,0,0,0,0,4,WD ,103000
1974,70,60.0,9600,OldTown,5,1910,2002,Wd Sdng,Wd Shng,0.0,0.0,0.0,264.0,264.0,768,664,0,1432,7,1910.0,360.0,270,0,112,0,0,0,0,5,WD ,132000
1975,50,50.0,6000,OldTown,6,1927,1950,MetalSd,MetalSd,0.0,276.0,0.0,569.0,845.0,866,430,0,1296,6,1980.0,576.0,0,0,175,0,0,0,0,7,WD ,127500
1976,30,56.0,4480,OldTown,5,1922,1950,AsbShng,AsbShng,0.0,782.0,0.0,240.0,1022.0,1022,0,0,1022,4,1922.0,184.0,0,122,20,0,0,0,0,2,WD ,89500
1977,90,60.0,7200,OldTown,5,1980,1980,MetalSd,MetalSd,180.0,936.0,0.0,0.0,936.0,936,0,0,936,4,1980.0,672.0,49,0,0,0,0,0,0,8,WD ,140000
1978,30,56.0,3153,OldTown,5,1920,1990,MetalSd,MetalSd,0.0,0.0,0.0,967.0,967.0,967,0,0,967,5,1920.0,180.0,0,0,26,0,0,0,0,7,WD ,99900
1979,30,60.0,10800,OldTown,4,1885,1995,VinylSd,VinylSd,0.0,0.0,0.0,641.0,641.0,1047,0,0,1047,6,1954.0,273.0,0,0,0,0,0,0,450,8,WD ,100000
1980,30,60.0,7200,OldTown,5,1940,1950,VinylSd,VinylSd,279.0,0.0,0.0,808.0,808.0,1072,0,0,1072,5,1940.0,379.0,0,0,0,0,0,0,0,5,WD ,130000
1981,50,120.0,9000,OldTown,5,1900,2006,Stucco,Stucco,0.0,130.0,0.0,550.0,680.0,680,494,0,1174,6,2000.0,576.0,116,26,40,0,0,0,0,6,WD ,135000
1982,50,50.0,6000,OldTown,3,1948,2002,MetalSd,MetalSd,0.0,331.0,0.0,318.0,649.0,679,504,0,1183,6,1981.0,308.0,0,176,0,0,0,0,0,6,WD ,120000
1983,30,50.0,5925,OldTown,4,1937,2000,Stucco,Stucco,435.0,168.0,0.0,739.0,907.0,1131,0,0,1131,7,1995.0,672.0,0,72,0,0,0,0,0,3,WD ,89471
1984,50,50.0,5925,OldTown,4,1900,1950,MetalSd,MetalSd,0.0,122.0,448.0,0.0,570.0,761,380,0,1141,6,1930.0,252.0,0,0,96,0,0,0,0,5,ConLw,85000
1985,30,50.0,6000,OldTown,4,1920,1950,MetalSd,MetalSd,0.0,250.0,0.0,710.0,960.0,960,0,0,960,5,1997.0,308.0,0,0,168,0,0,0,0,7,WD ,108500
1986,70,57.0,9639,OldTown,4,1900,1950,MetalSd,MetalSd,0.0,0.0,0.0,1075.0,1075.0,1156,642,0,1798,7,1935.0,342.0,0,0,160,0,0,0,0,5,WD ,137000
1987,30,40.0,3880,OldTown,5,1945,1997,VinylSd,VinylSd,0.0,329.0,0.0,357.0,686.0,866,0,0,866,4,,0.0,58,42,0,0,0,0,0,8,WD ,110500
1988,30,60.0,8520,OldTown,5,1923,2006,Wd Sdng,Wd Sdng,0.0,0.0,0.0,968.0,968.0,968,0,0,968,5,1935.0,480.0,0,0,184,0,0,0,0,7,WD ,100000
1989,70,,10337,OldTown,8,1910,1999,VinylSd,VinylSd,0.0,0.0,0.0,725.0,725.0,909,863,0,1772,7,1992.0,816.0,0,0,0,0,0,0,0,5,WD ,184900
1990,70,53.0,9863,OldTown,6,1927,1950,Wd Sdng,Wd Sdng,0.0,196.0,210.0,322.0,728.0,914,728,0,1642,9,1927.0,374.0,0,0,0,0,0,0,0,3,WD ,145000
1991,50,60.0,9600,OldTown,5,1925,1994,VinylSd,VinylSd,0.0,0.0,0.0,702.0,702.0,842,630,0,1472,6,1925.0,250.0,0,0,84,0,0,0,0,7,WD ,125000
1992,70,35.0,4571,OldTown,5,1910,1950,MetalSd,MetalSd,0.0,168.0,0.0,448.0,616.0,616,616,0,1232,6,1920.0,480.0,280,0,143,0,0,0,0,6,WD ,114000
1993,190,85.0,13600,OldTown,5,1900,1950,Wd Sdng,Wd Sdng,0.0,0.0,0.0,662.0,662.0,1422,915,0,2337,10,1945.0,560.0,0,57,0,0,0,0,0,9,WD ,90000
1994,50,56.0,8398,OldTown,6,1910,1990,Wd Sdng,Wd Sdng,0.0,259.0,0.0,667.0,926.0,991,659,0,1650,6,1979.0,468.0,128,103,0,0,0,0,0,11,WD ,144100
1995,70,90.0,9900,OldTown,6,1880,1950,Wd Sdng,Wd Sdng,0.0,0.0,0.0,1008.0,1008.0,1178,1032,0,2210,8,1930.0,205.0,0,48,0,0,0,0,0,5,WD ,117500
1996,70,60.0,3600,OldTown,5,1930,2005,VinylSd,VinylSd,0.0,316.0,0.0,371.0,687.0,687,671,0,1358,6,2004.0,336.0,0,32,0,0,0,0,0,7,WD ,124500
1997,75,75.0,13500,OldTown,7,1879,1987,Wd Sdng,Wd Sdng,0.0,0.0,0.0,819.0,819.0,1312,1142,0,2454,8,1950.0,576.0,0,148,150,0,0,0,0,2,WD ,185000
1998,190,60.0,7200,OldTown,6,1910,1998,MetalSd,MetalSd,0.0,1046.0,0.0,168.0,1214.0,1260,1031,0,2291,9,1900.0,506.0,0,0,0,0,99,0,0,11,WD ,133900
1999,40,40.0,5400,OldTown,6,1926,2004,MetalSd,MetalSd,0.0,370.0,0.0,779.0,1149.0,1149,467,0,1616,5,1926.0,216.0,0,0,183,0,0,0,0,10,WD ,152000
2000,30,90.0,8100,OldTown,5,1948,1973,VinylSd,VinylSd,0.0,338.0,0.0,1221.0,1559.0,1559,0,0,1559,5,1948.0,812.0,0,116,230,0,0,0,0,6,COD,153500
2001,70,60.0,10800,OldTown,7,1890,1998,Wd Sdng,VinylSd,0.0,0.0,0.0,718.0,718.0,1576,978,0,2554,8,1996.0,704.0,0,48,143,0,0,0,0,7,WD ,159500
2002,50,52.0,9439,OldTown,5,1930,1950,Wd Sdng,Wd Sdng,0.0,324.0,0.0,588.0,912.0,912,336,0,1248,6,1957.0,160.0,0,0,192,0,0,0,0,3,WD ,87000
2003,20,52.0,8626,OldTown,4,1956,1956,MetalSd,MetalSd,1.0,0.0,0.0,0.0,0.0,968,0,0,968,5,1956.0,331.0,0,0,0,0,0,0,0,5,WD ,104500
2004,80,76.0,11800,OldTown,4,1949,2002,Stucco,Wd Sdng,0.0,0.0,0.0,0.0,0.0,1382,0,0,1382,6,1957.0,384.0,0,40,0,0,0,0,0,5,WD ,110000
2005,40,55.0,6854,BrkSide,5,1925,1994,MetalSd,MetalSd,0.0,317.0,227.0,212.0,756.0,916,144,0,1060,6,1969.0,308.0,0,65,0,0,150,0,0,8,WD ,136500
2006,50,55.0,8674,BrkSide,5,1950,1950,MetalSd,MetalSd,0.0,910.0,0.0,0.0,910.0,910,525,0,1435,6,1950.0,308.0,0,33,0,0,0,0,0,3,WD ,128250
2007,30,98.0,8731,BrkSide,5,1920,1950,Stucco,Stucco,0.0,645.0,0.0,270.0,915.0,1167,0,0,1167,6,1972.0,495.0,0,0,216,0,126,0,0,5,WD ,144000
2008,50,70.0,8737,BrkSide,6,1923,1950,BrkFace,Wd Sdng,0.0,300.0,0.0,765.0,1065.0,915,720,0,1635,6,1950.0,440.0,0,38,0,144,0,0,0,5,WD ,210000
2009,50,50.0,6125,BrkSide,5,1939,1998,MetalSd,MetalSd,0.0,306.0,0.0,422.0,728.0,728,546,0,1274,6,1939.0,224.0,0,0,192,0,0,0,0,3,CWD,135000
2010,70,50.0,6000,BrkSide,6,1939,1950,MetalSd,VinylSd,0.0,276.0,0.0,324.0,600.0,608,624,0,1232,6,1939.0,217.0,0,0,0,0,0,0,0,2,WD ,128000
2011,50,60.0,6000,BrkSide,6,1941,1950,Wd Sdng,Wd Sdng,0.0,375.0,0.0,360.0,735.0,869,349,0,1218,6,2003.0,440.0,0,0,0,0,0,0,0,3,WD ,131000
2012,45,51.0,6120,BrkSide,5,1939,1950,AsbShng,AsbShng,0.0,0.0,0.0,884.0,884.0,884,0,0,884,5,1939.0,240.0,0,0,136,0,0,0,0,7,WD ,113000
2013,50,,6240,BrkSide,6,1938,1950,VinylSd,VinylSd,0.0,52.0,0.0,809.0,861.0,861,548,0,1409,6,1968.0,528.0,225,0,84,0,0,0,0,3,WD ,126000
2014,50,52.0,6240,BrkSide,5,1939,1952,Wd Sdng,Wd Sdng,0.0,48.0,0.0,624.0,672.0,899,423,0,1322,7,1939.0,280.0,0,0,0,0,0,0,0,7,WD ,132000
2015,50,52.0,6240,BrkSide,5,1930,1992,Wd Sdng,Wd Sdng,0.0,0.0,0.0,966.0,966.0,1014,412,0,1426,6,1930.0,230.0,174,0,96,0,0,0,0,7,WD ,131750
2016,50,51.0,6120,BrkSide,5,1926,1950,Wd Sdng,Wd Sdng,0.0,351.0,0.0,405.0,756.0,903,378,0,1281,6,1926.0,379.0,25,0,0,0,0,0,0,8,WD ,132500
2017,70,51.0,6120,BrkSide,5,1920,2004,MetalSd,MetalSd,0.0,0.0,0.0,939.0,939.0,939,574,0,1513,8,1933.0,180.0,24,0,150,0,0,0,0,5,WD ,137500
2018,45,51.0,6120,BrkSide,7,1929,2001,Wd Sdng,Wd Sdng,0.0,0.0,0.0,832.0,832.0,854,0,0,854,5,1991.0,576.0,48,112,0,0,0,0,0,7,WD ,132000
2019,50,52.0,6240,BrkSide,6,1931,1950,Wd Sdng,Wd Sdng,0.0,425.0,0.0,459.0,884.0,959,408,0,1367,6,1978.0,560.0,0,0,0,0,120,0,0,11,WD ,127500
2020,30,60.0,6180,BrkSide,6,1926,1950,Wd Sdng,Wd Sdng,0.0,0.0,0.0,960.0,960.0,986,0,0,986,5,1926.0,180.0,0,128,0,0,0,0,0,5,WD ,102000
2021,70,47.0,7755,OldTown,6,1918,1995,Wd Sdng,Wd Sdng,0.0,0.0,0.0,1100.0,1100.0,1100,1164,0,2264,8,1950.0,408.0,0,152,0,0,0,0,0,5,WD ,200000
2022,70,60.0,13515,BrkSide,6,1919,1950,Wd Sdng,Wd Sdng,0.0,0.0,0.0,764.0,764.0,1060,764,0,1824,8,1940.0,520.0,0,0,126,0,0,0,0,7,WD ,180500
2023,50,60.0,8850,BrkSide,6,1920,1950,Wd Sdng,Wd Shng,0.0,0.0,0.0,768.0,768.0,752,624,0,1376,7,1977.0,576.0,0,54,144,0,0,0,0,2,WD ,165000
2024,50,60.0,8550,BrkSide,5,1926,1950,HdBoard,HdBoard,0.0,0.0,0.0,750.0,750.0,960,356,0,1316,7,1965.0,576.0,0,0,0,0,0,0,0,10,ConLw,90000
2025,70,60.0,8730,BrkSide,6,1915,2003,Wd Sdng,Wd Sdng,0.0,0.0,0.0,698.0,698.0,698,698,0,1396,7,2003.0,384.0,0,0,0,0,259,0,0,7,WD ,153575
2026,70,,5700,OldTown,7,1929,1990,Wd Sdng,Wd Shng,0.0,336.0,0.0,336.0,672.0,672,672,0,1344,6,1979.0,456.0,0,0,70,0,0,0,0,9,WD ,140000
2027,50,60.0,8520,OldTown,6,1916,1950,Stucco,Stucco,0.0,168.0,546.0,0.0,714.0,1664,862,0,2526,10,1916.0,216.0,88,15,0,0,0,0,0,8,CWD,136000
2028,45,40.0,5680,OldTown,5,1901,1950,AsbShng,AsbShng,0.0,0.0,0.0,592.0,592.0,933,240,0,1173,7,1920.0,240.0,0,25,77,0,0,0,0,9,WD ,113000
2029,50,40.0,5680,OldTown,5,1901,1950,AsbShng,AsbShng,0.0,0.0,0.0,969.0,969.0,969,245,0,1214,6,1920.0,216.0,0,0,77,0,0,0,0,9,WD ,117000
2030,50,,7758,IDOTRR,7,1931,1950,Stucco,Stucco,600.0,224.0,0.0,816.0,1040.0,1226,592,0,1818,7,1951.0,240.0,0,0,0,0,184,0,0,6,WD ,169500
2031,45,57.0,7449,IDOTRR,7,1930,1950,Wd Sdng,Wd Sdng,0.0,0.0,0.0,637.0,637.0,1108,0,0,1108,6,1930.0,280.0,0,0,205,0,0,0,0,6,WD ,139400
2032,80,120.0,13200,IDOTRR,6,1963,1963,HdBoard,HdBoard,234.0,375.0,0.0,366.0,741.0,1497,797,0,2294,9,1963.0,658.0,0,110,0,0,0,0,0,4,WD ,202500
2033,70,60.0,6882,IDOTRR,6,1914,2006,Wd Sdng,Wd Sdng,0.0,0.0,0.0,684.0,684.0,773,582,0,1355,7,,0.0,136,0,115,0,0,0,0,3,WD ,127000
2034,50,50.0,9000,IDOTRR,6,1937,1950,Wd Sdng,Wd Sdng,0.0,0.0,0.0,780.0,780.0,780,595,0,1375,6,1979.0,544.0,0,162,0,0,126,0,0,12,WD ,141000
2035,60,60.0,9780,IDOTRR,7,1950,2005,VinylSd,VinylSd,0.0,354.0,398.0,224.0,976.0,976,976,0,1952,8,1950.0,299.0,285,0,0,0,216,0,0,4,WD ,212300
2036,50,60.0,10320,IDOTRR,6,1915,1950,MetalSd,MetalSd,0.0,375.0,0.0,763.0,1138.0,1138,1042,0,2180,7,2006.0,720.0,0,0,170,0,0,0,0,5,WD ,161000
2037,190,52.0,4330,IDOTRR,4,1958,1958,MetalSd,MetalSd,0.0,681.0,127.0,0.0,808.0,838,477,0,1315,5,1958.0,436.0,0,0,0,0,0,0,0,2,COD,99500
2038,75,60.0,7200,IDOTRR,5,1920,1996,MetalSd,MetalSd,0.0,0.0,0.0,530.0,530.0,581,530,0,1111,6,1935.0,288.0,0,0,144,0,0,0,0,3,WD ,101000
2039,30,40.0,4800,IDOTRR,4,1916,1990,MetalSd,MetalSd,0.0,197.0,0.0,999.0,1196.0,1196,0,0,1196,5,1957.0,440.0,0,0,0,0,0,0,0,7,WD ,109900
2040,50,,12358,OldTown,5,1941,1950,MetalSd,MetalSd,0.0,360.0,0.0,360.0,720.0,854,0,528,1382,7,1991.0,660.0,237,0,0,0,0,0,0,5,WD ,128500
2041,190,60.0,10120,OldTown,7,1910,1950,Wd Sdng,Wd Sdng,0.0,0.0,0.0,925.0,925.0,964,925,0,1889,9,1960.0,308.0,0,0,264,0,0,0,0,1,WD ,122000
2042,45,55.0,4388,OldTown,5,1930,1950,WdShing,Wd Sdng,0.0,116.0,0.0,556.0,672.0,840,0,0,840,5,,0.0,0,0,0,0,0,0,0,6,WD ,87000
2043,50,60.0,10320,IDOTRR,4,1910,1950,Wd Sdng,Wd Sdng,0.0,0.0,0.0,771.0,771.0,866,504,114,1484,6,1910.0,264.0,14,211,0,0,84,0,0,9,COD,50000
2044,70,107.0,12888,Sawyer,7,1937,1980,Wd Sdng,Wd Sdng,0.0,288.0,0.0,717.0,1005.0,1262,1005,0,2267,7,1937.0,498.0,521,0,0,0,0,0,0,4,WD ,219000
2045,50,138.0,18030,ClearCr,5,1946,1994,MetalSd,MetalSd,0.0,152.0,469.0,977.0,1598.0,1636,971,479,3086,12,,0.0,122,0,0,0,0,0,0,3,WD ,200500
2046,50,60.0,8160,Edwards,5,1940,1950,MetalSd,MetalSd,0.0,312.0,0.0,444.0,756.0,756,378,0,1134,7,1940.0,240.0,0,0,0,0,0,0,0,4,WD ,126000
2047,190,59.0,4484,SWISU,5,1942,1979,Plywood,Plywood,0.0,485.0,0.0,187.0,672.0,778,504,0,1282,4,1942.0,240.0,0,88,0,0,0,0,0,7,WD ,108500
2048,190,75.0,11235,Sawyer,5,1963,1963,HdBoard,HdBoard,0.0,925.0,0.0,0.0,925.0,999,0,0,999,6,1963.0,308.0,40,176,0,0,0,0,0,3,WD ,130000
2049,85,75.0,11235,Sawyer,5,1964,1980,HdBoard,HdBoard,30.0,785.0,0.0,635.0,1420.0,1452,0,0,1452,6,1964.0,572.0,92,0,88,0,0,0,0,11,WD ,158450
2050,20,62.0,14299,Sawyer,4,1964,1964,HdBoard,HdBoard,0.0,513.0,144.0,348.0,1005.0,1005,0,0,1005,5,1964.0,440.0,0,0,0,0,0,0,0,7,WD ,115400
2051,20,61.0,7943,Sawyer,4,1961,1961,VinylSd,VinylSd,192.0,903.0,0.0,126.0,1029.0,1029,0,0,1029,5,1961.0,261.0,64,0,39,0,0,0,0,4,WD ,118500
2052,80,65.0,14149,Sawyer,5,1964,2001,HdBoard,HdBoard,50.0,68.0,722.0,190.0,980.0,1020,0,0,1020,5,1970.0,528.0,0,0,0,0,0,0,0,5,WD ,165000
2053,20,,11677,Sawyer,5,1966,1966,HdBoard,HdBoard,442.0,249.0,761.0,30.0,1040.0,1040,0,0,1040,6,1966.0,264.0,0,90,0,0,0,0,0,2,WD ,123000
2054,85,70.0,8400,Sawyer,6,1966,1966,VinylSd,VinylSd,0.0,187.0,627.0,0.0,814.0,913,0,0,913,6,1990.0,240.0,0,0,252,0,0,0,0,5,WD ,129000
2055,20,99.0,7094,Sawyer,5,1966,1966,VinylSd,VinylSd,0.0,180.0,374.0,340.0,894.0,894,0,0,894,5,1966.0,384.0,0,0,0,0,0,0,0,5,WD ,125000
2056,20,,8978,Sawyer,5,1968,1968,Plywood,Plywood,0.0,0.0,0.0,948.0,948.0,948,0,0,948,6,1968.0,300.0,147,0,0,0,0,0,0,5,WD ,108000
2057,190,70.0,8425,Sawyer,5,1971,1990,HdBoard,HdBoard,0.0,748.0,0.0,20.0,768.0,868,0,0,868,6,1989.0,576.0,138,0,0,0,0,0,0,5,WD ,119900
2058,20,86.0,8665,Sawyer,5,1968,1968,HdBoard,HdBoard,89.0,168.0,288.0,420.0,876.0,897,0,0,897,5,1968.0,264.0,0,0,0,0,0,0,0,1,WD ,115000
2059,20,,8398,Sawyer,5,1967,1967,MetalSd,MetalSd,323.0,114.0,529.0,300.0,943.0,943,0,0,943,5,1972.0,528.0,132,0,0,0,0,0,0,6,WD ,134500
2060,20,66.0,7742,Sawyer,5,1966,1966,HdBoard,HdBoard,0.0,763.0,0.0,192.0,955.0,955,0,0,955,6,1966.0,386.0,0,0,0,0,0,0,0,1,WD ,127000
2061,20,109.0,8724,Sawyer,5,1968,1968,VinylSd,VinylSd,0.0,492.0,0.0,402.0,894.0,894,0,0,894,5,1968.0,450.0,0,0,0,0,0,0,0,5,WD ,129000
2062,20,71.0,8197,Sawyer,6,1977,1977,Plywood,Plywood,148.0,0.0,0.0,660.0,660.0,1285,0,0,1285,7,1977.0,528.0,138,0,0,0,0,0,0,4,WD ,143500
2063,20,,8169,Sawyer,5,1966,1966,Plywood,Plywood,0.0,216.0,435.0,261.0,912.0,912,0,0,912,6,1966.0,315.0,204,0,0,0,0,0,0,7,WD ,129000
2064,20,81.0,14175,Sawyer,5,1956,1998,BrkFace,BrkFace,0.0,386.0,522.0,332.0,1240.0,1375,0,0,1375,6,1956.0,323.0,0,0,0,0,0,0,0,12,WD ,187000
2065,60,99.0,16779,Sawyer,5,1920,1996,Wd Sdng,Wd Sdng,356.0,267.0,0.0,404.0,671.0,1567,1087,0,2654,11,1946.0,638.0,128,570,0,0,0,0,500,5,WD ,158000
2066,30,,25339,Sawyer,5,1918,2007,Wd Sdng,Wd Sdng,0.0,0.0,0.0,816.0,816.0,1416,0,0,1416,7,2007.0,576.0,0,0,112,0,0,0,0,8,WD ,112000
2067,50,70.0,6960,Sawyer,7,1940,1998,Wd Sdng,Wd Sdng,0.0,258.0,0.0,422.0,680.0,798,504,0,1302,6,1940.0,224.0,0,0,0,0,126,0,0,7,WD ,165250
2068,20,91.0,11375,Sawyer,6,1954,1995,VinylSd,VinylSd,0.0,736.0,0.0,231.0,967.0,1299,0,0,1299,6,1954.0,494.0,81,0,280,0,0,0,0,10,WD ,150000
2069,20,85.0,13770,Sawyer,5,1958,1998,Plywood,Plywood,340.0,190.0,873.0,95.0,1158.0,1176,0,0,1176,6,1958.0,303.0,0,0,0,0,0,0,0,10,VWD,137000
2070,20,,9000,Sawyer,4,1945,1950,Wd Sdng,Wd Sdng,0.0,0.0,0.0,0.0,0.0,998,0,0,998,5,1952.0,460.0,0,0,140,0,0,0,0,5,WD ,89500
2071,20,,115149,ClearCr,7,1971,2002,Plywood,Plywood,351.0,1219.0,0.0,424.0,1643.0,1824,0,0,1824,5,1971.0,739.0,380,48,0,0,0,0,0,6,WD ,302000
2072,20,,11075,ClearCr,6,1984,1984,Wd Sdng,Wd Sdng,136.0,299.0,891.0,0.0,1190.0,1522,0,0,1522,7,1984.0,552.0,0,77,0,0,168,0,0,2,WD ,182000
2073,60,97.0,10029,ClearCr,6,1988,1989,Plywood,Plywood,268.0,831.0,0.0,320.0,1151.0,1164,896,0,2060,8,1988.0,521.0,0,228,0,0,192,0,0,9,WD ,211000
2074,20,,17541,Edwards,5,1948,2005,Wd Sdng,Wd Sdng,0.0,300.0,0.0,109.0,409.0,1325,0,0,1325,6,1996.0,576.0,0,42,0,0,0,0,0,7,WD ,216000
2075,20,,22692,Edwards,5,1953,1953,MetalSd,MetalSd,0.0,587.0,0.0,486.0,1073.0,1630,0,0,1630,6,1953.0,649.0,0,64,0,0,0,0,0,3,COD,130000
2076,20,84.0,17808,Edwards,4,1946,1950,Wd Sdng,Wd Sdng,0.0,0.0,0.0,484.0,484.0,1242,0,0,1242,4,1946.0,336.0,0,0,0,0,0,0,0,7,WD ,109900
2077,20,102.0,12671,ClearCr,6,1954,1994,MetalSd,MetalSd,300.0,353.0,0.0,935.0,1288.0,2422,0,0,2422,6,1954.0,527.0,0,63,0,0,144,0,0,7,WD ,255000
2078,20,84.0,12615,Edwards,6,1950,2001,WdShing,Wd Shng,0.0,477.0,0.0,725.0,1202.0,2158,0,0,2158,7,1950.0,576.0,0,29,39,0,0,0,0,6,WD ,243000
2079,50,70.0,10512,Edwards,6,1954,1954,Wd Sdng,Wd Sdng,0.0,491.0,0.0,497.0,988.0,988,638,0,1626,6,1954.0,332.0,366,0,0,0,0,0,0,5,WD ,154000
2080,20,60.0,5400,SWISU,5,1958,1958,MetalSd,MetalSd,0.0,453.0,0.0,411.0,864.0,864,0,0,864,6,1958.0,399.0,0,0,0,0,0,0,0,5,WD ,118000
2081,30,,11515,Edwards,4,1958,1994,HdBoard,HdBoard,0.0,0.0,0.0,0.0,0.0,943,0,0,943,5,1958.0,308.0,0,0,60,0,0,0,0,8,WD ,80000
2082,90,42.0,7711,Edwards,4,1977,1977,MetalSd,MetalSd,0.0,1440.0,0.0,0.0,1440.0,1440,0,0,1440,8,,0.0,321,0,0,0,0,0,0,8,Oth,150000
2083,30,58.0,9098,Edwards,4,1920,2002,Wd Sdng,Wd Sdng,0.0,348.0,0.0,180.0,528.0,605,0,0,605,5,,0.0,0,0,144,0,0,0,0,7,WD ,86000
2084,120,39.0,3869,Edwards,5,1984,1984,Wd Sdng,Wd Sdng,149.0,283.0,755.0,0.0,1038.0,1038,0,0,1038,5,1984.0,264.0,0,105,0,0,0,0,0,7,WD ,130000
2085,20,58.0,9280,Edwards,5,1951,1951,Wd Sdng,Wd Sdng,0.0,557.0,0.0,785.0,1342.0,1342,0,0,1342,7,1951.0,256.0,0,0,0,0,0,0,0,4,WD ,125000
2086,50,60.0,11100,Edwards,5,1951,1994,Wd Sdng,Wd Sdng,0.0,1080.0,0.0,0.0,1080.0,1080,400,0,1480,7,1951.0,253.0,0,0,68,0,0,0,0,7,WD ,136500
2087,50,50.0,7550,Edwards,4,1920,1950,MetalSd,MetalSd,0.0,0.0,0.0,951.0,951.0,986,376,0,1362,7,1920.0,280.0,0,0,0,0,0,0,0,3,WD ,96000
2088,20,60.0,9060,Edwards,5,1957,2006,Wd Sdng,Wd Sdng,98.0,0.0,0.0,0.0,0.0,1340,0,0,1340,7,1957.0,252.0,116,0,0,180,0,0,0,6,WD ,120000
2089,50,104.0,23920,SawyerW,6,1984,1984,Wd Sdng,Wd Sdng,0.0,0.0,0.0,1105.0,1105.0,1105,717,0,1822,7,1984.0,515.0,0,195,1012,0,0,444,0,4,WD ,228500
2090,20,114.0,10357,SawyerW,7,1990,1991,HdBoard,HdBoard,0.0,738.0,0.0,172.0,910.0,1442,0,0,1442,6,1990.0,719.0,0,244,0,0,0,0,0,5,WD ,179900
2091,60,116.0,13474,SawyerW,7,1990,1991,HdBoard,Plywood,246.0,700.0,0.0,0.0,700.0,1122,1121,0,2243,8,1990.0,746.0,127,44,224,0,0,0,0,6,WD ,225000
2092,60,86.0,10380,SawyerW,7,1986,1987,Plywood,Plywood,172.0,28.0,1474.0,0.0,1502.0,1553,1177,0,2730,8,1987.0,576.0,201,96,0,0,0,0,0,8,WD ,301000
2093,60,103.0,13125,SawyerW,7,1991,1991,HdBoard,HdBoard,0.0,48.0,634.0,422.0,1104.0,912,1215,0,2127,8,1991.0,833.0,72,192,224,0,0,0,0,11,WD ,238000
2094,60,82.0,11287,SawyerW,7,1989,1989,Plywood,Plywood,340.0,421.0,0.0,386.0,807.0,1175,807,0,1982,7,1989.0,575.0,0,84,0,196,0,0,0,1,WD ,228500
2095,60,75.0,9317,SawyerW,7,1994,2001,VinylSd,VinylSd,0.0,497.0,0.0,282.0,779.0,1029,929,0,1958,7,1994.0,499.0,202,93,0,0,0,0,0,7,CWD,220000
2096,60,77.0,9965,CollgCr,7,2007,2007,VinylSd,VinylSd,220.0,984.0,0.0,280.0,1264.0,1282,1414,0,2696,10,2007.0,792.0,120,184,0,0,168,0,0,10,New,383970
2097,60,77.0,9965,CollgCr,8,2006,2007,VinylSd,VinylSd,340.0,1150.0,0.0,316.0,1466.0,1466,1362,0,2828,11,2006.0,1052.0,125,144,0,0,0,0,0,4,New,424870
2098,20,71.0,9178,CollgCr,8,2007,2007,VinylSd,VinylSd,306.0,0.0,0.0,1643.0,1643.0,1651,0,0,1651,7,2007.0,870.0,204,64,0,0,0,0,0,9,New,250000
2099,20,93.0,10481,CollgCr,8,2006,2007,CemntBd,CmentBd,0.0,0.0,0.0,2140.0,2140.0,2140,0,0,2140,8,2006.0,894.0,136,32,0,0,0,0,0,6,New,360000
2100,20,91.0,10652,CollgCr,7,2006,2007,VinylSd,VinylSd,306.0,0.0,0.0,1494.0,1494.0,1494,0,0,1494,7,2006.0,840.0,160,33,0,0,0,0,0,8,New,279500
2101,20,103.0,11175,CollgCr,7,2007,2007,VinylSd,VinylSd,0.0,0.0,0.0,1316.0,1316.0,1316,0,0,1316,6,2007.0,440.0,0,20,0,0,0,0,0,10,New,200141
2102,20,66.0,10235,CollgCr,8,2007,2007,VinylSd,VinylSd,306.0,0.0,0.0,1643.0,1643.0,1651,0,0,1651,7,2007.0,870.0,192,64,0,0,0,0,0,9,New,246500
2103,60,69.0,9588,CollgCr,8,2007,2007,CemntBd,CmentBd,270.0,0.0,0.0,1482.0,1482.0,1482,1092,0,2574,10,2007.0,868.0,0,148,0,0,0,0,0,11,New,276000
2104,20,68.0,8814,CollgCr,7,2005,2007,VinylSd,VinylSd,80.0,925.0,0.0,349.0,1274.0,1274,0,0,1274,6,2005.0,508.0,264,98,0,0,0,0,0,1,New,203000
2105,60,85.0,11103,CollgCr,7,2006,2006,VinylSd,VinylSd,0.0,0.0,0.0,728.0,728.0,728,728,0,1456,8,2006.0,440.0,0,0,0,0,0,0,0,7,New,155835
2106,20,74.0,8556,CollgCr,7,2006,2006,VinylSd,VinylSd,0.0,0.0,0.0,1240.0,1240.0,1240,0,0,1240,5,2006.0,826.0,140,93,0,0,0,0,0,5,WD ,194000
2107,20,64.0,6762,CollgCr,7,2007,2007,VinylSd,VinylSd,108.0,664.0,0.0,544.0,1208.0,1208,0,0,1208,6,2007.0,628.0,105,54,0,0,0,0,0,9,New,195400
2108,20,75.0,11750,CollgCr,7,2005,2006,VinylSd,VinylSd,204.0,20.0,0.0,1526.0,1546.0,1546,0,0,1546,7,2005.0,796.0,144,42,0,0,0,0,0,6,WD ,217000
2109,20,73.0,8760,CollgCr,8,2006,2006,VinylSd,VinylSd,132.0,36.0,0.0,1453.0,1489.0,1500,0,0,1500,7,2005.0,674.0,144,38,0,0,0,0,0,6,WD ,212999
2110,20,64.0,7242,CollgCr,7,2005,2006,VinylSd,VinylSd,0.0,0.0,0.0,1270.0,1270.0,1270,0,0,1270,6,2005.0,524.0,0,96,0,0,0,0,0,7,WD ,175900
2111,60,78.0,9316,CollgCr,7,2005,2006,VinylSd,VinylSd,0.0,0.0,0.0,879.0,879.0,879,916,0,1795,7,2005.0,578.0,164,111,0,0,0,0,0,10,WD ,191000
2112,20,78.0,9317,CollgCr,6,2006,2006,VinylSd,VinylSd,0.0,24.0,0.0,1290.0,1314.0,1314,0,0,1314,6,2006.0,440.0,0,22,0,0,0,0,0,3,WD ,176432
2113,60,,14364,SawyerW,7,1988,1989,Plywood,Plywood,128.0,1065.0,0.0,92.0,1157.0,1180,882,0,2062,7,1988.0,454.0,60,55,0,0,154,0,0,4,WD ,277000
2114,60,,8883,SawyerW,7,1988,1988,HdBoard,HdBoard,360.0,608.0,321.0,0.0,929.0,946,927,0,1873,7,1988.0,619.0,108,48,0,0,144,0,0,5,WD ,207000
2115,50,,159000,ClearCr,6,1958,2006,Wd Sdng,HdBoard,472.0,697.0,0.0,747.0,1444.0,1444,700,0,2144,7,1958.0,389.0,0,98,0,0,0,0,500,6,WD ,277000
2116,60,,53107,ClearCr,6,1992,1992,HdBoard,HdBoard,0.0,985.0,0.0,595.0,1580.0,1079,874,0,1953,9,1992.0,501.0,216,231,0,0,0,0,0,6,WD ,240000
2117,60,,12205,ClearCr,6,1966,2007,HdBoard,HdBoard,157.0,568.0,0.0,264.0,832.0,976,1111,0,2087,9,1966.0,444.0,133,168,0,0,0,0,0,7,WD ,187500
2118,20,155.0,20064,ClearCr,8,1976,1976,Wd Sdng,Wd Sdng,0.0,51.0,915.0,0.0,966.0,1743,0,0,1743,5,1976.0,529.0,646,0,0,0,0,0,0,5,WD ,279000
2119,20,,14217,CollgCr,5,1994,1994,VinylSd,VinylSd,0.0,550.0,0.0,472.0,1022.0,1022,0,0,1022,6,1995.0,747.0,0,0,0,0,0,0,0,8,WD ,139500
2120,20,65.0,8775,CollgCr,5,1994,1994,VinylSd,VinylSd,0.0,495.0,0.0,495.0,990.0,990,0,0,990,5,1996.0,299.0,0,64,0,0,0,0,0,4,WD ,126000
2121,20,105.0,11249,CollgCr,6,1995,1995,VinylSd,VinylSd,0.0,334.0,544.0,322.0,1200.0,1200,0,0,1200,6,1995.0,521.0,0,26,0,0,0,0,0,8,WD ,177500
2122,60,57.0,10021,CollgCr,6,1997,2006,VinylSd,VinylSd,0.0,539.0,0.0,96.0,635.0,646,662,0,1308,6,1997.0,497.0,142,54,0,0,0,0,0,5,WD ,175000
2123,60,,9531,CollgCr,6,1998,1998,VinylSd,VinylSd,0.0,706.0,0.0,88.0,794.0,882,914,0,1796,7,1998.0,546.0,0,36,0,0,0,0,0,5,WD ,211000
2124,20,60.0,8428,CollgCr,5,1994,1994,VinylSd,VinylSd,0.0,420.0,0.0,570.0,990.0,990,0,0,990,5,1995.0,384.0,256,0,0,0,0,0,0,7,WD ,146000
2125,20,70.0,16561,CollgCr,5,1996,1996,VinylSd,VinylSd,0.0,549.0,0.0,548.0,1097.0,1097,0,0,1097,6,1996.0,242.0,306,0,0,0,0,0,0,7,WD ,147900
2126,20,60.0,8070,CollgCr,4,1994,1995,VinylSd,VinylSd,0.0,588.0,0.0,402.0,990.0,990,0,0,990,5,,0.0,0,0,0,0,0,0,0,8,WD ,123600
2127,60,69.0,9337,CollgCr,6,1997,1997,VinylSd,VinylSd,0.0,648.0,0.0,176.0,824.0,905,881,0,1786,7,1997.0,684.0,0,162,0,0,0,0,0,5,WD ,204750
2128,60,47.0,10820,CollgCr,7,1999,1999,VinylSd,VinylSd,0.0,342.0,0.0,646.0,988.0,988,885,0,1873,7,1999.0,597.0,202,123,0,0,0,0,0,3,WD ,235500
2129,60,43.0,12352,CollgCr,7,1998,1999,VinylSd,VinylSd,290.0,638.0,0.0,215.0,853.0,853,900,0,1753,7,1998.0,534.0,0,74,0,0,0,0,0,3,WD ,217000
2130,60,68.0,9543,CollgCr,7,2001,2001,VinylSd,VinylSd,0.0,0.0,0.0,845.0,845.0,845,845,0,1690,7,2001.0,517.0,0,103,0,0,0,0,0,2,WD ,190550
2131,60,,8826,CollgCr,7,2000,2000,VinylSd,VinylSd,144.0,841.0,0.0,144.0,985.0,985,857,0,1842,7,2000.0,486.0,193,96,0,0,0,0,0,7,WD ,217500
2132,20,72.0,10665,CollgCr,7,2003,2003,VinylSd,VinylSd,167.0,1013.0,0.0,440.0,1453.0,1479,0,0,1479,7,2003.0,558.0,144,29,0,0,0,0,0,6,WD ,226000
2133,60,72.0,11317,CollgCr,7,2003,2003,VinylSd,VinylSd,101.0,0.0,0.0,840.0,840.0,840,828,0,1668,8,2003.0,500.0,144,68,0,0,0,0,0,9,WD ,180000
2134,20,97.0,11800,CollgCr,5,1974,1974,HdBoard,HdBoard,0.0,663.0,0.0,201.0,864.0,894,0,0,894,5,1974.0,440.0,0,0,0,0,0,0,0,8,WD ,131000
2135,80,59.0,8660,CollgCr,5,1976,1976,VinylSd,VinylSd,113.0,502.0,0.0,513.0,1015.0,1025,0,0,1025,6,1979.0,370.0,127,0,0,0,0,0,0,7,WD ,153500
2136,80,72.0,9720,CollgCr,5,1977,1977,Plywood,VinylSd,51.0,755.0,0.0,240.0,995.0,1009,0,0,1009,6,1977.0,576.0,0,0,0,0,0,0,0,6,WD ,160000
2137,20,45.0,8982,CollgCr,5,1977,1977,CemntBd,CmentBd,0.0,539.0,0.0,501.0,1040.0,1040,0,0,1040,5,1977.0,748.0,0,0,0,0,0,0,0,1,WD ,134900
2138,20,39.0,16300,CollgCr,5,1977,1977,HdBoard,HdBoard,0.0,60.0,417.0,399.0,876.0,907,0,0,907,5,1977.0,308.0,0,0,0,0,0,0,0,1,WD ,130000
2139,20,75.0,9675,CollgCr,5,1975,1975,HdBoard,HdBoard,0.0,330.0,432.0,102.0,864.0,879,0,0,879,5,1975.0,440.0,0,80,0,0,0,0,0,9,Con,120000
2140,20,70.0,7700,CollgCr,5,1972,1972,VinylSd,VinylSd,0.0,138.0,468.0,276.0,882.0,882,0,0,882,5,1980.0,461.0,96,0,0,0,0,0,0,3,WD ,112500
2141,20,120.0,10356,CollgCr,5,1975,1975,HdBoard,HdBoard,0.0,716.0,0.0,253.0,969.0,969,0,0,969,5,1975.0,440.0,0,0,0,0,0,0,0,1,WD ,122000
2142,20,60.0,7200,CollgCr,5,1972,2000,VinylSd,VinylSd,0.0,671.0,0.0,193.0,864.0,864,0,0,864,5,1977.0,576.0,155,0,0,0,0,0,0,9,WD ,127000
2143,20,60.0,7200,CollgCr,4,1972,2006,Plywood,Plywood,0.0,385.0,0.0,0.0,385.0,875,0,0,875,5,1975.0,728.0,352,0,0,0,0,0,0,10,WD ,117000
2144,20,80.0,10386,CollgCr,8,2004,2005,CemntBd,CmentBd,246.0,1464.0,0.0,536.0,2000.0,2000,0,0,2000,8,2004.0,888.0,168,0,0,0,0,0,0,7,WD ,305900
2145,60,,9375,CollgCr,8,2002,2002,VinylSd,VinylSd,149.0,0.0,0.0,1284.0,1284.0,1284,885,0,2169,7,2002.0,647.0,192,87,0,0,0,0,0,8,WD ,228500
2146,20,,11354,CollgCr,7,2000,2000,VinylSd,VinylSd,0.0,1412.0,0.0,261.0,1673.0,1673,0,0,1673,7,2000.0,583.0,306,113,0,0,116,0,0,1,WD ,270000
2147,20,70.0,8749,CollgCr,7,2002,2002,VinylSd,VinylSd,100.0,0.0,0.0,1459.0,1459.0,1459,0,0,1459,6,2002.0,527.0,192,39,0,0,0,0,0,9,WD ,192000
2148,60,70.0,8749,CollgCr,7,2003,2003,VinylSd,VinylSd,0.0,654.0,0.0,325.0,979.0,992,940,0,1932,7,2003.0,610.0,0,120,0,0,0,0,0,6,WD ,213000
2149,60,65.0,8158,CollgCr,7,2002,2002,VinylSd,VinylSd,214.0,0.0,0.0,860.0,860.0,860,869,0,1729,7,2002.0,542.0,386,63,0,0,0,0,0,8,WD ,200000
2150,60,66.0,16226,CollgCr,8,1998,1999,VinylSd,VinylSd,0.0,281.0,0.0,747.0,1028.0,1210,1242,0,2452,9,1998.0,683.0,208,50,0,0,0,0,0,5,WD ,267000
2151,20,73.0,11927,CollgCr,8,1994,1995,HdBoard,HdBoard,519.0,408.0,465.0,683.0,1556.0,1592,0,0,1592,7,1994.0,484.0,120,35,0,0,0,0,0,6,WD ,228000
2152,60,,12728,CollgCr,8,2001,2001,VinylSd,VinylSd,256.0,1198.0,0.0,333.0,1531.0,1531,908,0,2439,7,2001.0,560.0,184,121,0,0,0,0,0,1,WD ,275000
2153,60,,15295,CollgCr,7,1996,2002,VinylSd,VinylSd,254.0,762.0,0.0,98.0,860.0,1212,780,0,1992,7,1996.0,608.0,225,32,0,0,0,0,0,6,WD ,211000
2154,20,90.0,11248,CollgCr,9,2002,2002,VinylSd,VinylSd,215.0,1059.0,0.0,567.0,1626.0,1668,0,0,1668,7,2002.0,702.0,257,45,0,0,0,0,0,7,WD ,285000
2155,60,80.0,10000,CollgCr,8,1995,1996,VinylSd,VinylSd,438.0,1079.0,0.0,141.0,1220.0,1220,870,0,2090,8,1995.0,556.0,0,65,0,0,0,0,0,12,WD ,240000
2156,120,36.0,4435,CollgCr,6,2003,2003,VinylSd,VinylSd,170.0,659.0,0.0,189.0,848.0,848,0,0,848,3,2003.0,420.0,140,0,0,0,0,0,0,11,WD ,131500
2157,20,73.0,17227,CollgCr,8,1999,2000,VinylSd,VinylSd,158.0,915.0,0.0,426.0,1341.0,1341,0,0,1341,5,1999.0,482.0,240,84,0,0,0,0,0,1,WD ,246900
2158,60,65.0,8200,CollgCr,7,2003,2004,VinylSd,VinylSd,0.0,0.0,0.0,847.0,847.0,847,1081,0,1928,8,2003.0,434.0,100,48,0,0,0,0,0,7,WD ,219500
2159,20,65.0,8450,CollgCr,7,2003,2003,VinylSd,VinylSd,0.0,699.0,0.0,638.0,1337.0,1337,0,0,1337,6,2003.0,531.0,0,39,0,0,0,0,0,10,WD ,185000
2160,60,70.0,8145,CollgCr,7,2007,2007,VinylSd,VinylSd,0.0,0.0,0.0,738.0,738.0,738,738,0,1476,7,2007.0,552.0,0,35,0,0,0,0,0,6,New,179400
2161,60,79.0,9245,CollgCr,7,2006,2006,VinylSd,VinylSd,0.0,0.0,0.0,939.0,939.0,939,858,0,1797,8,2006.0,639.0,144,53,0,0,0,0,0,4,WD ,213500
2162,20,63.0,8500,CollgCr,7,2004,2004,VinylSd,VinylSd,106.0,0.0,0.0,1422.0,1422.0,1422,0,0,1422,7,2004.0,626.0,192,60,0,0,0,0,0,11,WD ,179600
2163,20,65.0,8769,CollgCr,7,2005,2005,VinylSd,VinylSd,0.0,709.0,0.0,460.0,1169.0,1190,0,0,1190,5,2005.0,578.0,100,41,0,0,0,0,0,10,WD ,173500
2164,20,64.0,8334,CollgCr,6,2006,2007,VinylSd,VinylSd,0.0,0.0,0.0,1330.0,1330.0,1330,0,0,1330,6,2006.0,437.0,0,23,0,0,0,0,0,7,New,167840
2165,60,64.0,8333,CollgCr,7,2006,2006,VinylSd,VinylSd,0.0,0.0,0.0,738.0,738.0,738,753,0,1491,7,2006.0,484.0,100,30,0,0,0,0,0,5,WD ,168675
2166,60,64.0,9045,CollgCr,5,2005,2005,VinylSd,VinylSd,0.0,0.0,0.0,768.0,768.0,768,768,0,1536,6,2005.0,400.0,0,40,0,0,0,0,0,6,WD ,167000
2167,20,70.0,9170,Edwards,5,1965,1965,MetalSd,MetalSd,0.0,698.0,96.0,420.0,1214.0,1214,0,0,1214,6,1965.0,461.0,0,0,184,0,0,0,400,4,WD ,140000
2168,85,75.0,9825,Edwards,5,1967,1967,HdBoard,HdBoard,162.0,936.0,0.0,0.0,936.0,936,0,0,936,4,1967.0,384.0,405,0,0,0,0,0,450,8,WD ,118500
2169,20,67.0,8308,Edwards,4,1963,1963,VinylSd,VinylSd,20.0,132.0,841.0,115.0,1088.0,1088,0,0,1088,4,2002.0,520.0,0,0,0,0,0,0,0,6,COD,110000
2170,20,73.0,10921,Edwards,4,1965,1965,HdBoard,HdBoard,48.0,520.0,0.0,440.0,960.0,960,0,0,960,6,1965.0,432.0,120,0,0,0,0,0,0,5,WD ,94750
2171,50,74.0,16287,Edwards,5,1925,1950,VinylSd,VinylSd,0.0,130.0,105.0,666.0,901.0,901,450,0,1351,7,1975.0,576.0,0,0,43,0,100,0,0,7,WD ,122000
2172,20,80.0,8240,Edwards,6,1960,1960,HdBoard,HdBoard,198.0,0.0,0.0,1179.0,1179.0,1179,0,0,1179,5,1960.0,622.0,0,0,0,0,0,0,0,6,WD ,110000
2173,90,81.0,11841,Edwards,6,1990,1990,HdBoard,HdBoard,104.0,816.0,0.0,0.0,816.0,816,0,0,816,5,,0.0,0,32,0,0,0,0,0,5,WD ,118500
2174,80,65.0,6285,Edwards,6,1976,1976,HdBoard,Plywood,0.0,504.0,0.0,456.0,960.0,1044,0,0,1044,7,1976.0,528.0,228,0,0,0,0,0,0,4,WD ,133500
2175,20,,7917,Edwards,6,1976,1976,HdBoard,HdBoard,174.0,751.0,0.0,392.0,1143.0,1113,0,0,1113,6,1987.0,504.0,370,30,0,0,0,0,0,5,WD ,148000
2176,90,,9555,Edwards,5,1979,1979,Plywood,Plywood,0.0,0.0,0.0,0.0,0.0,1100,1133,0,2233,11,1979.0,579.0,0,0,0,0,0,0,0,2,WD ,141000
2177,20,74.0,8536,Edwards,5,2006,2007,VinylSd,VinylSd,0.0,0.0,0.0,1125.0,1125.0,1125,0,0,1125,5,2007.0,430.0,80,64,0,0,0,0,0,4,New,155000
2178,20,60.0,7024,Edwards,5,2005,2006,VinylSd,VinylSd,0.0,980.0,0.0,110.0,1090.0,1090,0,0,1090,5,2005.0,450.0,0,49,0,0,0,0,0,6,WD ,157000
2179,60,60.0,7023,Edwards,5,2005,2006,VinylSd,VinylSd,0.0,611.0,0.0,123.0,734.0,734,674,0,1408,6,2005.0,489.0,0,85,0,0,0,0,0,5,WD ,171500
2180,20,128.0,39290,Edwards,10,2008,2009,CemntBd,CmentBd,1224.0,4010.0,0.0,1085.0,5095.0,5095,0,0,5095,15,2008.0,1154.0,546,484,0,0,0,0,17000,10,New,183850
2181,60,130.0,40094,Edwards,10,2007,2008,CemntBd,CmentBd,762.0,2260.0,0.0,878.0,3138.0,3138,1538,0,4676,11,2007.0,884.0,208,406,0,0,0,0,0,10,New,184750
2182,180,35.0,3675,Edwards,6,2005,2005,VinylSd,VinylSd,76.0,467.0,0.0,80.0,547.0,1072,0,0,1072,5,2005.0,525.0,0,44,0,0,0,0,0,5,WD ,140000
2183,20,64.0,6400,Edwards,5,1959,2000,WdShing,Wd Shng,0.0,77.0,831.0,52.0,960.0,960,0,0,960,4,1959.0,392.0,144,0,35,0,0,0,0,12,WD ,131750
2184,90,74.0,6882,Edwards,4,1955,1955,AsbShng,Plywood,128.0,0.0,0.0,0.0,0.0,1152,0,0,1152,6,,0.0,0,0,0,0,0,0,0,9,WD ,61500
2185,20,75.0,10215,Edwards,4,1954,1954,Wd Sdng,Wd Sdng,132.0,492.0,0.0,372.0,864.0,948,0,0,948,5,1954.0,248.0,0,0,0,0,0,0,0,2,WD ,111000
2186,90,52.0,8741,Edwards,5,1946,1950,Plywood,Plywood,0.0,0.0,0.0,1195.0,1195.0,1195,0,0,1195,8,,0.0,118,0,0,0,0,0,0,7,WD ,98500
2187,30,70.0,4270,Edwards,3,1931,2006,MetalSd,MetalSd,0.0,544.0,0.0,0.0,544.0,774,0,0,774,6,,0.0,0,0,286,0,0,0,0,5,WD ,79000
2188,40,62.0,10042,Edwards,6,1920,1995,Wd Sdng,Wd Sdng,0.0,144.0,278.0,238.0,660.0,740,125,0,865,4,1920.0,216.0,0,0,84,0,0,0,0,8,WD ,108500
2189,20,68.0,9450,Edwards,4,1954,1954,MetalSd,MetalSd,0.0,552.0,0.0,342.0,894.0,894,0,0,894,5,1999.0,400.0,0,0,0,0,0,0,0,5,WD ,110000
2190,50,70.0,11767,Edwards,4,1910,2000,MetalSd,HdBoard,0.0,0.0,0.0,560.0,560.0,796,550,0,1346,6,1950.0,384.0,168,24,0,0,0,0,0,5,WD ,112000
2191,20,60.0,8172,Edwards,4,1955,1955,MetalSd,MetalSd,0.0,544.0,0.0,224.0,768.0,768,0,0,768,4,1959.0,355.0,0,0,196,0,0,0,0,7,WD ,125000
2192,20,60.0,8172,Edwards,4,1955,1955,WdShing,Plywood,0.0,682.0,0.0,182.0,864.0,864,0,0,864,5,1996.0,528.0,196,0,0,0,0,0,0,10,COD,79275
2193,20,60.0,8190,Edwards,4,1954,1954,Wd Sdng,Wd Sdng,0.0,732.0,0.0,216.0,948.0,948,0,0,948,5,1956.0,280.0,0,36,0,0,0,0,0,10,WD ,119000
2194,190,60.0,10896,SWISU,6,1914,1995,VinylSd,VinylSd,0.0,256.0,0.0,1184.0,1440.0,1440,1440,515,3395,14,,0.0,0,110,0,0,0,0,0,3,WD ,200000
2195,90,60.0,10890,SWISU,5,1923,1950,Wd Sdng,Plywood,0.0,371.0,0.0,925.0,1296.0,1296,1296,0,2592,12,,0.0,0,742,240,0,0,0,1512,1,WD ,150000
2196,70,55.0,10592,Crawfor,6,1923,1996,Wd Sdng,Wd Sdng,0.0,0.0,0.0,602.0,602.0,900,602,0,1502,7,1923.0,180.0,96,0,112,0,53,0,0,8,WD ,165000
2197,45,55.0,10594,Crawfor,5,1926,1950,Wd Sdng,Wd Sdng,0.0,0.0,0.0,768.0,768.0,789,0,0,789,5,1926.0,200.0,0,0,112,0,0,0,0,6,WD ,96500
2198,30,54.0,7223,Crawfor,5,1926,1950,Stucco,Plywood,0.0,319.0,0.0,971.0,1290.0,1422,0,0,1422,6,1973.0,352.0,0,0,64,0,0,0,0,4,WD ,136500
2199,50,51.0,6821,Crawfor,6,1921,2005,Wd Sdng,Wd Sdng,0.0,113.0,0.0,538.0,651.0,759,539,0,1298,8,1994.0,240.0,216,0,168,0,0,0,0,8,WD ,146500
2200,50,60.0,7200,SWISU,5,1937,1950,Wd Sdng,Wd Sdng,252.0,569.0,0.0,162.0,731.0,981,787,0,1768,7,1939.0,240.0,0,0,264,0,0,0,0,6,WD ,175000
2201,70,63.0,4000,Crawfor,7,1930,1995,Wd Sdng,Wd Sdng,0.0,246.0,0.0,285.0,531.0,567,531,0,1098,5,1930.0,216.0,0,0,0,0,0,0,0,6,WD ,148500
2202,70,53.0,6720,Crawfor,6,1921,1950,VinylSd,VinylSd,0.0,0.0,0.0,585.0,585.0,851,585,0,1436,7,1992.0,228.0,184,0,0,0,0,0,0,4,CWD,141500
2203,50,55.0,7642,Crawfor,7,1918,1998,Wd Sdng,Wd Sdng,0.0,0.0,0.0,912.0,912.0,912,514,0,1426,7,1925.0,216.0,0,240,0,0,0,0,0,6,WD ,189950
2204,70,53.0,7155,Crawfor,6,1926,1991,Wd Sdng,Wd Sdng,0.0,0.0,0.0,686.0,686.0,686,775,0,1461,6,1926.0,225.0,0,0,116,0,0,0,0,7,WD ,135000
2205,75,53.0,7128,Crawfor,7,1941,1950,MetalSd,MetalSd,0.0,364.0,0.0,554.0,918.0,918,728,0,1646,7,1941.0,240.0,0,0,0,0,126,0,0,8,WD ,164000
2206,30,40.0,4280,Crawfor,5,1913,2002,WdShing,Stucco,0.0,365.0,0.0,75.0,440.0,694,0,0,694,4,1990.0,352.0,0,0,34,0,0,0,0,3,WD ,90350
2207,50,53.0,5362,Crawfor,5,1910,2003,Wd Sdng,Wd Shng,0.0,0.0,0.0,661.0,661.0,661,589,0,1250,8,1985.0,552.0,242,0,81,0,0,0,0,11,WD ,139000
2208,30,50.0,6305,Crawfor,5,1938,1950,MetalSd,MetalSd,0.0,0.0,0.0,920.0,920.0,954,0,0,954,5,1938.0,240.0,0,0,0,0,0,0,0,6,WD ,119750
2209,90,82.0,7136,Crawfor,6,1946,1950,MetalSd,MetalSd,423.0,484.0,0.0,495.0,979.0,979,979,0,1958,8,1946.0,492.0,0,0,0,0,0,0,0,8,WD ,145000
2210,90,82.0,6270,Crawfor,5,1949,1950,MetalSd,MetalSd,0.0,284.0,0.0,717.0,1001.0,1001,1001,0,2002,8,1949.0,871.0,0,0,0,0,0,0,0,8,WD ,145000
2211,70,60.0,7230,Crawfor,7,1927,1992,VinylSd,VinylSd,0.0,0.0,0.0,851.0,851.0,867,851,0,1718,8,1927.0,264.0,291,0,60,0,153,0,0,10,WD ,238000
2212,20,126.0,13108,Crawfor,5,1951,1951,Wd Sdng,Wd Sdng,0.0,0.0,0.0,0.0,0.0,1226,0,0,1226,7,1951.0,400.0,174,24,120,0,228,0,0,6,WD ,153500
2213,70,86.0,22420,Crawfor,6,1918,1950,Wd Sdng,Stucco,0.0,1128.0,0.0,242.0,1370.0,1370,1254,0,2624,10,1918.0,864.0,0,0,0,0,0,0,0,11,WD ,239000
2214,70,78.0,12168,Crawfor,8,1934,1998,BrkFace,Wd Sdng,0.0,428.0,0.0,537.0,965.0,1940,1254,0,3194,10,1934.0,380.0,0,0,0,0,0,0,0,9,WD ,359100
2215,50,110.0,7810,Crawfor,4,1930,2003,AsbShng,CmentBd,0.0,189.0,0.0,741.0,930.0,1230,525,0,1755,7,1930.0,231.0,0,40,0,0,0,0,0,11,WD ,188000
2216,50,,11275,Crawfor,6,1932,1950,MetalSd,MetalSd,480.0,297.0,557.0,0.0,854.0,1096,895,0,1991,7,1977.0,432.0,0,0,19,0,0,0,0,3,WD ,220000
2217,190,79.0,6221,Crawfor,5,1941,1950,VinylSd,VinylSd,0.0,533.0,0.0,195.0,728.0,760,595,0,1355,5,1966.0,528.0,0,0,0,0,144,0,0,10,WD ,140000
2218,70,70.0,10570,Crawfor,8,1932,1994,BrkFace,BrkFace,0.0,297.0,0.0,556.0,853.0,1549,1178,0,2727,10,1932.0,440.0,0,74,0,0,0,0,0,12,WD ,315000
2219,70,61.0,7259,Crawfor,6,1945,2002,Wd Sdng,Wd Sdng,0.0,774.0,150.0,104.0,1028.0,1436,884,0,2320,9,1945.0,180.0,224,0,0,0,0,0,0,7,WD ,259500
2220,20,110.0,14442,Crawfor,6,1957,2004,CemntBd,CmentBd,106.0,1186.0,0.0,291.0,1477.0,1839,0,0,1839,7,1957.0,416.0,0,87,0,0,200,0,0,6,WD ,257500
2221,70,75.0,13125,Crawfor,7,1940,1984,Wd Sdng,Wd Sdng,0.0,410.0,0.0,390.0,800.0,960,780,0,1740,6,1940.0,240.0,0,0,0,0,0,0,0,7,CWD,219500
2222,20,,21000,Crawfor,6,1953,1953,Wd Sdng,Wd Sdng,184.0,35.0,869.0,905.0,1809.0,2259,0,0,2259,7,1953.0,450.0,166,120,192,0,0,0,0,10,COD,217000
2223,20,,25485,Crawfor,6,1960,1960,Wd Sdng,MetalSd,423.0,540.0,1020.0,0.0,1560.0,1560,0,0,1560,6,1960.0,580.0,0,75,584,0,0,0,0,5,WD ,201000
2224,20,,21579,Crawfor,6,1968,1968,HdBoard,BrkFace,0.0,813.0,0.0,675.0,1488.0,1488,0,0,1488,7,1968.0,552.0,0,0,216,0,0,0,0,9,CWD,215000
2225,160,24.0,1782,Blueste,6,1980,1980,MetalSd,MetalSd,0.0,330.0,0.0,186.0,516.0,529,516,0,1045,5,1980.0,462.0,180,0,0,0,0,0,0,12,WD ,123900
2226,20,,17871,Crawfor,4,1995,1996,VinylSd,VinylSd,0.0,0.0,0.0,1680.0,1680.0,1680,0,0,1680,7,1996.0,628.0,152,0,0,0,0,0,0,6,WD ,170000
2227,120,35.0,3907,Blueste,8,1988,1988,HdBoard,HdBoard,0.0,577.0,0.0,427.0,1004.0,1020,0,0,1020,4,1988.0,509.0,135,0,0,0,0,0,0,3,WD ,200000
2228,20,,20693,Crawfor,7,1971,1971,Plywood,Plywood,652.0,434.0,0.0,1262.0,1696.0,1696,0,0,1696,7,1971.0,625.0,0,146,0,0,0,0,0,2,WD ,198000
2229,20,,32668,Crawfor,6,1957,1975,Wd Sdng,Stone,,1219.0,0.0,816.0,2035.0,2515,0,0,2515,9,1975.0,484.0,0,0,200,0,0,0,0,3,WD ,200624
2230,20,70.0,18044,Crawfor,8,1986,1986,WdShing,Plywood,0.0,0.0,0.0,279.0,279.0,2726,0,0,2726,6,1986.0,691.0,216,64,169,0,0,228,0,8,WD ,315000
2231,50,85.0,8500,IDOTRR,5,1919,2005,CemntBd,CmentBd,0.0,0.0,0.0,793.0,793.0,997,520,0,1517,7,,0.0,0,0,144,0,0,0,0,8,WD ,115000
2232,50,50.0,7000,IDOTRR,6,1940,1950,Wd Sdng,Wd Sdng,0.0,375.0,0.0,345.0,720.0,720,495,0,1215,6,1965.0,720.0,0,0,30,0,0,0,0,5,WD ,141000
2233,45,50.0,5000,IDOTRR,5,1941,1950,MetalSd,MetalSd,0.0,116.0,0.0,604.0,720.0,803,0,0,803,5,1941.0,360.0,0,0,244,0,0,0,0,12,WD ,87000
2234,50,50.0,7288,IDOTRR,5,1925,2003,VinylSd,VinylSd,0.0,0.0,0.0,936.0,936.0,936,665,0,1601,6,,0.0,0,0,0,176,0,0,0,9,WD ,129850
2235,50,50.0,6060,IDOTRR,4,1939,1950,AsbShng,AsbShng,0.0,0.0,0.0,732.0,732.0,772,351,0,1123,4,1979.0,264.0,0,0,140,0,0,0,0,6,WD ,100000
2236,70,50.0,9060,IDOTRR,5,1923,1999,Wd Sdng,Plywood,0.0,548.0,0.0,311.0,859.0,942,886,0,1828,6,,,174,0,212,0,0,0,0,3,WD ,150909
2237,30,46.0,3672,IDOTRR,5,1922,1950,Stucco,Stucco,0.0,0.0,0.0,816.0,816.0,816,0,0,816,5,1922.0,100.0,0,0,96,0,0,0,0,9,WD ,75200
2238,30,59.0,8263,IDOTRR,6,1920,1950,BrkFace,BrkFace,0.0,0.0,0.0,1012.0,1012.0,1012,0,0,1012,6,1920.0,308.0,0,22,112,0,0,0,0,5,WD ,118400
2239,30,60.0,8967,IDOTRR,5,1920,1950,MetalSd,MetalSd,0.0,0.0,0.0,961.0,961.0,1077,0,0,1077,6,1920.0,338.0,0,0,0,0,0,0,0,11,WD ,67000
2240,50,75.0,13710,IDOTRR,5,1950,1950,Wd Sdng,Wd Sdng,0.0,420.0,0.0,490.0,910.0,910,648,0,1558,6,1950.0,282.0,289,0,0,0,0,0,0,6,WD ,152000
2241,50,64.0,11067,IDOTRR,2,1939,1950,MetalSd,MetalSd,0.0,0.0,0.0,0.0,0.0,640,0,205,845,4,1950.0,256.0,48,0,0,0,0,0,0,3,WD ,68104
2242,190,75.0,8250,IDOTRR,5,1895,2006,VinylSd,VinylSd,0.0,0.0,0.0,957.0,957.0,1034,957,0,1991,9,,0.0,0,0,133,0,0,0,0,6,WD ,119600
2243,20,65.0,6565,IDOTRR,4,1957,1980,MetalSd,MetalSd,0.0,967.0,0.0,106.0,1073.0,1073,0,0,1073,6,1985.0,720.0,0,444,0,0,0,0,0,8,WD ,140000
2244,30,60.0,6060,IDOTRR,5,1930,2007,MetalSd,MetalSd,0.0,737.0,0.0,100.0,837.0,1001,0,0,1001,5,1930.0,216.0,154,0,42,86,0,0,0,11,WD ,124900
2245,120,59.0,5568,Crawfor,8,2006,2007,CemntBd,CmentBd,473.0,1573.0,0.0,0.0,1573.0,1625,0,0,1625,5,2006.0,495.0,123,0,0,0,153,0,0,10,New,375000
2246,120,44.0,4750,Crawfor,8,2006,2007,VinylSd,VinylSd,481.0,1573.0,0.0,0.0,1573.0,1625,0,0,1625,5,2006.0,538.0,123,0,0,0,153,0,0,12,WD ,235000
2247,85,,12150,Mitchel,6,1979,1979,HdBoard,Wd Shng,0.0,1001.0,0.0,0.0,1001.0,1299,0,0,1299,5,1979.0,486.0,84,0,222,0,0,0,0,1,WD ,183500
2248,85,,7540,Mitchel,6,1978,1978,VinylSd,VinylSd,0.0,773.0,0.0,115.0,888.0,912,0,0,912,5,1978.0,470.0,0,0,0,0,192,0,0,6,WD ,156000
2249,20,71.0,9187,Mitchel,6,1983,1983,VinylSd,VinylSd,0.0,336.0,0.0,748.0,1084.0,1080,0,0,1080,5,1983.0,484.0,120,0,158,0,0,0,0,6,WD ,134000
2250,20,80.0,10000,Mitchel,5,2002,2002,VinylSd,VinylSd,166.0,585.0,0.0,856.0,1441.0,1392,0,0,1392,6,2002.0,650.0,168,49,0,0,0,0,0,12,WD ,215000
2251,20,44.0,12864,Mitchel,7,2002,2002,VinylSd,VinylSd,0.0,1392.0,0.0,17.0,1409.0,1409,0,0,1409,4,2002.0,576.0,0,144,0,0,145,0,0,7,WD ,245000
2252,20,,9928,Mitchel,7,1991,1992,HdBoard,HdBoard,0.0,1239.0,0.0,215.0,1454.0,1478,0,0,1478,6,1991.0,506.0,114,22,0,0,0,0,0,5,WD ,210000
2253,80,,8750,Mitchel,7,1975,1975,Plywood,Plywood,50.0,224.0,530.0,98.0,852.0,918,0,0,918,4,1975.0,360.0,192,84,0,0,0,0,0,3,WD ,148000
2254,85,82.0,8410,Mitchel,6,1974,1974,Plywood,Plywood,0.0,924.0,0.0,46.0,970.0,1026,0,0,1026,5,1974.0,528.0,193,0,0,0,0,0,0,4,WD ,143000
2255,120,46.0,4054,Timber,7,1987,1987,VinylSd,VinylSd,352.0,949.0,0.0,552.0,1501.0,1501,0,0,1501,5,1987.0,512.0,240,0,0,0,0,0,0,10,WD ,244000
2256,120,,9763,GrnHill,7,1998,1998,Wd Sdng,Wd Sdng,239.0,1102.0,72.0,328.0,1502.0,1502,0,0,1502,5,1998.0,286.0,0,0,0,0,0,0,0,9,WD ,330000
2257,20,115.0,16905,Timber,5,1959,1959,VinylSd,VinylSd,0.0,967.0,0.0,383.0,1350.0,1328,0,0,1328,5,1959.0,308.0,0,104,0,0,0,0,0,7,WD ,170000
2258,20,149.0,19958,Timber,6,1958,1995,HdBoard,HdBoard,1224.0,0.0,0.0,585.0,585.0,2279,0,0,2279,7,1958.0,461.0,274,0,0,0,138,0,0,7,WD ,257000
2259,20,67.0,8368,Timber,7,2006,2007,VinylSd,VinylSd,0.0,0.0,0.0,1689.0,1689.0,1689,0,0,1689,7,2007.0,433.0,100,39,0,0,0,0,0,4,New,231713
2260,20,68.0,8298,Timber,8,2006,2007,VinylSd,VinylSd,,583.0,0.0,963.0,1546.0,1564,0,0,1564,6,2207.0,502.0,132,0,0,0,0,0,0,9,New,267300
2261,20,64.0,9037,Timber,8,2006,2006,VinylSd,VinylSd,32.0,428.0,0.0,1048.0,1476.0,1484,0,0,1484,6,2006.0,472.0,120,33,0,0,0,0,0,12,WD ,265900
2262,20,89.0,10991,Timber,8,2007,2007,VinylSd,VinylSd,80.0,0.0,0.0,1571.0,1571.0,1571,0,0,1571,7,2007.0,722.0,100,36,0,0,0,0,0,12,New,239000
2263,20,67.0,10656,Timber,8,2006,2007,VinylSd,VinylSd,274.0,0.0,0.0,1638.0,1638.0,1646,0,0,1646,6,2007.0,870.0,192,80,0,0,0,0,0,11,New,248900
2264,20,42.0,10331,Timber,7,1985,1985,Plywood,Plywood,0.0,215.0,80.0,970.0,1265.0,1240,0,0,1240,6,1985.0,528.0,232,0,0,0,0,0,0,7,WD ,174000
2265,50,44.0,13758,Timber,7,1990,1991,HdBoard,HdBoard,117.0,902.0,0.0,254.0,1156.0,1187,530,0,1717,7,1990.0,400.0,168,36,0,0,0,0,0,4,WD ,187500
2266,60,,9303,Timber,6,1996,1997,VinylSd,VinylSd,42.0,742.0,0.0,130.0,872.0,888,868,0,1756,7,1996.0,422.0,144,122,0,0,0,0,0,7,WD ,204000
2267,20,,6718,Timber,8,2001,2001,VinylSd,VinylSd,86.0,250.0,0.0,1017.0,1267.0,1312,0,0,1312,5,2001.0,471.0,256,28,0,0,0,0,0,1,WD ,180500
2268,80,73.0,9590,Timber,7,2003,2003,VinylSd,VinylSd,442.0,786.0,0.0,82.0,868.0,1146,0,0,1146,6,2003.0,438.0,160,22,0,0,0,0,0,5,WD ,187500
2269,20,80.0,11305,Timber,8,2002,2002,VinylSd,VinylSd,886.0,1329.0,0.0,593.0,1922.0,1922,0,0,1922,6,2002.0,692.0,201,64,0,0,0,0,0,4,WD ,282000
2270,20,,7777,Timber,6,1996,1996,VinylSd,VinylSd,203.0,0.0,0.0,1491.0,1491.0,1491,0,0,1491,7,1996.0,571.0,0,35,0,0,0,0,0,11,WD ,178000
2271,20,85.0,14536,Timber,8,2002,2003,VinylSd,VinylSd,236.0,1300.0,0.0,316.0,1616.0,1629,0,0,1629,9,2002.0,808.0,0,252,0,0,0,0,0,11,WD ,270000
2272,60,,11800,Timber,7,2003,2004,VinylSd,VinylSd,94.0,766.0,0.0,356.0,1122.0,1146,1340,0,2486,10,2003.0,452.0,143,32,0,0,0,0,0,7,WD ,279900
2273,20,50.0,35133,Timber,5,1963,1963,MetalSd,MetalSd,226.0,1159.0,0.0,413.0,1572.0,1572,0,0,1572,5,1963.0,995.0,0,263,0,0,263,0,0,5,WD ,186700
2274,20,93.0,15306,Timber,8,2006,2007,VinylSd,VinylSd,100.0,80.0,0.0,1652.0,1732.0,1776,0,0,1776,7,2006.0,712.0,0,0,0,0,0,0,0,5,New,283463
2275,20,85.0,12633,Timber,10,2006,2007,MetalSd,MetalSd,242.0,0.0,0.0,1824.0,1824.0,1824,0,0,1824,8,2006.0,932.0,160,36,0,0,108,0,0,9,New,392000
2276,60,88.0,12665,Timber,8,2005,2006,VinylSd,VinylSd,245.0,0.0,0.0,1094.0,1094.0,1133,1349,0,2482,9,2005.0,642.0,144,39,0,0,0,0,0,2,WD ,281213
2277,20,70.0,8402,Mitchel,5,2007,2007,VinylSd,VinylSd,0.0,206.0,0.0,914.0,1120.0,1120,0,0,1120,6,,0.0,0,30,0,0,0,0,0,12,New,147000
2278,20,200.0,43500,Mitchel,3,1953,1953,MetalSd,MetalSd,0.0,0.0,0.0,0.0,0.0,2034,0,0,2034,9,1953.0,1041.0,483,266,0,0,0,561,0,6,WD ,130000
2279,120,62.0,6710,Mitchel,6,1996,1997,VinylSd,VinylSd,134.0,16.0,904.0,0.0,920.0,936,0,0,936,3,1996.0,460.0,0,40,0,0,0,0,0,6,WD ,140000
2280,20,94.0,25286,Mitchel,4,1963,1963,HdBoard,Plywood,0.0,633.0,0.0,431.0,1064.0,1040,0,0,1040,5,1963.0,648.0,0,0,0,0,0,0,0,1,WD ,132250
2281,90,100.0,25000,Mitchel,5,1967,1967,HdBoard,Plywood,0.0,0.0,0.0,1632.0,1632.0,1632,0,0,1632,8,1967.0,576.0,0,0,0,0,0,0,0,6,WD ,143000
2282,190,,32463,Mitchel,4,1961,1975,MetalSd,MetalSd,149.0,1159.0,0.0,90.0,1249.0,1622,0,0,1622,7,1975.0,1356.0,439,0,0,0,0,0,0,3,WD ,168000
2283,120,44.0,4224,MeadowV,5,1976,1976,CemntBd,CmentBd,0.0,840.0,0.0,200.0,1040.0,1060,0,0,1060,6,1976.0,572.0,100,110,0,0,0,0,0,6,WD ,129900
2284,120,44.0,4224,MeadowV,5,1976,1976,CemntBd,CmentBd,0.0,874.0,0.0,268.0,1142.0,1142,0,0,1142,6,1976.0,528.0,536,90,0,0,0,0,0,8,WD ,134000
2285,160,21.0,1504,MeadowV,4,1972,1972,CemntBd,CmentBd,0.0,252.0,0.0,294.0,546.0,546,546,0,1092,5,1972.0,253.0,0,0,0,0,0,0,0,5,WD ,85500
2286,180,,1533,MeadowV,4,1970,1970,CemntBd,CmentBd,0.0,503.0,0.0,27.0,530.0,530,462,0,992,4,1970.0,297.0,112,97,0,0,0,0,0,7,WD ,106500
2287,160,21.0,1495,MeadowV,4,1970,1970,CemntBd,CmentBd,189.0,384.0,0.0,162.0,546.0,546,546,0,1092,5,,0.0,0,64,0,0,0,0,0,5,WD ,93900
2288,160,21.0,2001,MeadowV,4,1970,1970,CemntBd,CmentBd,80.0,0.0,0.0,546.0,546.0,546,546,0,1092,6,1970.0,286.0,0,0,0,0,0,0,0,1,WD ,75000
2289,180,21.0,1936,MeadowV,4,1970,1970,CemntBd,CmentBd,0.0,131.0,499.0,0.0,630.0,630,0,0,630,3,,0.0,0,0,0,0,0,0,0,12,WD ,84500
2290,160,21.0,1890,MeadowV,4,1976,1976,CemntBd,CmentBd,0.0,0.0,0.0,546.0,546.0,546,546,0,1092,6,1976.0,286.0,0,0,0,0,0,0,0,4,COD,75190
2291,80,,11333,Mitchel,6,1976,1976,HdBoard,HdBoard,0.0,539.0,0.0,490.0,1029.0,1062,0,0,1062,5,1976.0,539.0,120,0,0,0,0,0,0,5,WD ,146800
2292,85,72.0,9129,Mitchel,5,1977,1977,Plywood,Plywood,144.0,923.0,0.0,0.0,923.0,1008,0,0,1008,4,1977.0,678.0,201,66,0,0,0,0,0,7,WD ,153500
2293,80,,15957,Mitchel,6,1977,1977,HdBoard,Plywood,0.0,1148.0,0.0,96.0,1244.0,1356,0,0,1356,6,1977.0,528.0,1424,0,0,0,0,0,0,9,WD ,188000
2294,20,61.0,33983,Mitchel,5,1977,1994,Plywood,Plywood,0.0,1112.0,0.0,48.0,1160.0,1676,0,0,1676,6,1977.0,672.0,690,90,0,0,0,0,0,5,WD ,196000
2295,60,68.0,8286,Mitchel,5,1977,1977,Plywood,Plywood,0.0,531.0,0.0,185.0,716.0,716,716,0,1432,6,1977.0,531.0,0,136,0,0,240,0,0,6,WD ,157000
2296,85,50.0,6723,Mitchel,5,1971,1971,Wd Sdng,HdBoard,0.0,796.0,0.0,0.0,796.0,796,0,0,796,5,,0.0,129,0,0,0,0,0,0,9,WD ,138000
2297,85,54.0,7244,Mitchel,5,1970,1970,VinylSd,VinylSd,0.0,619.0,0.0,149.0,768.0,768,0,0,768,5,1987.0,624.0,104,0,0,0,0,0,0,4,WD ,129500
2298,20,124.0,27697,Mitchel,4,1961,1961,Plywood,Plywood,198.0,811.0,0.0,585.0,1396.0,1608,0,0,1608,6,1961.0,444.0,152,38,0,0,0,0,0,11,COD,80000
2299,20,69.0,7599,Mitchel,4,1982,2006,HdBoard,Plywood,0.0,565.0,0.0,280.0,845.0,845,0,0,845,4,1987.0,360.0,0,0,0,0,0,0,0,6,WD ,129500
2300,20,,11000,Mitchel,5,1976,2003,Plywood,Plywood,0.0,1090.0,0.0,0.0,1090.0,1178,0,0,1178,6,1976.0,502.0,0,44,0,0,88,0,0,6,WD ,135000
2301,20,76.0,8314,Mitchel,5,1982,1982,HdBoard,ImStucc,0.0,546.0,0.0,270.0,816.0,816,0,0,816,5,1982.0,264.0,168,0,0,0,0,0,0,6,WD ,124500
2302,20,65.0,11625,Mitchel,5,1983,1983,HdBoard,HdBoard,0.0,596.0,0.0,220.0,816.0,816,0,0,816,4,1983.0,264.0,330,0,0,0,0,0,0,5,WD ,139000
2303,20,63.0,10712,Mitchel,5,1991,1992,HdBoard,HdBoard,0.0,212.0,0.0,762.0,974.0,974,0,0,974,5,,0.0,0,28,0,0,0,0,0,9,Oth,93500
2304,20,62.0,10447,Mitchel,5,1984,1984,Plywood,HdBoard,0.0,516.0,0.0,348.0,864.0,887,0,0,887,5,1984.0,288.0,140,0,0,0,0,0,0,12,WD ,124500
2305,20,,11027,NAmes,6,1954,1954,Wd Sdng,Wd Sdng,28.0,468.0,539.0,171.0,1178.0,1293,0,0,1293,5,1954.0,452.0,280,0,0,0,0,0,0,5,WD ,149900
2306,20,85.0,10533,NAmes,6,1956,1956,VinylSd,VinylSd,244.0,773.0,0.0,235.0,1008.0,1024,0,0,1024,5,1956.0,313.0,0,0,0,0,280,0,0,8,WD ,157500
2307,20,,11765,NAmes,5,1957,1957,Wd Sdng,Wd Sdng,302.0,1127.0,0.0,490.0,1617.0,1797,0,0,1797,7,1957.0,963.0,0,0,0,0,0,0,0,6,WD ,169000
2308,20,,39384,NAmes,6,1957,1957,Wd Sdng,Wd Sdng,902.0,1110.0,0.0,595.0,1705.0,1390,0,0,1390,4,1957.0,550.0,0,189,0,0,0,0,0,10,WD ,252000
2309,20,90.0,11727,NAmes,7,1969,1969,HdBoard,HdBoard,434.0,0.0,0.0,1851.0,1851.0,1851,0,0,1851,8,1969.0,506.0,0,146,0,0,0,0,0,3,WD ,192100
2310,60,60.0,8238,Gilbert,6,1997,1998,VinylSd,VinylSd,0.0,700.0,0.0,113.0,813.0,813,712,0,1525,6,1997.0,400.0,421,72,0,0,0,0,0,5,WD ,183500
2311,60,,13006,Gilbert,7,1997,1997,HdBoard,HdBoard,285.0,0.0,0.0,964.0,964.0,993,1243,0,2236,8,1997.0,642.0,0,0,0,0,0,0,0,11,WD ,222000
2312,60,,13041,Gilbert,6,1995,1995,HdBoard,HdBoard,0.0,0.0,0.0,781.0,781.0,781,890,0,1671,7,1995.0,423.0,0,84,0,0,0,0,0,2,WD ,170000
2313,60,,13031,Gilbert,6,1995,1996,HdBoard,HdBoard,0.0,592.0,0.0,99.0,691.0,691,807,0,1498,6,1995.0,409.0,315,44,0,0,0,0,0,7,WD ,187500
2314,60,54.0,9783,Gilbert,6,1996,1996,HdBoard,HdBoard,0.0,0.0,0.0,821.0,821.0,821,955,0,1776,7,1996.0,443.0,286,116,0,0,0,0,0,5,WD ,202000
2315,60,70.0,11207,Gilbert,6,1997,1997,VinylSd,VinylSd,0.0,714.0,0.0,88.0,802.0,802,709,0,1511,8,1997.0,413.0,95,75,0,0,0,0,0,6,WD ,185000
2316,60,134.0,19378,Gilbert,7,2005,2006,VinylSd,VinylSd,456.0,57.0,0.0,1335.0,1392.0,1392,1070,0,2462,9,2006.0,576.0,239,132,0,168,0,0,0,3,New,320000
2317,20,50.0,14859,Gilbert,7,2006,2006,VinylSd,VinylSd,27.0,0.0,0.0,1670.0,1670.0,1670,0,0,1670,7,2006.0,690.0,144,60,0,0,0,0,0,8,New,240000
2318,60,50.0,13128,Gilbert,8,2005,2005,VinylSd,VinylSd,216.0,0.0,0.0,1074.0,1074.0,1074,990,0,2064,7,2005.0,527.0,0,119,0,0,0,0,0,1,WD ,250000
2319,60,72.0,10463,Gilbert,8,2005,2005,VinylSd,VinylSd,0.0,0.0,0.0,893.0,893.0,901,900,0,1801,8,2005.0,800.0,0,116,0,0,0,0,0,6,WD ,239900
2320,60,42.0,13751,Gilbert,7,2005,2006,VinylSd,VinylSd,248.0,60.0,0.0,1640.0,1700.0,1700,512,0,2212,9,2006.0,773.0,237,38,0,0,115,0,0,5,New,309000
2321,60,168.0,23257,Gilbert,7,2006,2006,VinylSd,VinylSd,0.0,0.0,0.0,868.0,868.0,887,1134,0,2021,9,2006.0,422.0,0,100,0,0,0,0,0,9,New,274725
2322,160,68.0,13108,StoneBr,8,1994,1994,CemntBd,CmentBd,0.0,0.0,0.0,2062.0,2062.0,2079,608,0,2687,9,1994.0,618.0,168,12,0,0,0,0,0,12,WD ,270000
2323,20,,8076,Gilbert,6,1993,1994,HdBoard,HdBoard,112.0,705.0,0.0,455.0,1160.0,1169,0,0,1169,6,1993.0,402.0,0,26,0,0,144,0,0,7,WD ,183500
2324,60,,7685,Gilbert,6,1993,1994,HdBoard,HdBoard,112.0,518.0,0.0,179.0,697.0,697,804,0,1501,6,1993.0,420.0,190,63,0,0,0,0,0,5,WD ,165600
2325,60,63.0,9084,Gilbert,7,1998,1998,VinylSd,VinylSd,0.0,0.0,0.0,935.0,935.0,955,677,0,1632,8,1998.0,462.0,0,28,0,0,0,0,0,6,WD ,176500
2326,120,30.0,3701,StoneBr,8,1987,1987,HdBoard,HdBoard,0.0,0.0,0.0,1191.0,1191.0,1204,0,0,1204,5,1987.0,461.0,120,70,0,0,0,0,0,8,WD ,130000
2327,160,44.0,5306,StoneBr,7,1987,1987,HdBoard,HdBoard,0.0,495.0,215.0,354.0,1064.0,1064,703,0,1767,5,1987.0,504.0,441,35,0,0,0,0,0,6,WD ,239000
2328,120,,6563,StoneBr,8,1985,1985,HdBoard,HdBoard,0.0,1148.0,0.0,594.0,1742.0,1742,0,0,1742,5,1985.0,564.0,114,28,234,0,0,0,0,12,WD ,275000
2329,60,59.0,16023,StoneBr,9,2005,2006,VinylSd,VinylSd,600.0,1218.0,0.0,180.0,1398.0,1414,1384,0,2798,11,2005.0,670.0,182,37,0,0,0,0,0,3,New,457347
2330,60,60.0,18062,StoneBr,10,2006,2006,CemntBd,CmentBd,662.0,0.0,0.0,1528.0,1528.0,1528,1862,0,3390,10,2006.0,758.0,204,34,0,0,0,0,0,9,New,545224
2331,60,63.0,12292,StoneBr,9,2006,2006,VinylSd,VinylSd,184.0,205.0,0.0,889.0,1094.0,1102,1371,0,2473,11,2006.0,675.0,246,39,0,0,0,0,0,7,New,356383
2332,60,85.0,16056,StoneBr,9,2005,2006,CemntBd,CmentBd,208.0,240.0,0.0,1752.0,1992.0,1992,876,0,2868,11,2005.0,716.0,214,108,0,0,0,0,0,7,New,556581
2333,60,82.0,12438,StoneBr,8,2006,2006,VinylSd,VinylSd,466.0,0.0,0.0,1234.0,1234.0,1264,1312,0,2576,10,2006.0,666.0,324,100,0,0,0,0,0,7,New,361919
2334,60,82.0,16052,StoneBr,10,2006,2006,VinylSd,VinylSd,734.0,1206.0,0.0,644.0,1850.0,1850,848,0,2698,11,2006.0,736.0,250,0,0,0,0,0,0,7,New,535000
2335,60,92.0,15922,StoneBr,9,2005,2006,VinylSd,VinylSd,550.0,0.0,0.0,1390.0,1390.0,1390,1405,0,2795,10,2005.0,660.0,272,102,0,0,0,0,0,1,New,401179
2336,60,66.0,13682,StoneBr,10,2006,2006,VinylSd,VinylSd,1031.0,0.0,0.0,1410.0,1410.0,1426,1519,0,2945,10,2006.0,641.0,192,0,37,0,0,0,0,10,New,438780
2337,60,,14762,Gilbert,5,1948,1950,Plywood,Plywood,0.0,0.0,0.0,0.0,0.0,1547,720,53,2320,7,1979.0,672.0,120,144,0,0,0,0,0,5,WD ,169000
2338,190,100.0,34650,Gilbert,5,1955,1955,Wd Sdng,Wd Sdng,0.0,1056.0,0.0,0.0,1056.0,1056,0,0,1056,5,1955.0,572.0,264,0,0,0,0,0,0,1,WD ,145000
2339,120,60.0,8147,StoneBr,9,2005,2005,MetalSd,MetalSd,230.0,1191.0,0.0,523.0,1714.0,1714,0,0,1714,7,2005.0,517.0,156,55,0,0,0,0,0,8,WD ,318000
2340,20,69.0,11302,StoneBr,8,2005,2006,VinylSd,Other,238.0,1422.0,0.0,392.0,1814.0,1826,0,0,1826,7,2005.0,758.0,180,75,0,0,120,0,0,8,New,319000
2341,20,90.0,18261,StoneBr,9,2005,2005,VinylSd,VinylSd,420.0,1416.0,0.0,494.0,1910.0,2000,0,0,2000,8,2005.0,722.0,351,102,0,0,123,0,0,9,WD ,470000
2342,20,91.0,14145,NWAmes,7,1984,1998,Wd Sdng,Wd Sdng,0.0,213.0,0.0,995.0,1208.0,1621,0,0,1621,8,1984.0,440.0,108,45,0,0,0,0,400,5,WD ,202500
2343,50,,13837,NWAmes,7,1988,1988,HdBoard,HdBoard,178.0,1002.0,202.0,0.0,1204.0,1377,806,0,2183,9,1988.0,786.0,0,0,0,0,0,0,0,2,WD ,229000
2344,60,,16659,NWAmes,7,1977,1994,Plywood,Plywood,34.0,795.0,0.0,0.0,795.0,1468,795,0,2263,9,1977.0,539.0,0,250,0,0,0,0,0,3,WD ,235000
2345,60,,18800,NWAmes,6,1976,1976,HdBoard,HdBoard,120.0,712.0,0.0,84.0,796.0,790,784,0,1574,6,1976.0,566.0,306,111,0,0,0,0,0,7,WD ,190000
2346,85,,10464,NWAmes,6,1980,1980,HdBoard,HdBoard,130.0,850.0,0.0,138.0,988.0,1102,0,0,1102,5,1980.0,582.0,140,22,0,0,0,0,0,6,WD ,169000
2347,20,80.0,10400,NWAmes,7,1988,1988,Wd Sdng,Wd Sdng,102.0,929.0,0.0,916.0,1845.0,1872,0,0,1872,6,1988.0,604.0,197,39,0,0,0,0,0,6,WD ,241500
2348,60,81.0,10530,NWAmes,7,1978,1978,Plywood,Plywood,68.0,0.0,0.0,945.0,945.0,945,912,0,1857,8,1978.0,482.0,400,105,0,0,0,0,0,7,WD ,188900
2349,20,79.0,10240,NWAmes,6,1980,1980,Plywood,Plywood,157.0,625.0,1061.0,0.0,1686.0,1686,0,0,1686,7,1980.0,612.0,384,131,0,0,0,0,0,5,WD ,207500
2350,60,80.0,16692,NWAmes,7,1978,1978,Plywood,Plywood,184.0,790.0,469.0,133.0,1392.0,1392,1392,0,2784,12,1978.0,564.0,0,112,0,0,440,519,2000,7,WD ,250000
2351,60,85.0,11475,NWAmes,6,1975,1975,VinylSd,VinylSd,0.0,550.0,0.0,163.0,713.0,811,741,0,1552,6,1975.0,434.0,209,208,0,0,0,0,0,2,WD ,179900
2352,85,,9927,NWAmes,7,1976,1976,VinylSd,Wd Shng,252.0,1005.0,0.0,42.0,1047.0,1083,0,0,1083,5,1976.0,596.0,444,0,40,0,0,0,0,7,WD ,172000
2353,60,75.0,9512,Somerst,7,2005,2006,VinylSd,VinylSd,0.0,788.0,0.0,172.0,960.0,960,1358,0,2318,8,2005.0,541.0,0,246,0,0,0,0,0,6,New,294323
2354,80,81.0,10530,NWAmes,6,1975,2000,Plywood,Plywood,248.0,548.0,0.0,127.0,675.0,1109,766,0,1875,8,1975.0,485.0,48,28,0,0,0,0,0,6,WD ,184500
2355,20,78.0,10140,NWAmes,5,1975,1975,HdBoard,HdBoard,0.0,788.0,0.0,268.0,1056.0,1074,0,0,1074,6,1975.0,495.0,0,88,0,0,0,0,0,7,WD ,153500
2356,60,78.0,10140,NWAmes,7,1976,1976,HdBoard,HdBoard,0.0,194.0,0.0,638.0,832.0,832,832,0,1664,8,1976.0,528.0,0,28,0,0,259,0,0,3,WD ,162900
2357,20,78.0,10140,NWAmes,6,1974,1999,HdBoard,HdBoard,99.0,663.0,377.0,0.0,1040.0,1309,0,0,1309,5,1974.0,484.0,265,0,0,0,0,648,0,1,WD ,181000
2358,20,80.0,10000,NWAmes,6,1974,1974,HdBoard,Plywood,176.0,755.0,0.0,348.0,1103.0,1103,0,0,1103,6,1974.0,462.0,295,84,0,0,0,0,0,6,WD ,155000
2359,20,,15870,NAmes,5,1969,1969,VinylSd,Plywood,0.0,75.0,791.0,230.0,1096.0,1096,0,0,1096,6,1969.0,299.0,240,32,0,0,0,0,0,3,WD ,138800
2360,20,71.0,9353,NAmes,4,1970,1970,MetalSd,MetalSd,0.0,0.0,0.0,864.0,864.0,864,0,0,864,5,1972.0,280.0,0,0,0,0,0,0,0,7,Oth,116050
2361,20,,8125,NAmes,4,1971,1971,HdBoard,HdBoard,0.0,614.0,0.0,244.0,858.0,858,0,0,858,5,,0.0,0,0,0,0,0,0,0,6,WD ,88000
2362,20,60.0,7200,NAmes,4,1971,1971,HdBoard,HdBoard,0.0,20.0,620.0,224.0,864.0,874,0,0,874,5,1995.0,576.0,63,0,0,0,0,0,0,3,WD ,97500
2363,120,26.0,8773,NAmes,6,2002,2002,MetalSd,MetalSd,0.0,951.0,0.0,536.0,1487.0,1419,0,0,1419,4,2002.0,543.0,196,68,0,0,0,0,0,9,WD ,190000
2364,160,24.0,2760,BrDale,6,1973,1973,HdBoard,HdBoard,514.0,0.0,0.0,525.0,525.0,525,567,0,1092,6,1973.0,440.0,0,0,0,0,0,0,0,12,WD ,105500
2365,160,24.0,2160,BrDale,5,1973,1973,HdBoard,HdBoard,200.0,402.0,0.0,363.0,765.0,765,600,0,1365,7,1973.0,440.0,0,36,0,0,0,0,0,6,WD ,125500
2366,160,21.0,1953,BrDale,6,1973,1973,HdBoard,HdBoard,408.0,309.0,0.0,174.0,483.0,483,504,0,987,5,1973.0,264.0,72,0,0,0,0,0,0,6,WD ,83000
2367,160,21.0,1890,BrDale,6,1972,1972,HdBoard,HdBoard,380.0,282.0,0.0,212.0,494.0,494,536,0,1030,6,1973.0,264.0,0,0,0,0,0,0,0,7,WD ,116000
2368,160,21.0,1680,BrDale,6,1971,1971,CemntBd,CmentBd,236.0,0.0,0.0,672.0,672.0,672,546,0,1218,7,,0.0,201,0,0,0,0,0,0,4,WD ,91500
2369,160,21.0,1680,BrDale,6,1972,1972,HdBoard,HdBoard,281.0,317.0,0.0,355.0,672.0,672,546,0,1218,7,1972.0,264.0,0,28,0,0,0,0,0,5,WD ,118000
2370,160,21.0,1680,BrDale,6,1972,1972,HdBoard,HdBoard,504.0,276.0,0.0,207.0,483.0,483,465,0,948,5,1972.0,264.0,0,0,0,0,0,0,0,7,WD ,89000
2371,160,21.0,1680,BrDale,6,1972,1972,HdBoard,HdBoard,504.0,382.0,0.0,143.0,525.0,525,567,0,1092,6,1972.0,264.0,352,0,0,0,0,0,0,10,WD ,108000
2372,160,21.0,1680,BrDale,6,1972,1972,HdBoard,HdBoard,297.0,0.0,0.0,483.0,483.0,483,504,0,987,5,1972.0,288.0,0,0,0,0,0,0,0,6,WD ,94500
2373,120,53.0,4043,NPkVill,6,1975,1975,Plywood,Plywood,0.0,727.0,156.0,186.0,1069.0,1069,0,0,1069,4,1975.0,440.0,0,55,0,0,225,0,0,7,WD ,146300
2374,20,65.0,7514,NAmes,5,1967,1975,MetalSd,MetalSd,0.0,373.0,108.0,462.0,943.0,1387,0,0,1387,6,1974.0,300.0,0,0,240,0,0,0,0,9,WD ,145000
2375,85,68.0,7838,NAmes,5,1967,1967,HdBoard,HdBoard,0.0,769.0,0.0,95.0,864.0,900,0,0,900,6,1967.0,288.0,175,144,0,0,0,0,0,12,WD ,123000
2376,120,24.0,2280,NPkVill,7,1976,1976,Plywood,Brk Cmn,0.0,120.0,492.0,443.0,1055.0,1055,0,0,1055,4,1976.0,319.0,0,29,0,0,0,0,0,4,WD ,137500
2377,160,24.0,2179,NPkVill,6,1976,1976,Plywood,Brk Cmn,0.0,70.0,0.0,785.0,855.0,855,601,0,1456,6,1976.0,460.0,0,28,0,0,0,0,0,7,WD ,144000
2378,20,129.0,16737,NridgHt,9,2004,2005,VinylSd,VinylSd,66.0,1447.0,0.0,533.0,1980.0,1980,0,0,1980,8,2004.0,770.0,194,45,0,0,0,0,0,9,WD ,315000
2379,60,72.0,16387,NridgHt,9,2006,2006,VinylSd,VinylSd,215.0,1369.0,0.0,369.0,1738.0,1738,851,0,2589,11,2006.0,831.0,0,0,0,0,0,0,0,8,New,412083
2380,60,111.0,16259,NridgHt,9,2006,2006,VinylSd,VinylSd,370.0,0.0,0.0,1249.0,1249.0,1249,1347,0,2596,9,2006.0,840.0,240,154,0,0,0,0,0,9,New,342643
2381,20,110.0,16163,NridgHt,8,2004,2004,VinylSd,VinylSd,232.0,0.0,0.0,1618.0,1618.0,1618,0,0,1618,6,2004.0,880.0,0,0,0,0,0,0,0,7,WD ,252000
2382,20,107.0,13891,NridgHt,10,2006,2006,VinylSd,VinylSd,,1386.0,0.0,690.0,2076.0,2076,0,0,2076,7,2006.0,850.0,216,229,0,0,0,0,0,9,New,465000
2383,20,108.0,12228,NridgHt,7,2006,2006,VinylSd,VinylSd,206.0,0.0,0.0,1721.0,1721.0,1740,0,0,1740,8,2006.0,874.0,0,43,0,0,0,0,0,9,New,293000
2384,20,120.0,14780,NridgHt,9,2005,2005,VinylSd,VinylSd,568.0,1505.0,0.0,363.0,1868.0,1868,0,0,1868,7,2005.0,1085.0,354,56,0,0,156,0,0,6,WD ,415000
2385,20,98.0,16033,NridgHt,9,2004,2005,VinylSd,VinylSd,378.0,1261.0,0.0,572.0,1833.0,1850,0,0,1850,8,2004.0,772.0,519,112,0,0,0,0,0,3,WD ,326000
2386,60,101.0,14215,NridgHt,8,2005,2006,VinylSd,VinylSd,380.0,0.0,0.0,1158.0,1158.0,1158,1218,0,2376,9,2005.0,853.0,240,154,0,0,0,0,0,11,New,325300
2387,60,108.0,13418,NridgHt,8,2004,2005,VinylSd,VinylSd,132.0,0.0,0.0,1117.0,1117.0,1132,1320,0,2452,9,2004.0,691.0,113,32,0,0,0,0,0,9,WD ,309000
2388,60,120.0,13975,NridgHt,9,2005,2006,VinylSd,VinylSd,525.0,0.0,0.0,1090.0,1090.0,1117,1089,0,2206,10,2005.0,670.0,148,95,0,0,0,0,0,8,New,300000
2389,60,80.0,10240,NridgHt,8,2005,2005,VinylSd,VinylSd,178.0,0.0,0.0,1030.0,1030.0,1038,1060,0,2098,8,2005.0,878.0,192,52,0,0,0,0,0,3,WD ,275500
2390,60,82.0,9942,NridgHt,9,2005,2006,MetalSd,MetalSd,385.0,1290.0,0.0,316.0,1606.0,1625,466,0,2091,8,2005.0,521.0,194,84,0,0,0,0,0,5,New,338500
2391,60,85.0,11924,NridgHt,9,2005,2006,WdShing,Wd Shng,286.0,998.0,0.0,177.0,1175.0,1182,1142,0,2324,11,2005.0,736.0,147,21,0,0,0,0,0,7,New,345000
2392,60,103.0,12867,NridgHt,8,2005,2006,CemntBd,CmentBd,,0.0,0.0,1209.0,1209.0,1209,1044,0,2253,8,2005.0,575.0,243,142,0,0,0,0,0,7,New,344133
2393,60,82.0,10672,NridgHt,8,2006,2006,VinylSd,VinylSd,0.0,0.0,0.0,1054.0,1054.0,1054,1335,0,2389,10,2006.0,672.0,176,64,0,0,0,0,0,11,New,298236
2394,60,82.0,11643,NridgHt,8,2005,2006,MetalSd,MetalSd,142.0,880.0,0.0,644.0,1524.0,1544,814,0,2358,10,2005.0,784.0,120,34,0,0,0,0,0,8,New,329900
2395,20,90.0,12378,NridgHt,9,2003,2004,VinylSd,VinylSd,0.0,1274.0,0.0,622.0,1896.0,1944,0,0,1944,8,2003.0,708.0,208,175,0,0,0,0,0,11,WD ,360000
2396,60,86.0,11065,NridgHt,8,2006,2006,VinylSd,VinylSd,788.0,0.0,0.0,1085.0,1085.0,1120,850,0,1970,8,2006.0,753.0,177,74,0,0,0,0,0,10,New,281000
2397,20,121.0,13758,NridgHt,9,2005,2006,VinylSd,VinylSd,430.0,1232.0,0.0,560.0,1792.0,1792,0,0,1792,6,2005.0,925.0,204,49,0,0,0,0,0,3,New,372397
2398,20,131.0,14828,NridgHt,9,2004,2005,MetalSd,MetalSd,674.0,1383.0,0.0,397.0,1780.0,1780,0,0,1780,7,2004.0,816.0,144,68,0,0,0,0,0,8,WD ,378000
2399,20,72.0,11846,NridgHt,9,2003,2004,VinylSd,VinylSd,562.0,1567.0,0.0,225.0,1792.0,1792,0,0,1792,6,2003.0,874.0,206,49,0,0,0,0,0,8,WD ,374000
2400,60,56.0,20431,NridgHt,9,2005,2006,CemntBd,CmentBd,870.0,1410.0,0.0,438.0,1848.0,1848,880,0,2728,10,2006.0,706.0,0,0,0,0,0,0,0,4,New,437154
2401,60,74.0,10927,NridgHt,8,2005,2005,VinylSd,VinylSd,280.0,546.0,0.0,512.0,1058.0,1058,846,0,1904,8,2003.0,736.0,179,60,0,0,0,0,0,6,WD ,275000
2402,60,,13215,NridgHt,8,2004,2004,VinylSd,VinylSd,112.0,994.0,0.0,426.0,1420.0,1426,488,0,1914,9,2004.0,746.0,168,127,0,0,0,0,0,2,WD ,279000
2403,120,43.0,7052,NridgHt,7,2005,2005,VinylSd,VinylSd,240.0,659.0,0.0,705.0,1364.0,1364,0,0,1364,6,2005.0,484.0,192,36,0,0,0,0,0,6,WD ,185850
2404,120,48.0,5911,NridgHt,9,2005,2005,MetalSd,MetalSd,278.0,472.0,0.0,1088.0,1560.0,1565,0,0,1565,6,2005.0,556.0,196,56,0,0,0,0,0,3,WD ,282500
2405,120,48.0,6955,NridgHt,7,2005,2006,VinylSd,VinylSd,94.0,0.0,0.0,1368.0,1368.0,1368,0,0,1368,6,2005.0,474.0,132,35,0,0,0,0,0,9,New,202500
2406,120,40.0,6792,NridgHt,7,2005,2006,VinylSd,VinylSd,94.0,0.0,0.0,1368.0,1368.0,1368,0,0,1368,6,2005.0,474.0,132,35,0,0,0,0,0,3,New,202665
2407,20,61.0,7740,NridgHt,9,2006,2006,MetalSd,MetalSd,518.0,1023.0,0.0,663.0,1686.0,1686,0,0,1686,6,2006.0,899.0,266,100,0,0,0,0,0,6,New,332200
2408,120,48.0,6373,NridgHt,9,2006,2006,MetalSd,MetalSd,572.0,415.0,0.0,1251.0,1666.0,1666,0,0,1666,6,2006.0,575.0,228,75,0,0,0,0,0,6,New,310090
2409,120,,3136,NridgHt,7,2003,2003,VinylSd,Wd Shng,163.0,0.0,0.0,1405.0,1405.0,1405,0,0,1405,6,2003.0,478.0,148,36,0,0,0,0,0,3,WD ,171750
2410,20,65.0,10237,Gilbert,6,2005,2006,VinylSd,VinylSd,0.0,28.0,0.0,1288.0,1316.0,1316,0,0,1316,6,2005.0,397.0,100,0,0,23,0,0,0,10,New,169990
2411,60,65.0,10237,Gilbert,6,2005,2006,VinylSd,VinylSd,0.0,0.0,0.0,728.0,728.0,728,728,0,1456,8,2005.0,390.0,0,24,0,0,0,0,0,2,New,170440
2412,60,65.0,10237,Gilbert,7,2006,2006,VinylSd,VinylSd,0.0,0.0,0.0,738.0,738.0,738,754,0,1492,8,2006.0,440.0,0,32,0,0,0,0,0,9,New,169985
2413,60,58.0,17104,Gilbert,7,2006,2006,VinylSd,VinylSd,0.0,554.0,0.0,100.0,654.0,664,832,0,1496,7,2006.0,426.0,100,24,0,0,0,0,0,9,New,179665
2414,60,58.0,14054,Gilbert,7,2006,2006,VinylSd,VinylSd,0.0,0.0,0.0,879.0,879.0,879,984,0,1863,9,2006.0,660.0,100,17,0,0,0,0,0,11,New,219210
2415,20,102.0,11660,Gilbert,6,2006,2006,VinylSd,VinylSd,0.0,0.0,0.0,1326.0,1326.0,1326,0,0,1326,6,2006.0,427.0,100,0,0,0,0,0,0,7,New,174190
2416,60,105.0,15578,Gilbert,6,2006,2006,VinylSd,VinylSd,0.0,0.0,0.0,728.0,728.0,728,728,0,1456,8,2006.0,429.0,0,0,0,0,0,0,0,5,New,172785
2417,60,96.0,11631,Gilbert,8,2004,2005,VinylSd,VinylSd,236.0,0.0,0.0,1052.0,1052.0,1052,1321,0,2373,9,2004.0,632.0,120,46,0,0,0,0,0,6,New,258000
2418,60,75.0,9073,Gilbert,7,2006,2006,VinylSd,VinylSd,0.0,0.0,0.0,738.0,738.0,738,754,0,1492,8,2006.0,440.0,100,32,0,0,0,0,0,10,New,185101
2419,120,43.0,3087,Blmngtn,7,2006,2006,VinylSd,VinylSd,14.0,453.0,0.0,767.0,1220.0,1364,0,0,1364,6,2006.0,437.0,100,16,0,0,0,0,0,11,New,210250
2420,120,,3196,Blmngtn,7,2003,2004,VinylSd,VinylSd,18.0,0.0,0.0,1374.0,1374.0,1557,0,0,1557,7,2003.0,420.0,143,20,0,0,0,0,0,10,WD ,234000
2421,120,,3196,Blmngtn,8,2003,2003,VinylSd,VinylSd,40.0,0.0,0.0,1273.0,1273.0,1456,0,0,1456,7,2003.0,400.0,143,20,0,0,0,0,0,5,WD ,215000
2422,120,,2938,Blmngtn,7,2002,2002,VinylSd,VinylSd,40.0,1038.0,0.0,330.0,1368.0,1511,0,0,1511,5,2002.0,398.0,130,30,0,0,0,0,0,5,WD ,246990
2423,120,,3072,Blmngtn,7,2004,2004,VinylSd,VinylSd,18.0,0.0,0.0,1375.0,1375.0,1414,0,0,1414,6,2004.0,398.0,144,20,0,0,0,0,0,5,WD ,178740
2424,120,,3072,Blmngtn,7,2004,2004,VinylSd,VinylSd,18.0,1059.0,0.0,306.0,1365.0,1548,0,0,1548,7,2004.0,388.0,143,20,0,0,0,0,0,9,WD ,225000
2425,120,43.0,3010,Blmngtn,7,2005,2006,VinylSd,VinylSd,16.0,16.0,0.0,1232.0,1248.0,1248,0,0,1248,5,2005.0,438.0,108,0,0,0,0,0,0,3,New,167240
2426,120,43.0,3010,Blmngtn,7,2005,2006,VinylSd,VinylSd,14.0,16.0,0.0,1126.0,1142.0,1142,0,0,1142,6,2005.0,440.0,90,0,0,0,0,0,0,6,New,156820
2427,120,43.0,3013,Blmngtn,7,2005,2005,VinylSd,VinylSd,145.0,16.0,0.0,1346.0,1362.0,1506,0,0,1506,6,2005.0,440.0,142,20,0,0,0,0,0,4,WD ,213490
2428,120,53.0,3982,Blmngtn,8,2006,2006,VinylSd,VinylSd,0.0,1154.0,0.0,366.0,1520.0,1567,0,0,1567,7,2006.0,648.0,312,0,0,0,0,0,0,10,New,264561
2429,120,53.0,4045,Blmngtn,7,2006,2006,VinylSd,VinylSd,45.0,1070.0,0.0,286.0,1356.0,1500,0,0,1500,6,2006.0,648.0,161,20,0,0,0,0,0,10,New,246578
2430,60,60.0,21930,Gilbert,5,2005,2005,VinylSd,VinylSd,0.0,0.0,0.0,732.0,732.0,734,1104,0,1838,7,2005.0,372.0,100,40,0,0,0,0,0,7,WD ,192140
2431,60,,7861,Gilbert,6,2002,2003,VinylSd,VinylSd,0.0,457.0,0.0,326.0,783.0,807,702,0,1509,7,2002.0,393.0,100,75,0,0,0,0,0,6,WD ,183200
2432,60,74.0,9056,Gilbert,8,2004,2004,VinylSd,VinylSd,0.0,0.0,0.0,707.0,707.0,707,707,0,1414,6,2004.0,403.0,100,35,0,0,0,0,0,10,WD ,178000
2433,60,59.0,9171,Gilbert,7,2004,2005,VinylSd,VinylSd,0.0,0.0,0.0,848.0,848.0,848,750,0,1598,7,2004.0,433.0,100,48,0,0,0,0,0,7,WD ,201490
2434,60,106.0,11194,Gilbert,8,2000,2000,VinylSd,VinylSd,40.0,0.0,0.0,1406.0,1406.0,1454,482,0,1936,7,2000.0,504.0,188,124,0,0,0,0,0,11,WD ,230500
2435,60,63.0,7875,Gilbert,7,2003,2003,VinylSd,VinylSd,0.0,0.0,0.0,783.0,783.0,807,702,0,1509,8,2003.0,393.0,0,75,0,0,0,0,0,7,WD ,180000
2436,60,,8121,Gilbert,6,2000,2000,VinylSd,VinylSd,0.0,0.0,0.0,953.0,953.0,953,711,0,1664,7,2000.0,460.0,100,40,0,0,0,0,0,1,WD ,172400
2437,60,,8658,Gilbert,6,2000,2000,VinylSd,VinylSd,0.0,732.0,0.0,250.0,982.0,1008,881,0,1889,9,2000.0,431.0,0,0,0,0,0,0,0,4,WD ,215000
2438,60,,11214,Gilbert,7,1998,1999,VinylSd,VinylSd,0.0,0.0,0.0,930.0,930.0,956,930,0,1886,10,1998.0,431.0,89,0,0,0,0,0,0,7,WD ,199900
2439,60,58.0,10852,Gilbert,6,2000,2000,VinylSd,VinylSd,0.0,786.0,0.0,173.0,959.0,959,712,0,1671,7,2000.0,472.0,0,38,0,0,0,0,0,2,WD ,173000
2440,60,,12104,Gilbert,7,2006,2006,VinylSd,VinylSd,0.0,0.0,0.0,1035.0,1035.0,1082,1240,0,2322,8,2006.0,617.0,400,45,0,0,0,0,0,8,New,287602
2441,60,66.0,8738,Gilbert,7,1999,1999,VinylSd,VinylSd,302.0,0.0,0.0,975.0,975.0,1005,1286,0,2291,8,1999.0,429.0,192,0,0,0,0,0,0,2,WD ,230000
2442,60,82.0,9452,NoRidge,8,1997,1998,VinylSd,VinylSd,423.0,1074.0,0.0,322.0,1396.0,1407,985,0,2392,7,1997.0,870.0,0,70,0,0,0,0,0,6,WD ,348000
2443,60,84.0,9660,NoRidge,8,1998,1998,VinylSd,VinylSd,242.0,791.0,0.0,253.0,1044.0,1079,897,0,1976,7,1998.0,885.0,210,31,0,0,0,0,0,2,WD ,286000
2444,60,83.0,9545,NoRidge,8,2000,2000,VinylSd,VinylSd,322.0,505.0,0.0,655.0,1160.0,1205,1029,0,2234,7,2000.0,768.0,0,50,0,0,0,0,0,6,WD ,300000
2445,60,118.0,35760,NoRidge,10,1995,1996,HdBoard,HdBoard,1378.0,1387.0,0.0,543.0,1930.0,1831,1796,0,3627,10,1995.0,807.0,361,76,0,0,0,0,0,7,WD ,625000
2446,60,,9233,NoRidge,9,2000,2000,VinylSd,VinylSd,877.0,1182.0,0.0,358.0,1540.0,1540,1315,0,2855,9,2000.0,774.0,247,55,0,0,0,0,0,3,WD ,405000
2447,60,78.0,12011,NoRidge,8,1998,1998,VinylSd,VinylSd,530.0,956.0,0.0,130.0,1086.0,1086,838,0,1924,7,1998.0,592.0,208,75,0,0,374,0,0,6,WD ,280000
2448,60,93.0,12090,NoRidge,8,1998,1998,VinylSd,VinylSd,650.0,0.0,0.0,1141.0,1141.0,1165,1098,0,2263,10,1998.0,420.0,144,123,0,0,0,0,0,7,WD ,258000
2449,60,83.0,10019,NoRidge,8,1995,1995,VinylSd,VinylSd,397.0,527.0,0.0,815.0,1342.0,1358,1368,0,2726,9,1995.0,725.0,307,169,168,0,0,0,0,6,WD ,350000
2450,60,114.0,17242,NoRidge,9,1993,1994,MetalSd,MetalSd,738.0,292.0,1393.0,48.0,1733.0,1933,1567,0,3500,11,1993.0,959.0,870,86,0,0,210,0,0,5,WD ,584500
2451,60,,10236,NoRidge,8,1994,1995,VinylSd,VinylSd,501.0,380.0,168.0,742.0,1290.0,1305,1189,0,2494,9,1994.0,803.0,200,95,0,0,0,0,0,6,WD ,321000
2452,60,92.0,10120,NoRidge,8,1994,1994,VinylSd,VinylSd,391.0,740.0,0.0,425.0,1165.0,1203,1323,0,2526,8,1994.0,844.0,309,78,0,0,0,0,0,12,WD ,290000
2453,60,,12585,NoRidge,8,1993,1993,HdBoard,ImStucc,420.0,247.0,1039.0,0.0,1286.0,1565,1234,0,2799,8,1993.0,704.0,432,136,0,0,0,0,0,10,WD ,315000
2454,60,75.0,12447,Somerst,8,2005,2006,CemntBd,CmentBd,192.0,0.0,0.0,1100.0,1100.0,1116,848,0,1964,8,2005.0,760.0,200,70,0,0,0,0,0,1,New,252000
2455,20,49.0,15218,Somerst,8,2006,2006,VinylSd,VinylSd,,1562.0,0.0,108.0,1670.0,1670,0,0,1670,6,2006.0,928.0,0,240,200,0,0,0,0,9,New,336820
2456,20,49.0,20896,Somerst,8,2005,2006,VinylSd,VinylSd,0.0,1721.0,0.0,356.0,2077.0,2097,0,0,2097,8,2005.0,1134.0,192,267,0,0,0,0,0,1,New,423000
2457,20,85.0,10182,Somerst,8,2006,2006,VinylSd,VinylSd,420.0,1220.0,0.0,440.0,1660.0,1660,0,0,1660,8,2006.0,500.0,322,50,0,0,0,0,0,5,New,290000
2458,20,73.0,8688,Somerst,7,2005,2005,VinylSd,VinylSd,228.0,0.0,0.0,1616.0,1616.0,1616,0,0,1616,7,2005.0,834.0,208,59,0,0,0,0,0,4,WD ,232000
2459,20,85.0,10936,Somerst,8,2006,2006,VinylSd,VinylSd,60.0,0.0,0.0,1504.0,1504.0,1504,0,0,1504,7,2006.0,510.0,144,0,0,0,0,0,0,9,New,199000
2460,20,72.0,8640,Somerst,8,2006,2006,VinylSd,VinylSd,0.0,24.0,0.0,1254.0,1278.0,1278,0,0,1278,5,2006.0,584.0,0,60,0,0,0,0,0,10,New,198600
2461,60,100.0,13162,Somerst,9,2006,2006,VinylSd,VinylSd,0.0,1836.0,0.0,200.0,2036.0,2036,604,0,2640,11,2006.0,792.0,0,265,0,0,0,0,0,11,New,405749
2462,20,81.0,11216,Somerst,8,2006,2006,VinylSd,VinylSd,0.0,0.0,0.0,1489.0,1489.0,1489,0,0,1489,7,2006.0,776.0,0,140,0,0,0,0,0,6,New,232600
2463,60,84.0,10728,Somerst,8,2006,2006,VinylSd,VinylSd,0.0,0.0,0.0,1095.0,1095.0,1095,844,0,1939,8,2006.0,1053.0,192,51,0,0,0,0,0,8,New,266000
2464,60,65.0,8125,Somerst,7,2005,2006,VinylSd,VinylSd,0.0,0.0,0.0,756.0,756.0,756,797,0,1553,6,2005.0,615.0,0,45,0,0,0,0,0,3,New,186500
2465,60,65.0,8125,Somerst,6,2005,2005,VinylSd,VinylSd,0.0,0.0,0.0,858.0,858.0,858,858,0,1716,7,2005.0,615.0,0,53,0,0,0,0,0,2,WD ,200825
2466,60,65.0,8125,Somerst,7,2006,2006,VinylSd,VinylSd,0.0,0.0,0.0,770.0,770.0,778,798,0,1576,6,2006.0,614.0,0,50,0,0,0,0,0,8,New,197000
2467,20,60.0,7200,Somerst,6,2006,2006,VinylSd,VinylSd,68.0,905.0,0.0,357.0,1262.0,1262,0,0,1262,5,2006.0,572.0,0,120,0,0,0,0,0,5,New,185000
2468,20,62.0,7500,Somerst,7,2005,2005,VinylSd,VinylSd,0.0,0.0,0.0,1257.0,1257.0,1266,0,0,1266,6,2005.0,453.0,38,144,0,0,0,0,0,4,WD ,176000
2469,20,60.0,7200,Somerst,7,2006,2006,VinylSd,VinylSd,0.0,0.0,0.0,1293.0,1293.0,1301,0,0,1301,5,2006.0,572.0,216,121,0,0,0,0,0,8,New,187750
2470,20,74.0,7733,SawyerW,6,2005,2005,VinylSd,VinylSd,0.0,24.0,0.0,1118.0,1142.0,1142,0,0,1142,5,,0.0,4,50,0,0,0,0,0,1,WD ,139500
2471,20,91.0,11024,SawyerW,7,2005,2006,VinylSd,VinylSd,118.0,0.0,0.0,1400.0,1400.0,1400,0,0,1400,6,2005.0,612.0,144,55,0,0,0,0,0,10,New,186800
2472,20,63.0,13072,SawyerW,6,2005,2006,VinylSd,VinylSd,0.0,0.0,0.0,1131.0,1131.0,1131,0,0,1131,6,,0.0,0,39,0,0,0,0,0,3,New,132000
2473,20,63.0,13072,SawyerW,6,2005,2005,VinylSd,VinylSd,0.0,0.0,0.0,1141.0,1141.0,1141,0,0,1141,6,2005.0,484.0,0,0,0,0,0,0,0,3,WD ,142500
2474,20,63.0,13072,SawyerW,6,2004,2004,VinylSd,VinylSd,0.0,941.0,0.0,217.0,1158.0,1158,0,0,1158,5,2006.0,576.0,0,50,0,0,0,0,0,5,New,158000
2475,60,65.0,7800,SawyerW,7,2005,2005,VinylSd,VinylSd,172.0,0.0,0.0,891.0,891.0,891,795,0,1686,8,2005.0,462.0,144,101,0,0,0,0,0,4,WD ,184000
2476,60,74.0,7632,SawyerW,7,2005,2005,VinylSd,VinylSd,96.0,0.0,0.0,784.0,784.0,831,754,0,1585,7,2005.0,449.0,100,77,0,0,0,0,0,3,WD ,184900
2477,60,70.0,8304,SawyerW,6,1997,1998,VinylSd,VinylSd,0.0,0.0,0.0,941.0,941.0,941,896,0,1837,7,1997.0,688.0,150,165,0,0,0,0,0,7,WD ,187000
2478,60,65.0,7153,SawyerW,6,1992,1992,VinylSd,VinylSd,0.0,387.0,0.0,374.0,761.0,810,793,0,1603,7,1992.0,484.0,0,124,0,0,0,0,0,7,WD ,175900
2479,60,70.0,9370,SawyerW,6,1992,1993,HdBoard,HdBoard,0.0,758.0,0.0,78.0,836.0,844,887,0,1731,7,1992.0,462.0,307,85,0,0,224,0,3000,10,WD ,248500
2480,120,50.0,7175,SawyerW,6,1990,1991,Plywood,Plywood,0.0,904.0,0.0,494.0,1398.0,1398,0,0,1398,5,1990.0,542.0,0,46,0,0,0,0,0,7,WD ,172000
2481,120,50.0,7175,SawyerW,6,1991,1991,Plywood,Plywood,0.0,278.0,0.0,939.0,1217.0,1217,0,0,1217,5,1991.0,484.0,0,64,0,0,0,0,0,6,WD ,151000
2482,60,,9019,SawyerW,6,1994,1994,VinylSd,VinylSd,0.0,274.0,0.0,362.0,636.0,636,684,0,1320,6,1994.0,472.0,0,40,0,0,0,0,0,7,WD ,150000
2483,20,,8900,SawyerW,4,1966,1966,HdBoard,HdBoard,0.0,1056.0,0.0,0.0,1056.0,1056,0,0,1056,5,1966.0,384.0,0,42,0,0,0,0,0,11,WD ,107000
2484,20,60.0,7800,SawyerW,5,1965,1965,VinylSd,VinylSd,0.0,641.0,0.0,187.0,828.0,965,0,0,965,6,1979.0,300.0,421,0,0,0,0,0,0,7,WD ,119900
2485,20,70.0,9100,Sawyer,5,1962,1962,Wd Sdng,Wd Sdng,51.0,36.0,0.0,952.0,988.0,988,0,0,988,6,1977.0,624.0,0,0,0,0,0,0,0,7,WD ,129500
2486,90,70.0,9100,Sawyer,5,1963,1963,HdBoard,HdBoard,336.0,1332.0,0.0,396.0,1728.0,1728,0,0,1728,10,1963.0,504.0,0,0,0,0,0,0,0,11,ConLI,125000
2487,90,68.0,8927,Sawyer,6,1977,1977,VinylSd,VinylSd,0.0,0.0,0.0,0.0,0.0,1286,368,0,1654,10,1977.0,528.0,0,0,0,0,0,0,0,8,WD ,119500
2488,20,,9240,Sawyer,5,1962,2002,HdBoard,HdBoard,0.0,612.0,0.0,252.0,864.0,1211,0,0,1211,6,1972.0,576.0,161,0,0,0,0,0,0,3,WD ,144000
2489,80,88.0,8471,Sawyer,6,1977,1995,HdBoard,Plywood,46.0,506.0,0.0,0.0,506.0,1212,0,0,1212,6,1978.0,492.0,292,12,0,0,0,0,0,7,WD ,151000
2490,20,,9308,Sawyer,5,1965,1965,HdBoard,HdBoard,0.0,554.0,0.0,430.0,984.0,984,0,0,984,5,1965.0,310.0,0,0,0,0,0,0,0,7,WD ,126000
2491,20,65.0,8450,Sawyer,5,1968,1968,Plywood,Plywood,90.0,162.0,270.0,450.0,882.0,909,0,0,909,5,1968.0,294.0,0,155,0,0,0,0,0,11,COD,116000
2492,20,,8638,Sawyer,5,1963,1963,HdBoard,HdBoard,0.0,181.0,0.0,744.0,925.0,925,0,0,925,5,1990.0,484.0,203,74,0,0,0,0,0,10,WD ,133500
2493,20,,13052,Sawyer,5,1965,1965,HdBoard,HdBoard,0.0,712.0,0.0,312.0,1024.0,1024,0,0,1024,5,1965.0,308.0,0,0,0,0,0,0,0,1,WD ,120875
2494,20,,13526,Sawyer,5,1965,1965,HdBoard,Plywood,114.0,560.0,375.0,0.0,935.0,935,0,0,935,5,1965.0,288.0,180,0,0,0,0,0,0,11,WD ,137000
2495,20,,8020,Sawyer,5,1964,1964,HdBoard,HdBoard,0.0,644.0,0.0,268.0,912.0,912,0,0,912,6,,0.0,0,0,0,0,0,0,0,4,WD ,124000
2496,20,65.0,6993,Sawyer,5,1961,1994,HdBoard,Plywood,0.0,465.0,0.0,447.0,912.0,1236,0,0,1236,6,1961.0,288.0,0,0,0,0,0,0,0,6,WD ,135000
2497,20,,8789,Sawyer,5,1967,1967,VinylSd,VinylSd,0.0,659.0,0.0,253.0,912.0,941,0,0,941,6,1967.0,288.0,64,0,0,0,0,0,0,6,WD ,129200
2498,80,100.0,14330,Veenker,7,1974,1974,WdShing,Wd Sdng,145.0,1023.0,497.0,228.0,1748.0,2151,495,0,2646,9,1974.0,550.0,641,100,0,0,0,800,0,1,WD ,260000
2499,60,121.0,16059,NoRidge,8,1991,1992,HdBoard,HdBoard,284.0,0.0,0.0,1288.0,1288.0,1301,1116,0,2417,9,1991.0,462.0,127,82,0,0,0,0,0,4,WD ,260000
2500,60,105.0,11025,NoRidge,8,1992,1993,HdBoard,ImStucc,692.0,1118.0,0.0,216.0,1334.0,1520,1306,0,2826,9,1992.0,888.0,177,208,186,0,0,0,0,10,WD ,334000
2501,60,,14541,NoRidge,8,1993,1993,MetalSd,MetalSd,0.0,1012.0,0.0,326.0,1338.0,1352,1168,0,2520,10,1993.0,796.0,209,55,0,0,0,0,0,11,WD ,310000
2502,60,,13346,NoRidge,7,1992,2000,HdBoard,HdBoard,0.0,728.0,0.0,367.0,1095.0,1166,1129,0,2295,9,1992.0,590.0,0,40,0,0,0,0,0,7,WD ,268000
2503,20,89.0,12461,NoRidge,8,1994,1995,ImStucc,ImStucc,0.0,1456.0,0.0,168.0,1624.0,1624,0,0,1624,5,1994.0,757.0,0,114,192,0,0,0,0,7,WD ,262000
2504,120,34.0,3628,Somerst,7,2004,2004,MetalSd,MetalSd,0.0,0.0,0.0,1143.0,1143.0,1143,0,0,1143,5,2004.0,588.0,0,191,0,0,0,0,0,5,WD ,176400
2505,120,37.0,3316,Somerst,8,2005,2005,MetalSd,MetalSd,0.0,1039.0,0.0,208.0,1247.0,1247,0,0,1247,4,2005.0,550.0,0,84,0,0,0,0,0,4,WD ,197000
2506,160,30.0,3180,Somerst,7,2005,2005,MetalSd,MetalSd,0.0,0.0,0.0,600.0,600.0,520,600,80,1200,4,2005.0,480.0,0,166,0,0,0,0,0,6,WD ,151000
2507,160,24.0,2544,Somerst,7,2005,2005,MetalSd,MetalSd,0.0,0.0,0.0,600.0,600.0,520,623,80,1223,4,2005.0,480.0,0,166,0,0,0,0,0,7,WD ,147400
2508,160,24.0,2544,Somerst,7,2005,2005,MetalSd,MetalSd,0.0,0.0,0.0,600.0,600.0,520,623,80,1223,4,2005.0,480.0,0,166,0,0,0,0,0,7,WD ,149900
2509,160,30.0,3180,Somerst,7,2005,2005,MetalSd,MetalSd,0.0,0.0,0.0,600.0,600.0,520,600,80,1200,4,2005.0,480.0,0,166,0,0,0,0,0,4,WD ,144152
2510,160,,2998,Somerst,6,2000,2000,MetalSd,MetalSd,513.0,353.0,0.0,403.0,756.0,768,756,0,1524,4,2000.0,440.0,0,32,0,0,0,0,0,6,WD ,166000
2511,160,35.0,3735,Somerst,7,1999,1999,MetalSd,MetalSd,218.0,450.0,0.0,241.0,691.0,713,739,0,1452,6,1999.0,506.0,0,34,0,0,0,0,0,3,WD ,183900
2512,160,,2651,Somerst,7,2000,2000,MetalSd,MetalSd,0.0,641.0,0.0,32.0,673.0,673,709,0,1382,6,2000.0,490.0,153,50,0,0,0,0,0,4,WD ,165000
2513,160,,4447,Somerst,7,2003,2003,VinylSd,VinylSd,0.0,0.0,0.0,530.0,530.0,530,550,0,1080,4,2003.0,496.0,0,50,0,0,0,0,0,7,WD ,139000
2514,60,114.0,8314,Somerst,7,1997,1998,Wd Sdng,Wd Sdng,0.0,0.0,0.0,569.0,569.0,854,840,0,1694,6,1997.0,434.0,0,382,0,0,110,0,0,11,WD ,200000
2515,20,60.0,7180,Somerst,8,2001,2002,CemntBd,CmentBd,0.0,0.0,0.0,1568.0,1568.0,1568,0,0,1568,6,2001.0,564.0,0,266,0,0,0,0,0,9,WD ,221000
2516,120,30.0,9549,Veenker,8,1995,1996,BrkFace,BrkFace,0.0,437.0,1057.0,0.0,1494.0,1494,0,0,1494,6,1995.0,481.0,0,30,0,0,216,0,0,4,WD ,270000
2517,20,,11250,Veenker,6,1977,1977,Plywood,Plywood,0.0,767.0,0.0,441.0,1208.0,1208,0,0,1208,6,1977.0,546.0,198,42,0,0,0,0,0,6,WD ,165000
2518,120,,3760,Greens,8,1980,1980,Wd Sdng,Wd Sdng,0.0,1009.0,182.0,44.0,1235.0,1235,0,0,1235,4,1980.0,484.0,133,78,0,0,0,0,0,5,WD ,214000
2519,120,36.0,3640,Greens,8,1980,1980,Wd Sdng,Wd Sdng,0.0,860.0,0.0,176.0,1036.0,1036,0,0,1036,4,1980.0,484.0,133,108,0,0,0,0,0,9,WD ,188000
2520,120,40.0,3874,Greens,8,1980,1980,Wd Sdng,Wd Sdng,0.0,807.0,0.0,419.0,1226.0,1226,0,0,1226,4,1980.0,484.0,133,78,0,0,0,0,0,7,WD ,190000
2521,120,40.0,3876,Greens,8,1978,1978,Wd Sdng,Plywood,0.0,652.0,526.0,48.0,1226.0,1226,0,0,1226,4,1978.0,484.0,133,60,0,0,0,0,0,7,WD ,170000
2522,20,68.0,50271,Veenker,9,1981,1987,WdShing,Wd Shng,0.0,1810.0,0.0,32.0,1842.0,1842,0,0,1842,5,1981.0,894.0,857,72,0,0,0,0,0,11,WD ,385000
2523,190,79.0,13110,NWAmes,5,1972,1972,Plywood,Plywood,144.0,962.0,0.0,191.0,1153.0,1193,0,0,1193,6,1972.0,501.0,140,153,0,0,0,0,0,7,WD ,146500
2524,80,102.0,10192,NWAmes,7,1968,1992,MetalSd,MetalSd,143.0,0.0,0.0,570.0,570.0,1222,698,0,1920,8,1968.0,487.0,0,98,0,0,0,0,0,9,WD ,170000
2525,20,,20781,NWAmes,7,1968,2003,BrkFace,HdBoard,0.0,297.0,68.0,1203.0,1568.0,2156,0,0,2156,9,1968.0,508.0,0,80,0,290,0,0,0,6,WD ,262500
2526,60,90.0,11700,NWAmes,6,1968,1968,HdBoard,HdBoard,420.0,404.0,0.0,304.0,708.0,708,708,0,1416,7,1968.0,776.0,0,169,0,0,119,0,0,5,WD ,179900
2527,60,,11029,NWAmes,6,1968,1984,HdBoard,HdBoard,220.0,619.0,0.0,435.0,1054.0,1512,1142,0,2654,9,1968.0,619.0,0,65,0,0,222,0,0,8,WD ,250000
2528,60,80.0,10400,NWAmes,6,1972,1972,VinylSd,VinylSd,288.0,247.0,0.0,485.0,732.0,1012,778,0,1790,8,1972.0,484.0,148,0,0,0,147,0,0,11,WD ,165150
2529,20,78.0,10140,NWAmes,7,1967,1967,HdBoard,HdBoard,264.0,553.0,68.0,713.0,1334.0,1334,0,0,1334,7,1967.0,477.0,0,20,35,0,264,0,0,4,WD ,164500
2530,20,80.0,9600,NWAmes,7,1969,1969,HdBoard,HdBoard,168.0,0.0,0.0,1164.0,1164.0,1164,0,0,1164,6,1969.0,528.0,0,0,0,0,0,0,0,7,COD,140000
2531,80,75.0,9750,NAmes,5,1967,1967,VinylSd,VinylSd,0.0,400.0,480.0,100.0,980.0,980,0,0,980,6,1967.0,384.0,68,0,0,0,0,0,0,10,WD ,135500
2532,20,80.0,9600,NAmes,5,1968,1968,MetalSd,MetalSd,0.0,758.0,0.0,293.0,1051.0,1051,0,0,1051,6,1968.0,504.0,0,0,0,0,0,0,0,7,WD ,142000
2533,60,72.0,8640,NAmes,5,1968,1968,HdBoard,HdBoard,300.0,361.0,483.0,56.0,900.0,884,886,0,1770,7,1968.0,530.0,0,60,0,0,270,0,455,6,WD ,155000
2534,20,78.0,9360,NAmes,6,1968,2004,HdBoard,HdBoard,203.0,760.0,0.0,216.0,976.0,976,0,0,976,4,1968.0,504.0,94,0,0,0,0,0,0,8,WD ,157500
2535,20,70.0,8400,NAmes,5,1968,1968,HdBoard,HdBoard,168.0,1016.0,0.0,36.0,1052.0,1052,0,0,1052,5,1968.0,288.0,356,0,0,0,0,0,0,11,WD ,138500
2536,85,70.0,8400,NAmes,5,1968,1968,HdBoard,HdBoard,0.0,744.0,0.0,89.0,833.0,898,0,0,898,6,1968.0,326.0,143,0,0,0,0,0,0,8,WD ,140000
2537,20,,9759,NAmes,5,1966,1966,Plywood,Plywood,0.0,799.0,0.0,252.0,1051.0,1051,0,0,1051,6,1966.0,264.0,182,88,0,0,0,0,0,3,WD ,124400
2538,80,80.0,9600,NAmes,5,1967,1967,MetalSd,MetalSd,140.0,602.0,402.0,137.0,1141.0,1141,0,0,1141,6,1967.0,568.0,0,78,0,0,0,0,0,7,WD ,158000
2539,20,71.0,9230,NAmes,5,1965,1998,MetalSd,MetalSd,166.0,661.0,0.0,203.0,864.0,1200,0,0,1200,6,1977.0,884.0,0,64,0,0,0,0,0,10,WD ,146000
2540,60,,14803,NWAmes,6,1971,1971,HdBoard,HdBoard,252.0,416.0,0.0,409.0,825.0,1097,896,0,1993,8,1971.0,495.0,0,66,0,0,0,0,0,6,WD ,190000
2541,20,,10659,NAmes,5,1961,1961,Wd Sdng,Wd Sdng,0.0,915.0,0.0,135.0,1050.0,1050,0,0,1050,6,1961.0,368.0,0,319,0,0,0,0,0,1,COD,136500
2542,20,70.0,9100,NAmes,5,1958,1958,VinylSd,VinylSd,0.0,521.0,174.0,169.0,864.0,864,0,0,864,5,1964.0,624.0,0,0,0,0,0,0,0,7,WD ,129900
2543,90,70.0,8393,NAmes,5,1959,2005,MetalSd,MetalSd,122.0,528.0,0.0,1098.0,1626.0,1712,0,0,1712,8,2005.0,588.0,272,54,0,0,0,0,0,6,WD ,145000
2544,190,80.0,8800,NAmes,6,1965,2000,BrkFace,VinylSd,0.0,901.0,252.0,34.0,1187.0,1565,0,0,1565,7,1965.0,299.0,200,25,211,0,0,0,460,6,WD ,185900
2545,20,80.0,8800,NAmes,6,1964,1964,HdBoard,HdBoard,425.0,553.0,0.0,698.0,1251.0,1251,0,0,1251,6,1964.0,461.0,0,116,0,0,0,0,700,3,WD ,160000
2546,20,,10368,NAmes,6,1964,1964,HdBoard,HdBoard,112.0,260.0,748.0,0.0,1008.0,1488,0,0,1488,7,1964.0,430.0,154,60,0,0,0,0,0,4,WD ,167000
2547,60,85.0,9350,NAmes,5,1964,1964,HdBoard,HdBoard,0.0,360.0,0.0,360.0,720.0,720,720,0,1440,7,1964.0,480.0,0,32,240,0,0,0,0,7,WD ,157500
2548,190,75.0,10382,NAmes,6,1958,1958,HdBoard,HdBoard,105.0,513.0,0.0,75.0,588.0,1095,0,0,1095,6,1958.0,264.0,0,0,0,0,0,0,0,3,ConLD,140000
2549,20,69.0,8973,NAmes,5,1958,1991,Plywood,Plywood,85.0,567.0,28.0,413.0,1008.0,1053,0,0,1053,6,1998.0,750.0,0,80,0,180,0,0,0,7,WD ,150000
2550,20,80.0,10800,NAmes,5,1960,1960,Wd Sdng,Wd Sdng,88.0,632.0,0.0,616.0,1248.0,1248,0,0,1248,6,1960.0,286.0,0,0,0,0,0,0,0,5,WD ,151500
2551,30,60.0,8550,NAmes,6,1934,1950,MetalSd,MetalSd,0.0,574.0,0.0,242.0,816.0,816,0,0,816,4,1949.0,240.0,228,0,40,0,0,0,0,7,WD ,129800
2552,20,,11425,NAmes,5,1954,1954,BrkFace,BrkFace,0.0,486.0,0.0,522.0,1008.0,1008,0,0,1008,4,1954.0,275.0,0,0,120,0,0,0,0,7,WD ,137000
2553,20,68.0,9724,NAmes,5,1947,1950,BrkFace,BrkFace,0.0,0.0,0.0,938.0,938.0,1043,0,0,1043,5,1947.0,273.0,125,48,0,0,0,0,0,5,WD ,137000
2554,50,51.0,4712,BrkSide,4,1946,1950,MetalSd,MetalSd,0.0,384.0,0.0,363.0,747.0,774,456,0,1230,5,1946.0,305.0,0,57,0,0,63,0,0,8,WD ,121600
2555,30,51.0,5900,BrkSide,4,1923,1958,Wd Sdng,Wd Sdng,0.0,0.0,0.0,440.0,440.0,869,0,0,869,4,,0.0,0,0,0,0,0,0,0,8,WD ,85500
2556,30,52.0,5825,BrkSide,4,1926,1953,MetalSd,MetalSd,108.0,0.0,0.0,600.0,600.0,747,0,0,747,5,1953.0,528.0,0,0,32,0,0,0,0,6,WD ,79900
2557,50,92.0,7438,BrkSide,5,1908,1991,AsbShng,Plywood,0.0,0.0,0.0,504.0,504.0,936,316,0,1252,5,1986.0,576.0,104,0,0,0,0,0,0,6,WD ,127000
2558,20,80.0,9600,NAmes,5,1961,1990,WdShing,Wd Shng,0.0,915.0,0.0,336.0,1251.0,1433,0,0,1433,7,1961.0,441.0,144,0,205,0,0,0,0,6,WD ,161000
2559,20,89.0,10858,NAmes,5,1952,1952,Wd Sdng,Plywood,150.0,40.0,0.0,1404.0,1444.0,1624,0,0,1624,6,1952.0,240.0,0,40,324,0,0,0,0,7,WD ,146500
2560,20,80.0,9600,NAmes,5,1951,1951,HdBoard,HdBoard,144.0,996.0,0.0,60.0,1056.0,1216,0,0,1216,7,1951.0,280.0,0,0,0,0,0,0,0,5,WD ,135000
2561,20,89.0,10680,NAmes,5,1951,1951,Wd Sdng,Wd Sdng,44.0,756.0,0.0,1380.0,2136.0,2136,0,0,2136,7,1951.0,528.0,0,30,0,0,0,0,0,10,WD ,137900
2562,50,79.0,9490,NAmes,6,1941,1950,Wd Sdng,Wd Sdng,0.0,403.0,165.0,238.0,806.0,958,620,0,1578,5,1941.0,240.0,0,0,32,0,0,0,0,8,WD ,133000
2563,60,79.0,9462,NAmes,5,1949,1973,Wd Sdng,Wd Sdng,0.0,0.0,0.0,704.0,704.0,1024,704,0,1728,7,1949.0,234.0,245,60,0,0,0,0,0,7,WD ,137000
2564,20,82.0,9888,NAmes,5,1954,1975,MetalSd,MetalSd,0.0,486.0,0.0,450.0,936.0,936,0,0,936,5,1954.0,240.0,0,0,160,0,0,0,0,3,WD ,121000
2565,90,,8917,NAmes,5,1967,1967,Plywood,Plywood,0.0,0.0,0.0,1584.0,1584.0,1584,0,0,1584,8,1967.0,506.0,0,0,0,0,0,0,0,10,WD ,119000
2566,80,,12700,NAmes,6,1964,1964,HdBoard,HdBoard,0.0,939.0,0.0,307.0,1246.0,1246,0,0,1246,6,1964.0,441.0,0,69,0,0,0,0,0,11,WD ,172000
2567,20,85.0,8500,NAmes,5,1961,1961,HdBoard,HdBoard,203.0,600.0,0.0,635.0,1235.0,1235,0,0,1235,6,1961.0,480.0,0,0,0,0,0,0,0,12,WD ,98600
2568,60,88.0,14200,NAmes,7,1966,1966,MetalSd,MetalSd,309.0,445.0,0.0,479.0,924.0,1216,941,0,2157,8,1966.0,487.0,105,66,0,0,0,0,0,5,WD ,226000
2569,20,75.0,9000,NAmes,5,1954,1954,Wd Sdng,Wd Sdng,0.0,812.0,0.0,124.0,936.0,1128,0,0,1128,5,1954.0,286.0,0,0,0,0,0,0,0,6,WD ,118000
2570,75,174.0,25419,NAmes,8,1918,1990,Stucco,Stucco,0.0,1036.0,184.0,140.0,1360.0,1360,1360,392,3112,8,1918.0,795.0,0,16,552,0,0,512,0,3,WD ,235000
2571,20,109.0,9723,NAmes,6,1963,1963,MetalSd,MetalSd,332.0,0.0,0.0,1008.0,1008.0,1008,0,0,1008,5,1963.0,430.0,0,0,0,0,0,0,0,10,WD ,135000
2572,90,70.0,7728,NAmes,5,1962,1962,Wd Sdng,Wd Sdng,120.0,803.0,0.0,303.0,1106.0,1190,0,0,1190,6,1962.0,540.0,0,18,0,0,0,0,0,5,WD ,132500
2573,80,70.0,8163,NAmes,5,1959,1959,HdBoard,HdBoard,128.0,748.0,294.0,102.0,1144.0,1144,0,0,1144,6,1959.0,796.0,86,0,0,0,0,0,0,3,WD ,143000
2574,20,70.0,8400,NAmes,5,1957,1957,BrkFace,BrkFace,0.0,623.0,0.0,556.0,1179.0,1364,0,0,1364,6,1957.0,331.0,0,60,0,0,0,0,0,3,WD ,132000
2575,20,80.0,11600,NAmes,6,1960,1960,Wd Sdng,Wd Sdng,175.0,565.0,0.0,818.0,1383.0,1383,0,0,1383,7,1960.0,292.0,0,45,0,0,0,0,0,4,WD ,145250
2576,20,,9610,NAmes,6,1958,1958,Wd Sdng,Wd Sdng,632.0,203.0,0.0,918.0,1121.0,1336,0,0,1336,7,1958.0,488.0,80,0,0,0,0,0,0,12,WD ,162000
2577,80,125.0,10000,NAmes,5,1956,1956,Wd Sdng,Wd Sdng,272.0,678.0,281.0,99.0,1058.0,1370,0,0,1370,6,1956.0,300.0,191,0,0,0,120,0,0,2,WD ,148000
2578,20,69.0,14850,NAmes,5,1957,1957,Wd Sdng,Wd Sdng,0.0,895.0,0.0,197.0,1092.0,1092,0,0,1092,6,1957.0,299.0,268,0,0,0,122,0,0,5,WD ,141000
2579,20,72.0,10152,NAmes,6,1956,1994,Wd Sdng,Wd Sdng,0.0,914.0,0.0,210.0,1124.0,1124,0,0,1124,6,1956.0,353.0,0,211,180,0,142,0,0,5,WD ,153000
2580,20,72.0,10011,NAmes,5,1957,1996,HdBoard,HdBoard,64.0,360.0,0.0,710.0,1070.0,1236,0,0,1236,6,1957.0,447.0,0,0,0,0,0,0,0,5,WD ,134450
2581,90,,7032,NAmes,5,1979,1979,MetalSd,MetalSd,0.0,943.0,0.0,0.0,943.0,943,0,0,943,4,1979.0,600.0,42,0,0,0,0,0,0,12,WD ,135960
2582,20,70.0,8092,NAmes,6,1954,2000,Wd Sdng,Wd Sdng,176.0,824.0,0.0,226.0,1050.0,1050,0,0,1050,6,1954.0,286.0,0,0,0,0,0,0,0,6,WD ,156000
2583,20,75.0,11310,NAmes,6,1954,1954,Wd Sdng,BrkFace,0.0,0.0,0.0,1367.0,1367.0,1375,0,0,1375,5,1954.0,451.0,0,30,0,0,0,0,0,6,WD ,140000
2584,20,66.0,12778,NAmes,5,1952,2003,MetalSd,MetalSd,0.0,658.0,0.0,350.0,1008.0,1008,0,0,1008,4,1952.0,280.0,0,154,0,0,0,0,0,1,WD ,139500
2585,20,75.0,10170,NAmes,6,1951,1951,Wd Sdng,Wd Sdng,522.0,0.0,0.0,216.0,216.0,1575,0,0,1575,5,1951.0,400.0,0,0,0,0,0,0,0,6,WD ,155000
2586,80,55.0,7700,NAmes,5,1956,1956,VinylSd,VinylSd,0.0,271.0,0.0,30.0,301.0,1145,0,0,1145,6,1993.0,684.0,0,0,0,0,0,0,0,9,WD ,127000
2587,20,65.0,11050,NAmes,5,1956,1956,Wd Sdng,Wd Sdng,0.0,488.0,0.0,517.0,1005.0,1005,0,0,1005,6,1956.0,319.0,0,0,0,0,288,0,0,7,WD ,133500
2588,20,80.0,13600,NAmes,5,1955,1955,HdBoard,HdBoard,0.0,144.0,912.0,0.0,1056.0,1056,0,0,1056,6,1955.0,300.0,0,0,0,0,0,0,650,11,WD ,125000
2589,20,85.0,15428,NAmes,5,1951,1991,MetalSd,MetalSd,0.0,741.0,0.0,143.0,884.0,884,0,0,884,4,1951.0,270.0,0,0,0,0,195,0,0,6,WD ,142000
2590,30,118.0,21299,NAmes,7,1941,1963,BrkFace,BrkFace,0.0,0.0,0.0,929.0,929.0,2039,0,0,2039,7,1941.0,791.0,0,0,90,0,0,0,0,12,COD,167000
2591,20,70.0,13300,NAmes,5,1956,2001,Wd Sdng,VinylSd,0.0,494.0,0.0,521.0,1015.0,1384,0,0,1384,6,2001.0,896.0,75,0,0,323,0,0,400,6,WD ,159000
2592,190,94.0,22136,OldTown,5,1925,1975,MetalSd,MetalSd,0.0,1018.0,0.0,1153.0,2171.0,1392,1248,0,2640,10,1977.0,1008.0,631,48,148,0,0,0,0,7,WD ,180000
2593,50,50.0,7500,NAmes,6,1947,1950,VinylSd,VinylSd,0.0,0.0,0.0,784.0,784.0,900,412,0,1312,6,1953.0,649.0,0,28,0,0,0,0,0,10,WD ,127000
2594,50,50.0,7000,OldTown,6,1924,1950,MetalSd,MetalSd,0.0,617.0,0.0,0.0,617.0,865,445,0,1310,6,1924.0,398.0,0,0,126,0,0,0,0,5,COD,112000
2595,30,60.0,10410,OldTown,3,1930,2001,VinylSd,VinylSd,0.0,0.0,0.0,713.0,713.0,713,0,0,713,5,1936.0,371.0,0,75,161,0,0,0,0,10,WD ,99800
2596,20,90.0,5400,OldTown,5,1954,2000,MetalSd,MetalSd,0.0,415.0,0.0,418.0,833.0,833,0,0,833,4,1955.0,326.0,0,0,0,0,0,0,0,8,WD ,117000
2597,30,60.0,5400,OldTown,5,1921,1968,MetalSd,MetalSd,0.0,0.0,0.0,1073.0,1073.0,1073,0,0,1073,4,1968.0,326.0,0,0,112,0,0,0,0,12,WD ,108480
2598,30,60.0,10914,NAmes,3,1929,1950,Wd Sdng,Wd Sdng,0.0,0.0,0.0,715.0,715.0,715,0,0,715,4,1967.0,660.0,0,0,75,0,112,0,0,8,WD ,68000
2599,50,60.0,7008,OldTown,4,1900,1998,MetalSd,MetalSd,0.0,0.0,0.0,448.0,448.0,448,272,0,720,5,1900.0,280.0,0,0,70,0,0,0,0,3,WD ,86900
2600,30,60.0,10800,OldTown,5,1920,1950,Stucco,Stucco,0.0,821.0,0.0,299.0,1120.0,1130,0,0,1130,5,1970.0,720.0,229,0,0,0,0,0,0,6,WD ,120000
2601,70,60.0,7200,OldTown,6,1915,1950,MetalSd,MetalSd,0.0,338.0,0.0,325.0,663.0,774,821,0,1595,7,1974.0,528.0,49,0,231,0,0,0,0,4,WD ,155500
2602,50,60.0,10818,OldTown,4,1910,1950,VinylSd,VinylSd,0.0,0.0,0.0,1077.0,1077.0,981,779,0,1760,7,1935.0,648.0,120,0,96,0,0,0,0,2,COD,80000
2603,50,60.0,10410,OldTown,3,1915,1950,Wd Sdng,Wd Sdng,0.0,0.0,0.0,672.0,672.0,694,520,0,1214,6,1998.0,936.0,216,0,160,0,0,0,0,1,WD ,105000
2604,190,60.0,10800,OldTown,5,1900,1970,Wd Sdng,Wd Sdng,0.0,664.0,0.0,290.0,954.0,1766,648,0,2414,10,1970.0,520.0,142,0,0,0,0,0,0,5,ConLD,160000
2605,50,60.0,10800,OldTown,5,1936,1989,Wd Sdng,Wd Sdng,0.0,626.0,0.0,170.0,796.0,1096,370,0,1466,7,1950.0,566.0,436,21,0,0,0,0,500,4,WD ,170000
2606,20,84.0,8658,NAmes,6,1965,1965,Wd Sdng,Wd Sdng,101.0,643.0,0.0,445.0,1088.0,1324,0,0,1324,6,1965.0,440.0,0,138,0,0,0,0,0,12,WD ,160000
2607,80,85.0,13400,NAmes,5,1966,1966,VinylSd,VinylSd,1047.0,516.0,128.0,380.0,1024.0,1086,0,0,1086,6,1966.0,484.0,0,0,0,0,0,0,0,6,WD ,159950
2608,80,83.0,10184,NAmes,6,1963,1963,HdBoard,HdBoard,379.0,580.0,0.0,503.0,1083.0,1146,0,0,1146,6,1963.0,294.0,345,75,0,0,0,0,0,6,WD ,165000
2609,50,77.0,9786,NAmes,6,1962,1981,Wd Sdng,Wd Sdng,0.0,600.0,0.0,312.0,912.0,1085,649,0,1734,7,1962.0,440.0,0,0,0,0,128,0,0,6,WD ,159000
2610,20,77.0,9510,NAmes,6,1962,1985,HdBoard,HdBoard,161.0,701.0,0.0,434.0,1135.0,1207,0,0,1207,6,1962.0,264.0,0,240,0,0,0,0,0,5,WD ,147000
2611,20,66.0,7800,NAmes,5,1964,1964,Wd Sdng,Wd Sdng,0.0,312.0,600.0,0.0,912.0,912,0,0,912,5,1964.0,288.0,0,0,0,0,0,0,0,11,WD ,115000
2612,20,79.0,8910,NAmes,6,1959,1959,BrkFace,BrkFace,0.0,655.0,0.0,0.0,655.0,1194,0,0,1194,6,1954.0,539.0,0,0,192,0,0,0,0,7,WD ,159500
2613,20,60.0,7332,NAmes,6,1959,1959,WdShing,Wd Shng,207.0,414.0,0.0,450.0,864.0,864,0,0,864,4,1959.0,288.0,168,0,0,0,0,0,0,10,WD ,120000
2614,20,73.0,7100,NAmes,5,1957,1957,WdShing,Wd Shng,0.0,708.0,0.0,108.0,816.0,816,0,0,816,5,1957.0,308.0,0,0,0,0,0,0,0,7,WD ,129900
2615,20,80.0,10800,NAmes,6,1961,1992,HdBoard,HdBoard,104.0,913.0,0.0,400.0,1313.0,1773,0,0,1773,6,1961.0,418.0,355,98,0,0,144,0,0,8,WD ,183000
2616,20,86.0,11650,NAmes,7,1959,1959,Plywood,Plywood,58.0,0.0,0.0,0.0,0.0,1472,0,0,1472,5,1959.0,484.0,0,68,0,0,227,0,0,6,WD ,157500
2617,60,,18275,NAmes,7,1962,1998,Plywood,Plywood,0.0,636.0,0.0,802.0,1438.0,1900,548,0,2448,9,1962.0,441.0,520,102,0,0,0,0,0,9,WD ,277500
2618,20,47.0,16321,NAmes,5,1957,1997,MetalSd,MetalSd,0.0,1277.0,0.0,207.0,1484.0,1600,0,0,1600,6,1957.0,319.0,288,258,0,0,0,0,0,12,WD ,207500
2619,50,60.0,12144,NAmes,4,1950,1950,BrkComm,Wd Sdng,0.0,455.0,0.0,455.0,910.0,910,611,0,1521,6,1950.0,597.0,199,0,168,0,0,0,0,9,WD ,147500
2620,50,60.0,10800,NAmes,4,1949,1950,AsbShng,AsbShng,0.0,0.0,0.0,720.0,720.0,720,472,0,1192,6,,0.0,0,0,0,0,0,0,0,12,WD ,135000
2621,20,60.0,7200,NAmes,5,1950,1950,Wd Sdng,Wd Sdng,0.0,0.0,0.0,0.0,0.0,1040,0,0,1040,5,1950.0,625.0,0,0,0,0,0,0,0,6,WD ,109500
2622,20,60.0,7200,NAmes,4,1950,1950,BrkFace,Wd Sdng,0.0,0.0,0.0,0.0,0.0,1040,0,0,1040,4,1950.0,420.0,0,29,0,0,0,0,0,7,WD ,109900
2623,20,70.0,7560,NAmes,5,1959,1959,BrkFace,Wd Sdng,0.0,369.0,0.0,671.0,1040.0,1040,0,0,1040,6,1959.0,286.0,140,0,252,0,0,0,0,7,WD ,133700
2624,90,60.0,8544,NAmes,3,1950,1950,BrkFace,Stone,0.0,0.0,0.0,0.0,0.0,1040,0,0,1040,6,1950.0,400.0,0,0,0,0,0,0,0,12,WD ,81400
2625,90,,8544,NAmes,3,1949,1950,Stucco,Stucco,340.0,0.0,0.0,0.0,0.0,1040,0,0,1040,6,1949.0,400.0,0,0,0,0,0,0,0,5,WD ,87500
2626,90,60.0,8544,NAmes,3,1950,1950,Stucco,Stone,0.0,0.0,0.0,0.0,0.0,1040,0,0,1040,6,1949.0,400.0,0,0,0,0,0,0,0,7,WD ,93500
2627,90,75.0,8512,NAmes,5,1960,1960,BrkFace,BrkFace,0.0,0.0,0.0,1556.0,1556.0,1556,0,0,1556,8,,0.0,0,0,0,0,0,0,0,9,WD ,119000
2628,20,70.0,7945,NAmes,5,1959,1959,BrkFace,Wd Sdng,0.0,179.0,506.0,465.0,1150.0,1150,0,0,1150,6,1959.0,300.0,0,0,0,0,0,0,0,5,WD ,141000
2629,20,70.0,7000,NAmes,5,1961,1961,BrkFace,BrkFace,0.0,781.0,0.0,369.0,1150.0,1150,0,0,1150,6,1961.0,288.0,0,0,0,0,162,0,0,7,WD ,146000
2630,60,69.0,7590,NAmes,6,1966,1966,VinylSd,VinylSd,266.0,512.0,0.0,148.0,660.0,660,688,0,1348,6,1966.0,453.0,188,108,0,0,0,0,0,7,WD ,155000
2631,85,69.0,10205,NAmes,5,1962,1962,MetalSd,MetalSd,0.0,784.0,0.0,141.0,925.0,999,0,0,999,6,1962.0,300.0,150,72,0,0,0,0,0,5,WD ,134500
2632,20,74.0,7400,NAmes,7,1962,1962,Wd Sdng,Wd Sdng,0.0,809.0,0.0,236.0,1045.0,1045,0,0,1045,6,1962.0,528.0,0,0,0,0,0,0,0,3,WD ,120000
2633,20,70.0,7000,NAmes,5,1962,1962,Wd Sdng,Wd Sdng,0.0,468.0,0.0,396.0,864.0,864,0,0,864,5,1962.0,336.0,0,0,0,0,0,0,0,2,WD ,105000
2634,190,70.0,7000,NAmes,5,1962,1962,MetalSd,MetalSd,0.0,953.0,0.0,72.0,1025.0,1025,0,0,1025,6,,0.0,96,80,0,0,0,0,0,3,WD ,124000
2635,70,62.0,9856,OldTown,5,1900,2005,CemntBd,CmentBd,0.0,0.0,0.0,716.0,716.0,1007,1007,0,2014,8,1900.0,624.0,0,72,167,0,0,0,0,6,WD ,169000
2636,70,57.0,9906,OldTown,4,1925,1950,MetalSd,MetalSd,0.0,0.0,0.0,686.0,686.0,810,518,0,1328,8,1940.0,210.0,0,172,60,0,0,0,0,9,WD ,107000
2637,50,60.0,9600,OldTown,5,1948,1950,MetalSd,MetalSd,264.0,276.0,0.0,936.0,1212.0,1226,442,0,1668,6,1948.0,240.0,0,0,140,0,0,0,0,5,WD ,135000
2638,50,60.0,5520,OldTown,4,1920,1980,Wd Sdng,Wd Sdng,0.0,284.0,0.0,863.0,1147.0,1147,510,0,1657,9,1920.0,162.0,0,0,0,0,0,0,0,7,WD ,111500
2639,50,60.0,9600,OldTown,6,1900,2004,Wd Sdng,Wd Sdng,0.0,381.0,0.0,399.0,780.0,940,476,0,1416,7,1956.0,400.0,0,24,0,0,0,0,0,6,WD ,156500
2640,70,60.0,9600,OldTown,7,1925,1990,Wd Sdng,Wd Sdng,0.0,16.0,0.0,712.0,728.0,832,809,0,1641,6,1925.0,546.0,0,0,234,0,0,0,0,8,WD ,178000
2641,70,58.0,6451,OldTown,7,1900,1970,AsbShng,Wd Sdng,0.0,208.0,0.0,504.0,712.0,848,580,0,1428,7,1985.0,576.0,264,0,84,0,0,0,0,5,WD ,139900
2642,70,66.0,3960,OldTown,7,1930,1950,Wd Sdng,Wd Sdng,0.0,0.0,0.0,502.0,502.0,502,502,0,1004,5,1930.0,200.0,280,0,68,0,0,0,0,7,WD ,105000
2643,30,70.0,5684,OldTown,6,1930,2005,Wd Sdng,Wd Sdng,0.0,0.0,0.0,813.0,813.0,813,0,0,813,5,1932.0,270.0,0,113,0,0,0,0,0,6,WD ,110000
2644,190,56.0,7745,OldTown,4,1900,1950,MetalSd,MetalSd,0.0,0.0,0.0,938.0,938.0,1084,867,0,1951,9,1993.0,576.0,0,6,28,0,0,0,0,4,WD ,111500
2645,30,56.0,7741,OldTown,6,1924,1950,MetalSd,MetalSd,0.0,143.0,72.0,817.0,1032.0,1032,0,0,1032,5,1995.0,280.0,0,0,112,0,0,0,0,6,COD,108000
2646,30,50.0,5633,OldTown,5,1925,1950,MetalSd,Stucco,0.0,0.0,0.0,844.0,844.0,844,0,0,844,5,1925.0,216.0,50,81,123,0,0,0,0,7,WD ,111500
2647,70,50.0,9000,OldTown,5,1880,1991,VinylSd,VinylSd,0.0,0.0,0.0,636.0,636.0,1089,661,0,1750,8,1937.0,240.0,0,0,293,0,0,0,0,6,WD ,124000
2648,20,60.0,7200,OldTown,4,1950,1950,MetalSd,MetalSd,0.0,0.0,0.0,576.0,576.0,864,0,0,864,5,1952.0,528.0,0,0,0,0,115,0,0,8,COD,105000
2649,50,40.0,4400,OldTown,6,1920,1950,Stucco,Stucco,0.0,0.0,0.0,648.0,648.0,734,384,0,1118,6,1990.0,440.0,0,0,0,0,0,0,0,10,WD ,116000
2650,70,42.0,7614,OldTown,3,1905,1950,MetalSd,MetalSd,0.0,0.0,0.0,738.0,738.0,714,662,0,1376,7,1930.0,216.0,0,0,104,0,225,0,0,3,WD ,96900
2651,190,50.0,6000,OldTown,5,1955,1955,Wd Sdng,Wd Sdng,0.0,576.0,0.0,384.0,960.0,960,0,0,960,5,1976.0,576.0,0,0,0,0,0,0,0,6,WD ,135500
2652,50,50.0,6000,OldTown,5,1924,1950,MetalSd,MetalSd,145.0,0.0,0.0,816.0,816.0,816,750,0,1566,7,1976.0,450.0,24,0,296,0,0,0,0,8,WD ,139000
2653,30,52.0,7830,OldTown,3,1921,1950,AsbShng,AsbShng,0.0,416.0,0.0,76.0,492.0,492,0,0,492,3,1921.0,200.0,0,0,78,0,0,0,0,6,WD ,61500
2654,50,56.0,9576,OldTown,6,1945,1950,VinylSd,VinylSd,0.0,310.0,0.0,460.0,770.0,885,297,0,1182,5,1945.0,378.0,0,0,0,0,0,0,0,5,WD ,120000
2655,20,49.0,5820,OldTown,3,1955,2005,VinylSd,VinylSd,0.0,256.0,0.0,906.0,1162.0,1163,0,0,1163,6,1955.0,220.0,142,98,0,0,0,0,0,7,WD ,126175
2656,30,48.0,5747,OldTown,3,1920,1950,Wd Sdng,Wd Sdng,0.0,0.0,0.0,798.0,798.0,840,0,0,840,5,1938.0,250.0,112,0,0,0,0,0,0,6,WD ,64000
2657,190,69.0,9142,OldTown,6,1910,1950,AsbShng,AsbShng,0.0,0.0,0.0,1020.0,1020.0,908,1020,0,1928,9,1910.0,440.0,0,60,112,0,0,0,0,4,WD ,137000
2658,70,60.0,9600,OldTown,4,1900,1950,AsbShng,Stucco,0.0,0.0,0.0,1095.0,1095.0,1095,679,0,1774,8,1920.0,779.0,0,0,90,0,0,0,0,5,WD ,87000
2659,75,60.0,10800,OldTown,7,1914,1970,Wd Sdng,Wd Sdng,0.0,390.0,0.0,490.0,880.0,880,888,0,1768,6,1914.0,320.0,0,341,0,0,0,0,0,10,WD ,163000
2660,75,70.0,6300,OldTown,7,1910,2005,Wd Sdng,Wd Sdng,0.0,0.0,0.0,1226.0,1226.0,1226,878,0,2104,9,1910.0,432.0,0,341,88,0,0,0,0,7,WD ,155000
2661,50,63.0,5000,OldTown,5,1900,1950,Wd Sdng,Wd Sdng,0.0,0.0,0.0,540.0,540.0,889,551,0,1440,6,1940.0,352.0,0,0,77,0,0,0,0,4,WD ,79000
2662,75,65.0,8850,OldTown,7,1916,1950,MetalSd,MetalSd,0.0,0.0,0.0,815.0,815.0,815,875,0,1690,7,1916.0,225.0,0,0,330,0,0,0,0,7,ConLw,144000
2663,70,60.0,3600,OldTown,6,1910,1993,VinylSd,VinylSd,0.0,0.0,0.0,684.0,684.0,684,684,0,1368,7,1930.0,216.0,0,158,0,0,0,0,0,10,WD ,114504
2664,70,60.0,7200,OldTown,7,1920,1950,Wd Sdng,Wd Sdng,0.0,0.0,0.0,596.0,596.0,998,764,0,1762,8,1989.0,576.0,36,0,221,0,0,0,0,10,WD ,157000
2665,30,84.0,11340,OldTown,6,1923,1950,Wd Sdng,Wd Sdng,0.0,0.0,0.0,1200.0,1200.0,1200,0,0,1200,7,1923.0,312.0,0,0,228,0,0,0,0,3,WD ,125000
2666,75,90.0,22950,OldTown,10,1892,1993,Wd Sdng,Wd Sdng,0.0,0.0,0.0,1107.0,1107.0,1518,1518,572,3608,12,1993.0,840.0,0,260,0,0,410,0,0,6,WD ,475000
2667,90,33.0,5976,OldTown,5,1920,1950,Wd Sdng,Wd Sdng,0.0,0.0,0.0,624.0,624.0,624,624,0,1248,8,,0.0,0,130,256,0,0,0,0,12,WD ,93500
2668,20,65.0,9750,OldTown,5,1958,1958,HdBoard,HdBoard,0.0,0.0,0.0,960.0,960.0,960,0,0,960,5,2002.0,624.0,0,0,0,0,0,0,4500,7,WD ,125000
2669,50,63.0,4761,IDOTRR,3,1918,1950,Wd Sdng,Wd Sdng,0.0,0.0,0.0,1020.0,1020.0,1020,0,0,1020,5,,0.0,0,0,105,0,0,0,0,10,ConLD,64500
2670,30,,7446,BrkSide,4,1941,1950,WdShing,Wd Shng,0.0,266.0,0.0,522.0,788.0,788,0,0,788,4,,0.0,0,0,0,0,0,0,0,4,WD ,100000
2671,50,65.0,6435,BrkSide,6,1939,1950,MetalSd,MetalSd,0.0,0.0,0.0,972.0,972.0,972,605,0,1577,6,1939.0,312.0,0,0,0,0,0,0,0,10,WD ,140200
2672,70,69.0,11737,BrkSide,6,1924,1996,BrkComm,Stucco,0.0,0.0,0.0,848.0,848.0,1017,810,0,1827,9,1943.0,240.0,27,36,42,0,0,0,0,5,WD ,202500
2673,50,50.0,5000,BrkSide,6,1947,1950,CemntBd,CmentBd,0.0,399.0,0.0,605.0,1004.0,1004,660,0,1664,7,1950.0,420.0,0,24,36,0,0,0,0,10,WD ,159000
2674,190,65.0,7800,OldTown,5,1939,1950,MetalSd,MetalSd,0.0,507.0,0.0,286.0,793.0,793,325,0,1118,5,1939.0,410.0,0,0,0,0,271,0,0,5,WD ,119900
2675,50,52.0,6240,BrkSide,6,1934,1950,Wd Sdng,Wd Sdng,0.0,0.0,0.0,816.0,816.0,816,0,360,1176,6,1985.0,528.0,112,0,0,0,0,0,400,9,WD ,114500
2676,50,,6240,BrkSide,5,1936,1950,MetalSd,MetalSd,0.0,0.0,0.0,896.0,896.0,896,448,0,1344,7,1936.0,240.0,200,114,0,0,0,0,0,4,WD ,115000
2677,50,51.0,6120,BrkSide,3,1930,1950,AsbShng,AsbShng,0.0,347.0,0.0,381.0,728.0,728,434,0,1162,6,1930.0,258.0,0,24,0,0,0,0,0,11,ConLI,75000
2678,30,51.0,6120,BrkSide,5,1925,1950,MetalSd,MetalSd,0.0,489.0,0.0,279.0,768.0,1015,0,0,1015,6,1925.0,450.0,0,0,112,0,120,0,620,7,WD ,88000
2679,50,52.0,6240,BrkSide,4,1947,1950,AsbShng,AsbShng,0.0,0.0,0.0,0.0,0.0,672,240,0,912,3,,0.0,0,0,0,0,0,0,0,7,WD ,80500
2680,50,52.0,6240,BrkSide,5,1928,1950,MetalSd,MetalSd,0.0,0.0,0.0,1042.0,1042.0,1042,534,0,1576,8,1928.0,225.0,0,0,0,0,0,0,0,8,WD ,149000
2681,50,51.0,6120,BrkSide,5,1930,1984,MetalSd,MetalSd,0.0,0.0,0.0,741.0,741.0,741,583,0,1324,7,1930.0,180.0,0,0,55,0,0,0,0,2,WD ,110000
2682,30,50.0,6000,OldTown,6,1925,1980,MetalSd,MetalSd,0.0,397.0,0.0,706.0,1103.0,1103,0,0,1103,5,1976.0,440.0,166,120,0,0,0,0,0,7,WD ,110500
2683,30,50.0,6000,BrkSide,5,1921,1950,Wd Sdng,Wd Shng,0.0,616.0,0.0,0.0,616.0,616,0,0,616,4,1921.0,205.0,0,0,129,0,0,0,0,6,WD ,89000
2684,45,58.0,6380,BrkSide,5,1922,1950,MetalSd,MetalSd,0.0,0.0,0.0,993.0,993.0,1048,0,0,1048,5,1922.0,280.0,0,0,116,0,0,0,0,8,WD ,113000
2685,30,50.0,11672,BrkSide,5,1925,1950,MetalSd,MetalSd,0.0,0.0,0.0,816.0,816.0,816,0,0,816,4,1925.0,210.0,168,0,112,0,0,0,0,7,WD ,109000
2686,50,90.0,33120,OldTown,6,1962,1962,BrkFace,Wd Sdng,0.0,0.0,0.0,1595.0,1595.0,1611,875,0,2486,8,1962.0,576.0,0,0,0,0,0,0,0,10,WD ,220000
2687,190,60.0,9873,BrkSide,4,1970,1970,HdBoard,HdBoard,160.0,789.0,0.0,171.0,960.0,960,0,0,960,6,1970.0,576.0,0,288,0,0,0,0,0,5,WD ,129000
2688,50,59.0,5310,OldTown,6,1910,2003,VinylSd,VinylSd,0.0,0.0,0.0,485.0,485.0,1001,634,0,1635,5,1950.0,255.0,394,0,0,0,0,0,0,6,WD ,117000
2689,30,153.0,4118,OldTown,4,1941,1950,Wd Sdng,Wd Sdng,0.0,0.0,0.0,693.0,693.0,693,0,0,693,4,,0.0,0,20,0,0,0,0,0,3,WD ,52500
2690,50,60.0,10320,IDOTRR,4,1924,1950,MetalSd,MetalSd,0.0,0.0,0.0,596.0,596.0,834,596,0,1430,7,1924.0,370.0,218,0,0,0,210,0,0,10,WD ,107000
2691,70,60.0,7518,IDOTRR,5,1910,2004,AsbShng,Plywood,0.0,0.0,0.0,396.0,396.0,665,665,0,1330,7,2001.0,390.0,0,72,45,0,0,0,0,7,WD ,116500
2692,30,50.0,9000,IDOTRR,5,1919,1950,Wd Sdng,Wd Sdng,0.0,0.0,0.0,610.0,610.0,819,0,0,819,4,,0.0,0,0,0,0,0,0,0,9,WD ,72000
2693,50,50.0,8600,IDOTRR,6,1937,1950,MetalSd,MetalSd,0.0,0.0,0.0,780.0,780.0,780,596,0,1376,7,1937.0,198.0,0,0,0,0,0,0,0,6,WD ,119500
2694,50,60.0,7200,IDOTRR,5,1938,1995,Wd Sdng,Wd Sdng,0.0,0.0,0.0,803.0,803.0,803,557,0,1360,6,1951.0,297.0,0,65,190,0,0,0,0,7,WD ,125500
2695,30,60.0,9786,IDOTRR,3,1922,1950,Wd Sdng,Wd Sdng,0.0,0.0,0.0,1007.0,1007.0,1077,0,0,1077,6,1922.0,210.0,0,100,48,0,0,0,0,5,WD ,91000
2696,190,60.0,6780,IDOTRR,6,1935,1982,Wd Sdng,Wd Sdng,0.0,490.0,0.0,30.0,520.0,520,0,234,754,5,,0.0,53,0,0,0,0,0,0,6,WD ,84500
2697,30,60.0,7200,IDOTRR,6,1930,1950,VinylSd,VinylSd,0.0,343.0,0.0,641.0,984.0,984,0,0,984,6,1930.0,308.0,0,0,164,0,0,0,0,3,ConLI,90000
2698,50,82.0,12375,Sawyer,5,1951,1951,HdBoard,HdBoard,41.0,329.0,0.0,477.0,806.0,1081,341,0,1422,7,1951.0,288.0,0,0,0,0,0,0,0,6,WD ,137500
2699,90,120.0,11136,Sawyer,6,1964,1964,BrkFace,BrkFace,0.0,0.0,0.0,1921.0,1921.0,1921,0,0,1921,8,1964.0,576.0,0,180,0,0,0,0,0,7,WD ,150000
2700,20,100.0,21370,Sawyer,5,1950,1950,Wd Sdng,MetalSd,0.0,0.0,0.0,0.0,0.0,1640,0,0,1640,7,1950.0,394.0,0,0,225,0,0,0,600,6,WD ,131000
2701,80,92.0,6930,ClearCr,5,1958,1958,Wd Sdng,ImStucc,120.0,300.0,294.0,468.0,1062.0,1352,0,0,1352,6,1958.0,288.0,168,0,294,0,0,0,0,7,WD ,130000
2702,30,55.0,8250,Edwards,5,1935,1950,Wd Sdng,Wd Sdng,0.0,0.0,0.0,0.0,0.0,1032,0,0,1032,6,1939.0,260.0,0,0,121,0,0,0,0,6,WD ,125000
2703,30,50.0,5220,SWISU,5,1936,1950,Wd Sdng,Wd Shng,0.0,0.0,0.0,830.0,830.0,879,0,0,879,4,1936.0,180.0,0,108,0,0,0,0,0,1,WD ,80000
2704,20,50.0,5500,SWISU,7,2004,2004,VinylSd,VinylSd,0.0,510.0,373.0,190.0,1073.0,1073,0,0,1073,4,2004.0,246.0,0,120,0,0,0,0,0,5,WD ,157000
2705,20,75.0,11235,Sawyer,4,1963,1979,HdBoard,HdBoard,51.0,547.0,0.0,504.0,1051.0,1382,0,0,1382,6,1974.0,459.0,0,82,0,0,0,0,0,10,WD ,148000
2706,90,72.0,10791,Sawyer,4,1967,1967,MetalSd,MetalSd,0.0,0.0,0.0,0.0,0.0,1296,0,0,1296,6,1967.0,516.0,0,0,0,0,0,0,500,10,WD ,90000
2707,20,70.0,8414,Sawyer,6,1963,2003,HdBoard,HdBoard,0.0,663.0,0.0,396.0,1059.0,1068,0,0,1068,6,1963.0,264.0,192,0,0,0,0,0,0,2,WD ,154500
2708,20,,11327,Sawyer,5,1967,1967,HdBoard,HdBoard,305.0,779.0,0.0,285.0,1064.0,1064,0,0,1064,6,1967.0,528.0,314,48,0,0,0,0,0,6,WD ,153600
2709,80,96.0,11777,Sawyer,5,1966,1966,VinylSd,VinylSd,97.0,328.0,551.0,285.0,1164.0,1320,0,0,1320,6,1966.0,564.0,160,68,240,0,0,0,0,5,WD ,164500
2710,80,80.0,10366,Sawyer,6,1964,1964,HdBoard,Plywood,0.0,456.0,0.0,456.0,912.0,934,0,0,934,4,1964.0,336.0,77,0,0,0,0,0,500,7,WD ,132000
2711,20,75.0,9000,Sawyer,5,1966,1966,Plywood,Plywood,0.0,773.0,0.0,286.0,1059.0,1059,0,0,1059,6,1966.0,286.0,0,88,0,0,0,0,0,6,WD ,142500
2712,20,,11553,Sawyer,5,1968,1968,Plywood,Plywood,188.0,673.0,0.0,378.0,1051.0,1159,0,0,1159,7,1968.0,336.0,466,0,0,0,0,0,0,7,WD ,158000
2713,60,74.0,7844,Sawyer,6,1978,1978,HdBoard,HdBoard,203.0,209.0,0.0,463.0,672.0,672,728,0,1400,6,1978.0,440.0,0,0,0,0,0,0,0,3,WD ,149500
2714,20,,9535,Sawyer,5,1967,1967,HdBoard,HdBoard,450.0,194.0,982.0,0.0,1176.0,1458,0,0,1458,7,1967.0,512.0,284,0,0,0,0,0,0,7,WD ,165000
2715,20,78.0,10335,Sawyer,5,1968,1993,Plywood,Plywood,0.0,570.0,0.0,891.0,1461.0,1721,0,0,1721,7,1968.0,440.0,0,96,180,0,0,0,0,7,WD ,180000
2716,80,,7176,Sawyer,6,1978,1978,HdBoard,HdBoard,200.0,794.0,0.0,166.0,960.0,1040,0,0,1040,6,1979.0,616.0,131,0,0,0,180,0,0,7,WD ,160500
2717,90,,9662,Sawyer,5,1977,1977,Plywood,Plywood,0.0,0.0,0.0,1967.0,1967.0,1967,0,0,1967,10,1977.0,580.0,170,0,0,0,0,0,0,8,WD ,156500
2718,90,75.0,8235,Sawyer,5,1977,1977,Plywood,Plywood,99.0,483.0,0.0,1466.0,1949.0,1949,0,0,1949,10,1977.0,586.0,32,0,0,0,0,0,0,5,WD ,157000
2719,50,,13650,Sawyer,5,1958,1958,MetalSd,MetalSd,0.0,57.0,441.0,554.0,1052.0,1252,668,0,1920,8,1958.0,451.0,0,0,0,0,0,0,0,7,WD ,172500
2720,20,88.0,13125,Sawyer,5,1957,2000,Wd Sdng,Wd Sdng,67.0,168.0,682.0,284.0,1134.0,1803,0,0,1803,8,1957.0,484.0,0,0,0,0,0,0,0,1,WD ,155000
2721,20,102.0,17920,Sawyer,5,1955,1974,Wd Sdng,Plywood,0.0,306.0,1085.0,372.0,1763.0,1779,0,0,1779,6,1955.0,454.0,0,418,0,0,312,0,0,7,WD ,170000
2722,30,,17529,Sawyer,5,1924,1950,BrkFace,Wd Sdng,65.0,0.0,0.0,872.0,872.0,872,0,0,872,5,1924.0,322.0,0,0,116,0,0,0,0,4,WD ,105000
2723,80,,10246,Sawyer,4,1965,2001,VinylSd,VinylSd,0.0,648.0,0.0,0.0,648.0,960,0,0,960,3,1965.0,364.0,88,0,0,0,0,0,0,5,WD ,145000
2724,20,,14175,Sawyer,5,1956,1987,CemntBd,Wd Sdng,0.0,988.0,0.0,200.0,1188.0,1437,0,0,1437,6,1999.0,576.0,304,0,0,0,0,0,0,11,WD ,168000
2725,20,,20355,ClearCr,7,1967,1967,Plywood,Plywood,123.0,810.0,826.0,229.0,1865.0,1830,0,0,1830,6,1967.0,521.0,0,115,168,0,0,0,0,6,WD ,278000
2726,20,87.0,13050,ClearCr,5,1963,1963,WdShing,Wd Shng,0.0,104.0,850.0,46.0,1000.0,1000,0,0,1000,4,1993.0,575.0,238,0,148,0,0,0,0,4,WD ,164000
2727,50,81.0,15593,ClearCr,7,1953,1953,BrkFace,AsbShng,0.0,603.0,0.0,701.0,1304.0,1304,983,0,2287,7,1953.0,667.0,0,21,114,0,0,0,0,7,WD ,225000
2728,85,72.0,10820,Sawyer,5,1971,1972,HdBoard,HdBoard,153.0,535.0,159.0,88.0,782.0,810,0,0,810,4,1973.0,576.0,0,0,0,0,0,0,0,6,WD ,130000
2729,20,100.0,13350,Sawyer,5,1974,1974,HdBoard,Plywood,0.0,762.0,0.0,102.0,864.0,894,0,0,894,5,1974.0,440.0,241,0,0,0,0,0,0,6,WD ,142500
2730,150,,1700,ClearCr,7,1980,1981,VinylSd,VinylSd,0.0,397.0,0.0,33.0,430.0,880,680,140,1700,7,1980.0,450.0,188,36,0,0,200,0,0,4,WD ,148400
2731,120,,5271,ClearCr,7,1986,1986,Wd Sdng,Wd Sdng,0.0,1082.0,0.0,371.0,1453.0,1453,0,0,1453,6,1986.0,445.0,0,80,0,0,184,0,0,12,WD ,190000
2732,20,75.0,9375,Edwards,4,1954,1954,MetalSd,MetalSd,0.0,799.0,0.0,168.0,967.0,1350,0,0,1350,6,1954.0,504.0,237,0,0,0,0,0,0,6,WD ,146000
2733,50,62.0,6488,Edwards,5,1942,1950,BrkFace,Wd Sdng,0.0,230.0,0.0,569.0,799.0,799,351,0,1150,6,1942.0,215.0,264,0,0,0,0,0,0,3,WD ,128000
2734,20,78.0,7800,Edwards,5,1948,2002,MetalSd,MetalSd,0.0,603.0,0.0,293.0,896.0,1112,896,0,2008,8,1948.0,230.0,103,0,0,0,0,0,0,8,WD ,225000
2735,80,,19690,Edwards,6,1966,1966,Plywood,Plywood,0.0,0.0,0.0,697.0,697.0,1575,626,0,2201,8,1966.0,432.0,586,236,0,0,0,738,0,8,WD ,274970
2736,70,114.0,19950,Edwards,6,1928,1950,WdShing,Plywood,0.0,0.0,0.0,672.0,672.0,1337,672,0,2009,8,1928.0,795.0,0,42,0,0,180,0,0,12,WD ,235000
2737,75,60.0,19800,Edwards,6,1935,1990,BrkFace,Wd Sdng,0.0,425.0,0.0,1411.0,1836.0,1836,1836,0,3672,7,1993.0,836.0,684,80,32,0,0,0,0,12,WD ,415000
2738,80,78.0,11679,Edwards,5,1962,1962,Plywood,Plywood,96.0,612.0,1164.0,0.0,1776.0,1560,0,0,1560,6,1962.0,528.0,453,253,144,0,0,0,0,5,WD ,182000
2739,20,80.0,12048,Edwards,5,1952,2002,Wd Sdng,Wd Sdng,232.0,0.0,0.0,0.0,0.0,1488,0,0,1488,7,2002.0,569.0,0,189,36,0,348,0,0,4,WD ,135000
2740,20,70.0,10519,Edwards,5,1955,1999,MetalSd,MetalSd,164.0,0.0,0.0,1057.0,1057.0,1057,0,0,1057,6,1955.0,288.0,0,0,0,0,0,0,0,3,WD ,137000
2741,50,75.0,9525,Edwards,6,1954,1972,Wd Sdng,Wd Sdng,0.0,444.0,0.0,550.0,994.0,1216,639,0,1855,7,1954.0,325.0,182,0,0,0,0,0,0,10,WD ,136900
2742,50,75.0,9525,Edwards,6,1953,1953,MetalSd,MetalSd,0.0,468.0,0.0,532.0,1000.0,1068,541,0,1609,7,1953.0,305.0,0,0,0,0,0,0,0,7,WD ,149900
2743,20,57.0,6420,Edwards,5,1952,1952,Wd Sdng,Wd Sdng,0.0,210.0,551.0,219.0,980.0,1148,0,0,1148,6,1952.0,308.0,0,0,0,0,0,0,0,9,WD ,123500
2744,20,77.0,8335,Edwards,5,1954,1954,Wd Sdng,Wd Sdng,0.0,0.0,0.0,0.0,0.0,1124,0,0,1124,5,,0.0,0,36,190,0,0,0,0,4,WD ,93000
2745,50,50.0,7585,Edwards,5,1948,1950,MetalSd,MetalSd,0.0,0.0,0.0,810.0,810.0,1002,454,0,1456,7,1954.0,280.0,0,0,0,0,0,0,0,8,WD ,91500
2746,20,,11200,SawyerW,6,1985,1985,Wd Sdng,Wd Shng,85.0,1258.0,0.0,40.0,1298.0,1298,0,0,1298,5,1985.0,403.0,165,26,0,0,0,0,0,5,WD ,180000
2747,60,88.0,12128,SawyerW,6,1989,1989,HdBoard,HdBoard,232.0,549.0,0.0,319.0,868.0,1313,1246,0,2559,9,1989.0,506.0,0,245,0,0,168,0,0,11,WD ,209000
2748,60,80.0,9554,SawyerW,8,1993,1994,VinylSd,VinylSd,125.0,380.0,0.0,397.0,777.0,1065,846,0,1911,8,1993.0,471.0,182,81,0,0,0,0,0,9,WD ,215000
2749,90,73.0,9069,SawyerW,6,1993,1993,HdBoard,HdBoard,0.0,261.0,1083.0,0.0,1344.0,1440,0,0,1440,8,1993.0,920.0,288,0,0,0,0,0,0,4,WD ,224500
2750,60,133.0,11003,CollgCr,7,2005,2006,VinylSd,VinylSd,0.0,0.0,0.0,1308.0,1308.0,1308,568,0,1876,7,2005.0,848.0,0,40,0,0,0,0,0,7,New,229800
2751,20,64.0,7488,CollgCr,7,2005,2005,VinylSd,VinylSd,0.0,393.0,0.0,815.0,1208.0,1208,0,0,1208,6,2005.0,632.0,105,58,0,0,0,0,0,2,WD ,183600
2752,20,64.0,7406,CollgCr,7,2006,2006,VinylSd,VinylSd,84.0,684.0,0.0,515.0,1199.0,1220,0,0,1220,6,2006.0,632.0,105,54,0,0,0,0,0,7,New,194000
2753,20,64.0,6762,CollgCr,7,2006,2006,VinylSd,VinylSd,0.0,0.0,0.0,1286.0,1286.0,1294,0,0,1294,6,2006.0,662.0,168,55,0,0,0,0,0,7,New,193879
2754,20,86.0,11210,CollgCr,7,2005,2006,VinylSd,VinylSd,240.0,20.0,0.0,1594.0,1614.0,1614,0,0,1614,7,2005.0,865.0,144,59,0,0,0,0,0,7,New,221500
2755,20,73.0,8990,CollgCr,7,2006,2006,VinylSd,VinylSd,0.0,0.0,0.0,1498.0,1498.0,1498,0,0,1498,5,2006.0,675.0,351,33,0,0,0,0,0,4,New,204900
2756,60,73.0,8760,CollgCr,7,2006,2006,VinylSd,VinylSd,0.0,464.0,0.0,927.0,1391.0,1391,571,0,1962,7,2006.0,868.0,0,90,0,0,0,0,0,8,New,239799
2757,20,90.0,13377,CollgCr,6,2006,2006,VinylSd,VinylSd,0.0,1576.0,0.0,260.0,1836.0,1846,0,0,1846,7,2006.0,495.0,0,32,0,0,0,0,0,7,New,233555
2758,20,78.0,11645,CollgCr,7,2005,2005,VinylSd,VinylSd,0.0,1300.0,0.0,434.0,1734.0,1734,0,0,1734,7,2005.0,660.0,160,24,0,0,0,0,0,1,WD ,260000
2759,20,78.0,11645,CollgCr,8,2005,2006,VinylSd,VinylSd,198.0,1122.0,0.0,448.0,1570.0,1590,0,0,1590,6,2005.0,754.0,176,80,0,0,0,0,0,8,New,294900
2760,60,91.0,10984,CollgCr,7,2005,2006,VinylSd,VinylSd,0.0,0.0,0.0,945.0,945.0,945,864,0,1809,8,2005.0,638.0,144,54,0,0,0,0,0,5,New,209700
2761,20,78.0,9316,CollgCr,7,2005,2005,VinylSd,VinylSd,140.0,56.0,0.0,1558.0,1614.0,1614,0,0,1614,7,2005.0,576.0,100,45,0,0,0,0,0,3,WD ,225000
2762,60,78.0,9316,CollgCr,7,2005,2005,VinylSd,VinylSd,532.0,0.0,0.0,784.0,784.0,784,812,0,1596,6,2005.0,610.0,144,45,0,0,0,0,0,6,WD ,181000
2763,60,80.0,10041,SawyerW,8,1992,1992,HdBoard,HdBoard,0.0,789.0,0.0,119.0,908.0,927,988,0,1915,8,1992.0,506.0,120,150,0,0,0,0,0,2,WD ,220000
2764,20,,36500,ClearCr,5,1964,1964,Wd Sdng,Wd Sdng,621.0,812.0,0.0,812.0,1624.0,1582,0,0,1582,7,1964.0,390.0,168,198,0,0,0,0,0,6,WD ,190000
2765,80,,21453,ClearCr,6,1969,1969,Plywood,Plywood,0.0,938.0,0.0,0.0,938.0,988,0,0,988,4,1969.0,540.0,0,130,0,130,0,0,0,10,WD ,180000
2766,20,62.0,70761,ClearCr,7,1975,1975,Plywood,Plywood,0.0,655.0,0.0,878.0,1533.0,1533,0,0,1533,5,1975.0,576.0,200,54,0,0,0,0,0,12,WD ,280000
2767,20,80.0,12000,ClearCr,6,1968,1968,Plywood,Plywood,0.0,853.0,0.0,535.0,1388.0,1388,0,0,1388,6,1968.0,522.0,0,58,0,0,0,0,0,7,COD,158900
2768,85,57.0,8846,CollgCr,5,1996,1996,VinylSd,VinylSd,0.0,298.0,0.0,572.0,870.0,914,0,0,914,5,1998.0,576.0,0,0,0,0,0,0,0,7,WD ,148000
2769,20,95.0,13015,CollgCr,5,1996,1996,VinylSd,VinylSd,0.0,0.0,0.0,1100.0,1100.0,1100,0,0,1100,5,1996.0,462.0,0,0,0,0,0,0,0,6,WD ,145000
2770,60,65.0,12438,CollgCr,6,1995,1995,VinylSd,VinylSd,68.0,0.0,0.0,781.0,781.0,795,704,0,1499,6,1995.0,473.0,413,91,0,0,0,0,0,8,WD ,187000
2771,20,,8685,CollgCr,7,1998,1998,VinylSd,VinylSd,0.0,846.0,0.0,579.0,1425.0,1425,0,0,1425,5,1998.0,591.0,0,130,0,0,0,0,0,5,WD ,193000
2772,20,43.0,13568,CollgCr,5,1995,1995,VinylSd,VinylSd,0.0,716.0,0.0,274.0,990.0,990,0,0,990,5,1996.0,576.0,224,0,0,0,0,0,0,7,WD ,156000
2773,20,70.0,9100,CollgCr,7,2000,2000,VinylSd,VinylSd,244.0,1400.0,0.0,125.0,1525.0,1525,0,0,1525,6,2000.0,541.0,219,36,0,0,0,0,0,9,WD ,235000
2774,20,79.0,9236,CollgCr,6,1997,1997,VinylSd,VinylSd,0.0,1200.0,0.0,279.0,1479.0,1494,0,0,1494,6,1997.0,576.0,168,27,0,0,0,0,0,7,WD ,217000
2775,20,78.0,10264,CollgCr,7,1999,1999,VinylSd,VinylSd,183.0,1162.0,0.0,426.0,1588.0,1588,0,0,1588,6,1999.0,472.0,158,29,0,0,0,0,0,8,WD ,214000
2776,60,68.0,9272,CollgCr,7,1999,1999,VinylSd,VinylSd,0.0,500.0,0.0,342.0,842.0,856,893,0,1749,7,1999.0,515.0,140,85,0,0,0,0,0,6,WD ,196000
2777,60,72.0,13426,CollgCr,7,1999,2000,VinylSd,VinylSd,0.0,894.0,0.0,57.0,951.0,951,828,0,1779,7,1999.0,586.0,208,107,0,0,0,0,0,9,WD ,217000
2778,60,95.0,13450,CollgCr,7,2002,2002,VinylSd,VinylSd,0.0,700.0,0.0,216.0,916.0,920,941,0,1861,8,2002.0,492.0,146,91,0,0,0,0,0,6,WD ,200000
2779,60,65.0,14006,CollgCr,7,2002,2002,VinylSd,VinylSd,144.0,0.0,0.0,936.0,936.0,936,840,0,1776,7,2002.0,474.0,144,96,0,0,0,0,0,2,WD ,192500
2780,20,118.0,13704,CollgCr,7,2001,2002,VinylSd,VinylSd,150.0,0.0,0.0,1541.0,1541.0,1541,0,0,1541,6,2001.0,843.0,468,81,0,0,0,0,0,1,WD ,205000
2781,80,55.0,10780,CollgCr,5,1976,1976,MetalSd,MetalSd,0.0,483.0,0.0,428.0,911.0,954,0,0,954,6,1976.0,576.0,0,0,0,0,0,0,0,7,WD ,132500
2782,60,50.0,8340,CollgCr,6,1977,1977,HdBoard,Plywood,62.0,509.0,0.0,166.0,675.0,686,702,0,1388,6,1977.0,317.0,406,36,0,0,0,0,0,12,WD ,157500
2783,80,42.0,10385,CollgCr,6,1978,1978,HdBoard,HdBoard,123.0,595.0,400.0,0.0,995.0,1282,0,0,1282,6,1989.0,672.0,386,0,0,0,0,0,0,4,WD ,174000
2784,20,69.0,9920,CollgCr,5,1969,1969,HdBoard,Plywood,0.0,523.0,0.0,448.0,971.0,971,0,0,971,5,1969.0,300.0,0,0,0,0,0,0,0,5,WD ,128500
2785,20,120.0,9560,CollgCr,5,1972,1972,MetalSd,MetalSd,0.0,360.0,0.0,504.0,864.0,864,0,0,864,5,1972.0,288.0,0,0,0,0,0,0,0,6,WD ,128500
2786,20,70.0,9800,CollgCr,5,1972,1972,VinylSd,VinylSd,0.0,894.0,0.0,0.0,894.0,894,0,0,894,5,1975.0,552.0,256,0,0,0,0,0,0,7,WD ,149900
2787,20,60.0,7200,CollgCr,5,1972,1972,VinylSd,VinylSd,0.0,437.0,0.0,427.0,864.0,864,0,0,864,5,1977.0,297.0,0,0,0,0,0,0,0,3,WD ,119900
2788,160,,3612,Landmrk,6,1993,1994,VinylSd,VinylSd,0.0,338.0,0.0,292.0,630.0,630,690,0,1320,5,1993.0,484.0,0,48,0,0,0,0,0,6,WD ,137000
2789,60,90.0,11367,CollgCr,8,2002,2002,VinylSd,VinylSd,210.0,932.0,0.0,133.0,1065.0,1091,898,0,1989,7,2002.0,586.0,199,60,0,0,0,0,0,11,WD ,255000
2790,60,,9930,CollgCr,7,2002,2002,VinylSd,VinylSd,199.0,456.0,0.0,370.0,826.0,878,884,0,1762,6,2002.0,591.0,320,54,0,0,0,0,0,7,WD ,222000
2791,60,45.0,9468,CollgCr,6,1999,1999,VinylSd,VinylSd,148.0,639.0,0.0,201.0,840.0,840,915,0,1755,7,1999.0,530.0,176,73,0,0,0,0,0,8,WD ,214000
2792,20,,11088,CollgCr,8,2002,2002,Stucco,Stucco,0.0,872.0,0.0,476.0,1348.0,1358,0,0,1358,5,2002.0,418.0,68,166,0,0,0,0,0,6,WD ,220000
2793,20,,14781,CollgCr,8,2001,2002,VinylSd,VinylSd,178.0,0.0,0.0,1753.0,1753.0,1787,0,0,1787,7,2001.0,748.0,198,150,0,0,0,0,0,8,WD ,275000
2794,60,70.0,8726,CollgCr,7,2002,2002,VinylSd,VinylSd,0.0,0.0,0.0,872.0,872.0,872,1037,0,1909,8,2002.0,529.0,0,108,0,0,0,0,0,9,WD ,197000
2795,20,,8125,CollgCr,7,2002,2002,VinylSd,VinylSd,295.0,986.0,0.0,668.0,1654.0,1654,0,0,1654,6,2002.0,900.0,0,136,0,0,0,0,0,2,WD ,230000
2796,60,67.0,10566,CollgCr,8,1999,1999,VinylSd,VinylSd,261.0,920.0,0.0,170.0,1090.0,1090,1124,0,2214,8,1999.0,646.0,197,80,0,0,0,0,0,7,WD ,268500
2797,60,,21533,CollgCr,7,1996,1997,VinylSd,VinylSd,0.0,0.0,0.0,1065.0,1065.0,1065,984,0,2049,9,1997.0,467.0,120,48,0,0,0,0,0,8,WD ,210900
2798,60,90.0,11250,CollgCr,7,1998,1998,VinylSd,VinylSd,227.0,796.0,0.0,258.0,1054.0,1070,869,0,1939,8,1998.0,555.0,128,84,0,0,0,0,0,5,WD ,227000
2799,60,90.0,11250,CollgCr,7,1995,1996,VinylSd,VinylSd,0.0,685.0,0.0,245.0,930.0,950,1045,0,1995,8,1995.0,610.0,275,170,0,0,0,0,0,7,WD ,237000
2800,60,75.0,9750,CollgCr,7,1998,1998,VinylSd,VinylSd,0.0,975.0,0.0,133.0,1108.0,1108,989,0,2097,8,1998.0,583.0,253,170,0,0,0,0,0,6,WD ,274300
2801,20,70.0,9100,CollgCr,7,2004,2005,VinylSd,VinylSd,0.0,24.0,0.0,1836.0,1860.0,1836,0,0,1836,8,2004.0,484.0,120,33,0,0,0,0,0,10,WD ,216837
2802,120,37.0,4435,CollgCr,6,2003,2003,VinylSd,VinylSd,170.0,717.0,0.0,131.0,848.0,848,0,0,848,4,2003.0,420.0,140,0,0,0,0,0,0,4,WD ,133000
2803,120,37.0,4435,CollgCr,6,2004,2004,VinylSd,VinylSd,169.0,662.0,0.0,186.0,848.0,848,0,0,848,3,2004.0,420.0,140,0,0,0,0,0,0,5,WD ,155900
2804,60,120.0,15611,CollgCr,8,2006,2006,VinylSd,VinylSd,0.0,0.0,0.0,1079.0,1079.0,1079,840,0,1919,8,2006.0,685.0,0,51,0,0,0,0,0,7,New,233230
2805,20,70.0,8810,CollgCr,7,2003,2003,VinylSd,VinylSd,0.0,1000.0,0.0,390.0,1390.0,1390,0,0,1390,7,2003.0,545.0,0,68,0,0,0,0,0,3,WD ,207000
2806,60,41.0,12393,CollgCr,7,2004,2005,VinylSd,VinylSd,0.0,0.0,0.0,847.0,847.0,847,1101,0,1948,8,2004.0,434.0,100,48,0,0,0,0,0,9,WD ,195000
2807,20,70.0,9135,CollgCr,6,2003,2003,VinylSd,VinylSd,120.0,340.0,0.0,1342.0,1682.0,1700,0,0,1700,7,2003.0,544.0,192,23,0,0,0,0,0,5,WD ,200000
2808,60,74.0,8581,CollgCr,7,2006,2006,VinylSd,VinylSd,0.0,0.0,0.0,851.0,851.0,851,886,0,1737,7,2006.0,578.0,0,105,0,0,0,0,0,8,New,203160
2809,60,70.0,8400,CollgCr,7,2005,2005,VinylSd,VinylSd,0.0,0.0,0.0,784.0,784.0,784,827,0,1611,6,2005.0,572.0,144,36,0,0,0,0,0,3,WD ,195800
2810,20,84.0,10084,CollgCr,7,2005,2006,VinylSd,VinylSd,196.0,24.0,0.0,1528.0,1552.0,1552,0,0,1552,7,2005.0,782.0,144,20,0,0,0,0,0,7,New,212900
2811,60,89.0,11645,CollgCr,7,2004,2004,VinylSd,VinylSd,0.0,0.0,0.0,860.0,860.0,860,860,0,1720,7,2004.0,565.0,0,70,0,0,0,0,0,8,WD ,196500
2812,20,65.0,8772,CollgCr,7,2005,2006,VinylSd,VinylSd,0.0,996.0,0.0,340.0,1336.0,1336,0,0,1336,6,2005.0,502.0,136,43,0,0,0,0,0,9,New,198000
2813,60,68.0,8846,CollgCr,6,2005,2006,VinylSd,VinylSd,0.0,0.0,0.0,750.0,750.0,750,750,0,1500,6,2005.0,564.0,0,35,0,0,0,0,0,8,New,173900
2814,60,65.0,8461,CollgCr,6,2005,2006,VinylSd,VinylSd,0.0,0.0,0.0,728.0,728.0,728,728,0,1456,8,2005.0,390.0,0,24,0,0,0,0,0,7,New,163990
2815,20,65.0,8767,CollgCr,7,2005,2005,VinylSd,VinylSd,0.0,24.0,0.0,1286.0,1310.0,1310,0,0,1310,6,2005.0,400.0,0,0,0,0,0,0,0,7,New,164990
2816,70,67.0,8777,Edwards,4,1910,2000,Plywood,Plywood,0.0,173.0,337.0,166.0,676.0,760,676,0,1436,6,1950.0,528.0,147,0,0,0,0,0,420,10,WD ,98000
2817,20,134.0,17755,Edwards,5,1959,1959,HdBoard,Plywood,132.0,176.0,0.0,1290.0,1466.0,1466,0,0,1466,6,1959.0,528.0,0,140,0,0,100,0,0,11,WD ,149900
2818,20,67.0,8877,Edwards,4,1951,1951,Wd Sdng,Wd Sdng,0.0,836.0,0.0,0.0,836.0,1220,0,0,1220,6,1951.0,396.0,0,0,0,0,0,0,0,4,COD,102000
2819,90,38.0,7840,Edwards,6,1975,1975,Plywood,Wd Shng,355.0,976.0,0.0,0.0,976.0,1012,0,0,1012,4,,0.0,0,0,0,0,0,0,0,10,WD ,127500
2820,90,35.0,9400,Edwards,6,1975,1975,WdShing,Plywood,250.0,945.0,0.0,0.0,945.0,980,0,0,980,4,,0.0,0,0,0,0,0,0,0,10,WD ,127500
2821,20,73.0,16133,Edwards,5,1969,1969,HdBoard,Plywood,0.0,847.0,0.0,329.0,1176.0,1176,0,0,1176,5,1969.0,360.0,0,92,0,0,112,0,0,12,WD ,119900
2822,60,62.0,7162,Edwards,7,2003,2004,HdBoard,Stucco,190.0,0.0,0.0,796.0,796.0,806,918,0,1724,8,2003.0,616.0,168,57,0,0,0,0,0,5,WD ,196500
2823,20,75.0,8050,Edwards,6,2002,2002,VinylSd,VinylSd,,475.0,297.0,142.0,914.0,914,0,0,914,4,,0.0,32,0,0,0,0,0,0,4,WD ,117250
2824,60,90.0,11060,Edwards,7,2003,2005,VinylSd,VinylSd,0.0,0.0,0.0,1150.0,1150.0,1164,1150,0,2314,9,2003.0,502.0,0,274,0,0,0,0,0,2,ConLD,229000
2825,180,35.0,3675,Edwards,5,2005,2005,VinylSd,VinylSd,80.0,547.0,0.0,0.0,547.0,1072,0,0,1072,5,2005.0,525.0,0,28,0,0,0,0,0,5,WD ,145000
2826,180,35.0,3675,Edwards,6,2005,2006,VinylSd,VinylSd,82.0,547.0,0.0,0.0,547.0,1072,0,0,1072,5,2005.0,525.0,0,44,0,0,0,0,0,6,New,140000
2827,180,35.0,3675,Edwards,6,2005,2006,VinylSd,VinylSd,82.0,547.0,0.0,0.0,547.0,1072,0,0,1072,5,2005.0,525.0,0,44,0,0,0,0,0,10,New,142500
2828,160,24.0,2522,Edwards,7,2004,2004,VinylSd,VinylSd,50.0,0.0,0.0,970.0,970.0,970,739,0,1709,7,2004.0,380.0,0,40,0,0,0,0,0,5,WD ,134000
2829,160,24.0,2522,Edwards,7,2004,2004,VinylSd,VinylSd,50.0,0.0,0.0,970.0,970.0,970,739,0,1709,7,2004.0,380.0,0,40,0,0,0,0,0,5,WD ,130000
2830,160,24.0,2522,Edwards,6,2004,2006,VinylSd,VinylSd,50.0,0.0,0.0,970.0,970.0,970,739,0,1709,7,2004.0,380.0,0,40,0,0,0,0,0,4,WD ,130000
2831,160,24.0,2522,Edwards,7,2004,2004,VinylSd,VinylSd,50.0,0.0,0.0,970.0,970.0,970,739,0,1709,7,2004.0,380.0,0,40,0,0,0,0,0,4,WD ,137500
2832,160,32.0,3363,Edwards,7,2004,2004,VinylSd,VinylSd,117.0,0.0,0.0,976.0,976.0,976,732,0,1708,7,2004.0,380.0,0,40,0,0,0,0,0,4,WD ,130000
2833,50,56.0,6956,Edwards,4,1948,1950,VinylSd,VinylSd,0.0,0.0,0.0,624.0,624.0,624,312,0,936,5,1948.0,265.0,0,0,0,0,0,0,0,4,WD ,97900
2834,50,72.0,7822,Edwards,6,1915,1950,AsbShng,AsbShng,0.0,0.0,0.0,832.0,832.0,846,492,0,1338,7,1974.0,528.0,0,0,208,0,0,0,0,5,WD ,92000
2835,50,62.0,8707,Edwards,4,1924,1950,Wd Sdng,Wd Sdng,0.0,0.0,0.0,1093.0,1093.0,1093,576,0,1669,9,1924.0,288.0,0,0,56,0,0,0,0,5,WD ,107000
2836,50,58.0,8410,Edwards,5,1910,1996,Wd Sdng,VinylSd,0.0,0.0,0.0,658.0,658.0,658,526,0,1184,8,,0.0,0,151,0,0,0,0,0,5,WD ,81000
2837,50,60.0,9738,Edwards,5,1924,1950,AsbShng,AsbShng,0.0,392.0,0.0,392.0,784.0,949,272,0,1221,7,1965.0,392.0,0,0,236,0,0,0,0,3,WD ,104900
2838,20,60.0,8172,Edwards,5,1955,1990,WdShing,Plywood,0.0,167.0,0.0,697.0,864.0,864,0,0,864,5,1957.0,572.0,0,0,0,0,0,0,0,4,WD ,115000
2839,20,60.0,16012,Edwards,4,1954,1968,Wd Sdng,Wd Sdng,60.0,691.0,0.0,263.0,954.0,1482,0,0,1482,6,1956.0,609.0,0,30,0,0,0,0,0,10,WD ,125000
2840,50,45.0,8248,Edwards,5,1918,1950,Stucco,Stucco,0.0,0.0,0.0,686.0,686.0,686,564,0,1250,7,1955.0,280.0,207,0,96,0,0,0,0,7,WD ,116000
2841,50,45.0,8248,Edwards,4,1922,1950,Wd Sdng,Wd Sdng,0.0,0.0,0.0,864.0,864.0,964,0,450,1414,8,,0.0,0,0,112,0,0,0,0,9,COD,83000
2842,75,60.0,6204,SWISU,4,1912,1950,Wd Sdng,Wd Sdng,0.0,0.0,0.0,795.0,795.0,954,795,481,2230,10,1997.0,440.0,0,188,0,0,0,0,0,3,WD ,118500
2843,30,60.0,8088,Edwards,2,1922,1955,MetalSd,MetalSd,0.0,0.0,0.0,498.0,498.0,498,0,0,498,3,1922.0,216.0,0,0,100,0,0,0,0,2,ConLD,35000
2844,50,76.0,11388,Edwards,4,1910,1993,VinylSd,Wd Sdng,0.0,0.0,0.0,616.0,616.0,1055,218,0,1273,5,1910.0,275.0,212,0,0,0,0,0,0,9,WD ,121000
2845,190,,7082,SWISU,5,1916,1995,VinylSd,VinylSd,0.0,0.0,0.0,686.0,686.0,948,980,0,1928,10,,0.0,0,0,228,0,0,0,0,7,WD ,160000
2846,50,60.0,8400,SWISU,6,1940,2000,Wd Sdng,MetalSd,0.0,388.0,0.0,552.0,940.0,1192,403,0,1595,6,1940.0,240.0,0,0,108,0,0,0,0,6,WD ,140000
2847,50,60.0,10890,SWISU,5,1938,1950,MetalSd,MetalSd,0.0,930.0,0.0,128.0,1058.0,1058,493,0,1551,6,1938.0,240.0,0,0,0,0,0,0,0,7,WD ,137000
2848,190,58.0,6430,SWISU,6,1945,1950,Wd Sdng,Wd Sdng,0.0,780.0,0.0,0.0,780.0,816,524,0,1340,6,1945.0,440.0,0,0,0,0,0,0,0,7,WD ,128000
2849,70,43.0,7000,SWISU,7,1926,1997,Wd Sdng,Stucco,0.0,424.0,0.0,200.0,624.0,743,736,0,1479,6,1926.0,312.0,530,0,56,0,0,0,0,5,WD ,160000
2850,70,96.0,13132,Crawfor,5,1914,1950,Wd Sdng,Wd Sdng,0.0,0.0,0.0,747.0,747.0,892,892,0,1784,9,1914.0,180.0,203,40,0,0,0,0,0,7,WD ,138887
2851,70,69.0,4899,SWISU,6,1920,1950,MetalSd,MetalSd,0.0,305.0,0.0,450.0,755.0,755,755,0,1510,6,1920.0,216.0,0,0,164,0,0,0,0,6,WD ,149000
2852,50,60.0,6000,SWISU,5,1926,1950,Wd Sdng,Wd Sdng,0.0,0.0,0.0,1008.0,1008.0,1008,0,514,1522,7,,0.0,0,0,138,0,0,0,0,6,WD ,102000
2853,70,54.0,9399,Crawfor,7,1919,1950,MetalSd,Stucco,0.0,0.0,0.0,818.0,818.0,818,818,0,1636,7,1919.0,288.0,0,0,212,0,0,0,0,9,WD ,167000
2854,70,54.0,7588,Crawfor,7,1920,1950,Stucco,Stucco,0.0,352.0,0.0,441.0,793.0,901,901,0,1802,9,1920.0,216.0,0,0,40,0,0,0,0,7,WD ,200100
2855,50,84.0,10164,SWISU,5,1939,1950,VinylSd,VinylSd,0.0,646.0,0.0,346.0,992.0,992,473,0,1465,6,1939.0,240.0,0,126,0,0,0,0,0,7,WD ,131000
2856,50,51.0,6191,SWISU,5,1941,1950,Wd Sdng,Wd Sdng,0.0,384.0,0.0,440.0,824.0,824,464,0,1288,6,1941.0,240.0,0,0,0,0,0,0,0,11,WD ,112000
2857,70,60.0,9550,Crawfor,7,1915,1970,Wd Sdng,Wd Shng,0.0,216.0,0.0,540.0,756.0,961,756,0,1717,7,1998.0,642.0,0,35,272,0,0,0,0,2,WD ,140000
2858,50,66.0,21780,Crawfor,6,1920,1950,Wd Sdng,Wd Shng,0.0,0.0,0.0,817.0,817.0,940,610,0,1550,7,1937.0,318.0,0,0,429,0,0,0,0,9,WD ,195000
2859,70,,11435,Crawfor,8,1929,1950,BrkFace,Stucco,0.0,0.0,0.0,792.0,792.0,792,725,0,1517,7,1931.0,400.0,0,0,0,0,0,0,0,6,WD ,230000
2860,50,80.0,12400,Crawfor,5,1940,1950,Wd Sdng,Wd Sdng,0.0,602.0,0.0,299.0,901.0,1125,592,0,1717,7,1940.0,410.0,0,0,0,0,113,0,0,2,WD ,194000
2861,30,80.0,11600,Crawfor,4,1922,1950,MetalSd,MetalSd,0.0,0.0,0.0,700.0,700.0,1180,0,0,1180,5,1922.0,252.0,0,0,67,0,0,0,0,7,WD ,137500
2862,50,86.0,11500,Crawfor,7,1936,1987,BrkFace,BrkFace,0.0,223.0,0.0,794.0,1017.0,1020,1037,0,2057,6,1936.0,180.0,0,0,0,0,322,0,0,6,WD ,250000
2863,50,81.0,8170,Crawfor,7,1929,1950,Stucco,Wd Sdng,270.0,526.0,0.0,496.0,1022.0,1122,549,0,1671,7,1963.0,451.0,0,0,0,0,0,0,0,2,WD ,218000
2864,70,80.0,16560,Crawfor,6,1932,1950,Wd Sdng,Wd Sdng,0.0,503.0,0.0,449.0,952.0,1170,1175,0,2345,9,1932.0,360.0,0,0,0,0,0,0,0,7,WD ,239000
2865,70,70.0,12320,Crawfor,7,1932,1990,Wd Sdng,Wd Sdng,0.0,0.0,0.0,637.0,637.0,959,650,0,1609,8,1963.0,579.0,0,0,0,0,104,0,0,5,WD ,199500
2866,70,70.0,14210,Crawfor,6,1930,1959,Wd Sdng,Wd Sdng,0.0,0.0,0.0,697.0,697.0,1104,697,0,1801,8,1930.0,365.0,0,90,0,0,0,0,0,11,WD ,210000
2867,20,90.0,14115,Crawfor,6,1956,2004,Stone,Stone,0.0,296.0,547.0,230.0,1073.0,1811,0,0,1811,6,1956.0,470.0,0,0,280,0,0,0,0,7,WD ,230000
2868,20,80.0,12984,Crawfor,5,1977,1977,Plywood,Plywood,459.0,1283.0,147.0,0.0,1430.0,1647,0,0,1647,7,1977.0,621.0,0,0,0,0,0,0,0,3,WD ,217500
2869,60,78.0,15600,Crawfor,5,1950,1963,Wd Sdng,Wd Sdng,405.0,760.0,0.0,408.0,1168.0,1278,1037,0,2315,9,1950.0,342.0,0,0,0,0,192,0,0,7,WD ,257000
2870,190,90.0,15750,Crawfor,5,1953,1953,MetalSd,MetalSd,56.0,841.0,0.0,324.0,1165.0,1336,0,0,1336,5,1953.0,375.0,0,0,0,0,0,0,0,6,WD ,157000
2871,20,,16381,Crawfor,6,1969,1969,Plywood,Plywood,312.0,1110.0,0.0,734.0,1844.0,1844,0,0,1844,7,1969.0,540.0,0,73,216,0,0,0,0,12,WD ,223000
2872,30,50.0,7288,IDOTRR,5,1942,1950,MetalSd,MetalSd,0.0,305.0,0.0,671.0,976.0,976,0,0,976,5,1942.0,215.0,160,0,0,0,0,0,0,8,WD ,102000
2873,50,50.0,7000,IDOTRR,6,1926,1950,MetalSd,MetalSd,0.0,374.0,0.0,487.0,861.0,861,424,0,1285,6,1950.0,506.0,96,0,132,0,0,0,0,5,WD ,145400
2874,30,61.0,8534,IDOTRR,4,1925,1950,Wd Sdng,Wd Sdng,0.0,0.0,0.0,432.0,432.0,672,0,0,672,4,,0.0,0,0,112,0,0,0,0,6,WD ,72000
2875,30,50.0,7030,IDOTRR,4,1925,1950,MetalSd,MetalSd,0.0,0.0,0.0,641.0,641.0,641,0,0,641,4,1925.0,272.0,184,0,70,0,0,0,0,3,WD ,85000
2876,30,50.0,8765,IDOTRR,4,1936,1950,Wd Sdng,Wd Sdng,0.0,285.0,0.0,666.0,951.0,951,0,0,951,6,1936.0,327.0,0,28,0,0,0,0,0,4,WD ,106500
2877,50,75.0,9060,IDOTRR,6,1957,1957,MetalSd,MetalSd,327.0,0.0,0.0,967.0,967.0,967,671,0,1638,6,1957.0,384.0,0,21,0,0,0,0,0,4,WD ,139000
2878,50,60.0,11040,IDOTRR,4,1920,1950,MetalSd,MetalSd,0.0,637.0,0.0,0.0,637.0,897,439,0,1336,7,1994.0,570.0,0,47,120,0,0,0,0,9,COD,108000
2879,30,69.0,12366,IDOTRR,3,1945,1950,Wd Sdng,Wd Sdng,0.0,0.0,0.0,0.0,0.0,729,0,0,729,5,,0.0,0,0,23,0,0,0,0,10,WD ,51689
2880,20,50.0,9000,IDOTRR,2,1949,1950,AsbShng,AsbShng,0.0,50.0,0.0,430.0,480.0,480,0,0,480,4,1958.0,308.0,0,0,0,0,0,0,0,10,WD ,35311
2881,190,50.0,9000,IDOTRR,5,1951,1951,WdShing,Wd Shng,0.0,0.0,0.0,660.0,660.0,1060,336,0,1396,8,,0.0,0,0,0,0,0,0,0,10,WD ,115000
2882,50,60.0,8520,IDOTRR,3,1916,1950,MetalSd,MetalSd,0.0,0.0,0.0,216.0,216.0,576,360,0,936,6,,0.0,0,0,0,0,0,0,0,4,WD ,78000
2883,120,41.0,5748,Crawfor,8,2005,2006,CemntBd,CmentBd,473.0,1573.0,0.0,0.0,1573.0,1778,0,0,1778,5,2005.0,495.0,123,53,0,0,153,0,0,2,New,375000
2884,120,44.0,3842,Crawfor,8,2004,2005,CemntBd,CmentBd,186.0,1564.0,0.0,30.0,1594.0,1646,0,0,1646,5,2004.0,525.0,128,53,0,0,155,0,0,12,WD ,300000
2885,20,69.0,23580,Mitchel,6,1979,1979,Plywood,Plywood,0.0,776.0,0.0,849.0,1625.0,1625,0,0,1625,6,1979.0,576.0,136,28,0,0,0,0,0,9,WD ,242500
2886,90,65.0,8385,Mitchel,6,1978,1978,Plywood,Plywood,0.0,0.0,0.0,1664.0,1664.0,1664,0,0,1664,10,1978.0,616.0,0,0,0,0,0,0,0,10,WD ,145000
2887,20,70.0,9116,Mitchel,8,2001,2001,VinylSd,VinylSd,0.0,0.0,0.0,1491.0,1491.0,1491,0,0,1491,7,2001.0,490.0,120,100,0,0,0,0,0,5,WD ,209000
2888,90,78.0,10530,Mitchel,6,1977,1977,Plywood,ImStucc,90.0,975.0,0.0,0.0,975.0,1004,0,0,1004,4,1977.0,504.0,0,0,0,0,0,0,0,5,WD ,135000
2889,80,140.0,11080,Mitchel,6,1975,1975,Plywood,Plywood,257.0,576.0,0.0,552.0,1128.0,1210,0,0,1210,6,1975.0,528.0,0,0,0,0,0,0,0,5,WD ,148000
2890,90,82.0,11070,Mitchel,7,1988,1989,VinylSd,VinylSd,70.0,0.0,0.0,1907.0,1907.0,1959,0,0,1959,9,1989.0,766.0,0,0,0,0,0,0,0,7,WD ,171000
2891,60,42.0,26178,Timber,7,1989,1990,MetalSd,MetalSd,293.0,965.0,0.0,245.0,1210.0,1238,1281,0,2519,9,1989.0,628.0,320,27,0,0,0,0,0,4,WD ,335000
2892,120,,8239,GrnHill,7,1986,1986,BrkFace,Wd Sdng,0.0,0.0,0.0,0.0,0.0,1295,0,0,1295,5,1986.0,312.0,0,0,0,0,0,0,0,11,WD ,230000
2893,20,,50102,Timber,6,1958,1958,Plywood,Plywood,0.0,909.0,0.0,723.0,1632.0,1650,0,0,1650,6,1958.0,518.0,0,0,0,0,138,0,0,3,WD ,250764
2894,20,,16669,Timber,8,1981,1981,Plywood,Plywood,653.0,0.0,0.0,1686.0,1686.0,1707,0,0,1707,6,1981.0,511.0,574,64,0,0,0,0,0,1,WD ,228000
2895,20,54.0,13811,Timber,6,1987,1987,HdBoard,HdBoard,72.0,980.0,40.0,92.0,1112.0,1137,0,0,1137,5,1987.0,551.0,125,0,0,0,0,0,0,7,WD ,176000
2896,20,50.0,8049,Timber,7,1990,1990,HdBoard,HdBoard,54.0,1053.0,0.0,256.0,1309.0,1339,0,0,1339,6,1990.0,484.0,0,58,0,0,90,0,0,7,WD ,180000
2897,60,,11170,Timber,7,1990,1991,MetalSd,MetalSd,0.0,1216.0,0.0,0.0,1216.0,1298,1216,0,2514,8,1990.0,693.0,0,0,0,0,0,0,0,4,WD ,250000
2898,20,,8098,Timber,6,2000,2000,VinylSd,VinylSd,0.0,1136.0,116.0,129.0,1381.0,1403,0,0,1403,5,2000.0,470.0,0,173,0,0,0,0,0,10,WD ,202000
2899,20,85.0,14331,Timber,8,2002,2002,VinylSd,VinylSd,630.0,1274.0,0.0,526.0,1800.0,1800,0,0,1800,7,2002.0,765.0,270,78,0,0,0,0,0,5,WD ,312500
2900,20,95.0,13618,Timber,8,2005,2006,VinylSd,VinylSd,198.0,1350.0,0.0,378.0,1728.0,1960,0,0,1960,8,2005.0,714.0,172,38,0,0,0,0,0,11,New,320000
2901,20,88.0,11443,Timber,8,2005,2006,VinylSd,VinylSd,208.0,1460.0,0.0,408.0,1868.0,2028,0,0,2028,7,2005.0,880.0,326,66,0,0,0,0,0,3,New,369900
2902,20,88.0,11577,Timber,9,2005,2006,VinylSd,VinylSd,382.0,1455.0,0.0,383.0,1838.0,1838,0,0,1838,9,2005.0,682.0,161,225,0,0,0,0,0,9,New,359900
2903,20,125.0,31250,Mitchel,1,1951,1951,CBlock,VinylSd,0.0,0.0,0.0,0.0,0.0,1600,0,0,1600,6,1951.0,270.0,0,0,135,0,0,0,0,5,WD ,81500
2904,90,78.0,7020,Mitchel,7,1997,1997,MetalSd,MetalSd,200.0,1243.0,0.0,45.0,1288.0,1368,0,0,1368,8,1997.0,784.0,0,48,0,0,0,0,0,11,WD ,215000
2905,120,32.0,4500,Mitchel,6,1998,1998,VinylSd,VinylSd,116.0,897.0,0.0,319.0,1216.0,1216,0,0,1216,5,1998.0,402.0,0,125,0,0,0,0,0,5,WD ,164000
2906,120,32.0,4500,Mitchel,6,1998,1998,VinylSd,VinylSd,443.0,1201.0,0.0,36.0,1237.0,1337,0,0,1337,5,1998.0,405.0,0,199,0,0,0,0,0,3,WD ,153500
2907,20,90.0,17217,Mitchel,5,2006,2006,VinylSd,VinylSd,0.0,0.0,0.0,1140.0,1140.0,1140,0,0,1140,6,,0.0,36,56,0,0,0,0,0,7,WD ,84500
2908,160,41.0,2665,MeadowV,5,1977,1977,CemntBd,CmentBd,0.0,0.0,0.0,264.0,264.0,616,688,0,1304,5,1977.0,336.0,141,0,0,0,0,0,0,5,WD ,104500
2909,160,41.0,2665,MeadowV,5,1977,1977,CemntBd,CmentBd,0.0,548.0,173.0,36.0,757.0,925,550,0,1475,6,1977.0,336.0,104,26,0,0,0,0,0,7,WD ,127000
2910,160,42.0,3964,MeadowV,6,1973,1973,CemntBd,CmentBd,0.0,837.0,0.0,105.0,942.0,1291,1230,0,2521,10,1973.0,576.0,728,20,0,0,0,0,0,6,WD ,151400
2911,20,58.0,10172,Mitchel,5,1968,2003,Plywood,Plywood,0.0,441.0,0.0,423.0,864.0,874,0,0,874,5,1968.0,288.0,0,120,0,0,0,0,0,10,WD ,126500
2912,90,,11836,Mitchel,5,1970,1970,Plywood,Plywood,0.0,149.0,0.0,1503.0,1652.0,1652,0,0,1652,8,1970.0,928.0,0,0,0,0,0,0,0,3,WD ,146500
2913,180,21.0,1470,MeadowV,4,1970,1970,CemntBd,CmentBd,0.0,522.0,0.0,108.0,630.0,630,0,0,630,3,,0.0,0,0,0,0,0,0,0,4,WD ,73000
2914,160,21.0,1484,MeadowV,4,1972,1972,CemntBd,CmentBd,0.0,252.0,0.0,294.0,546.0,546,546,0,1092,5,1972.0,253.0,0,0,0,0,0,0,0,5,WD ,79400
2915,20,80.0,13384,Mitchel,5,1969,1979,Plywood,Plywood,194.0,119.0,344.0,641.0,1104.0,1360,0,0,1360,8,1969.0,336.0,160,0,0,0,0,0,0,5,WD ,140000
2916,180,21.0,1533,MeadowV,5,1970,1970,CemntBd,CmentBd,0.0,553.0,0.0,77.0,630.0,630,0,0,630,3,,0.0,0,0,0,0,0,0,0,8,WD ,92000
2917,160,21.0,1533,MeadowV,4,1970,1970,CemntBd,CmentBd,0.0,408.0,0.0,138.0,546.0,546,546,0,1092,5,1970.0,286.0,0,0,0,0,0,0,0,12,WD ,87550
2918,160,21.0,1526,MeadowV,4,1970,1970,CemntBd,CmentBd,0.0,0.0,0.0,546.0,546.0,546,546,0,1092,5,,0.0,0,34,0,0,0,0,0,6,WD ,79500
2919,160,21.0,1936,MeadowV,4,1970,1970,CemntBd,CmentBd,0.0,0.0,0.0,546.0,546.0,546,546,0,1092,5,,0.0,0,0,0,0,0,0,0,6,WD ,90500
2920,160,21.0,1894,MeadowV,4,1970,1970,CemntBd,CmentBd,0.0,252.0,0.0,294.0,546.0,546,546,0,1092,6,1970.0,286.0,0,24,0,0,0,0,0,4,WD ,71000
2921,90,55.0,12640,Mitchel,6,1976,1976,Plywood,Plywood,0.0,936.0,396.0,396.0,1728.0,1728,0,0,1728,8,1976.0,574.0,40,0,0,0,0,0,0,7,WD ,150900
2922,90,63.0,9297,Mitchel,5,1976,1976,Plywood,Plywood,0.0,1606.0,0.0,122.0,1728.0,1728,0,0,1728,8,1976.0,560.0,0,0,0,0,0,0,0,7,WD ,188000
2923,20,80.0,17400,Mitchel,5,1977,1977,BrkFace,BrkFace,0.0,936.0,0.0,190.0,1126.0,1126,0,0,1126,5,1977.0,484.0,295,41,0,0,0,0,0,5,WD ,160000
2924,20,160.0,20000,Mitchel,5,1960,1996,VinylSd,VinylSd,0.0,1224.0,0.0,0.0,1224.0,1224,0,0,1224,7,1960.0,576.0,474,0,0,0,0,0,0,9,WD ,131000
2925,80,37.0,7937,Mitchel,6,1984,1984,HdBoard,HdBoard,0.0,819.0,0.0,184.0,1003.0,1003,0,0,1003,6,1984.0,588.0,120,0,0,0,0,0,0,3,WD ,142500
2926,20,,8885,Mitchel,5,1983,1983,HdBoard,HdBoard,0.0,301.0,324.0,239.0,864.0,902,0,0,902,5,1983.0,484.0,164,0,0,0,0,0,0,6,WD ,131000
2927,85,62.0,10441,Mitchel,5,1992,1992,HdBoard,Wd Shng,0.0,337.0,0.0,575.0,912.0,970,0,0,970,6,,0.0,80,32,0,0,0,0,700,7,WD ,132000
2928,20,77.0,10010,Mitchel,5,1974,1975,HdBoard,HdBoard,0.0,1071.0,123.0,195.0,1389.0,1389,0,0,1389,6,1975.0,418.0,240,38,0,0,0,0,0,4,WD ,170000
2929,60,74.0,9627,Mitchel,7,1993,1994,HdBoard,HdBoard,94.0,758.0,0.0,238.0,996.0,996,1004,0,2000,9,1993.0,650.0,190,48,0,0,0,0,0,11,WD ,188000
